evaluationCategory,generatorType,generatorSeed,mapRows,mapCols,density,wallCount,weightedCount,algorithm,heuristic,neighborMode,swarmWeight,expandedNodes,pathCost,truePathCost,pathLength,maxFrontier,foundPath,executionTimeMs,refOptimalCost
E1,random,42,25,50,15,165,0,bfs,manhattan,4,,719,27,27.0000,28,44,true,0.2215,27.0000
E1,random,42,25,50,15,165,0,dfs,manhattan,4,,515,407,407.0000,408,445,true,0.1883,27.0000
E1,random,42,25,50,15,165,0,dijkstra,manhattan,4,,711,27,27.0000,28,51,true,0.4876,27.0000
E1,random,42,25,50,15,165,0,a_star,manhattan,4,,49,27,27.0000,28,42,true,0.0204,27.0000
E1,random,42,25,50,15,165,0,greedy,manhattan,4,,27,27,27.0000,28,40,true,0.0125,27.0000
E1,random,42,25,50,15,165,0,swarm,manhattan,4,,27,27,27.0000,28,40,true,0.0130,27.0000
E1,random,42,25,50,15,165,0,convergent_swarm,manhattan,4,,27,27,27.0000,28,40,true,0.0115,27.0000
E1,random,42,25,50,15,165,0,zero_one_bfs,manhattan,4,,56,0,55.0000,56,79,true,0.0602,27.0000
E1,random,137,25,50,15,198,0,bfs,manhattan,4,,788,35,35.0000,36,47,true,0.2434,35.0000
E1,random,137,25,50,15,198,0,dfs,manhattan,4,,508,329,329.0000,330,356,true,0.1508,35.0000
E1,random,137,25,50,15,198,0,dijkstra,manhattan,4,,787,35,35.0000,36,50,true,0.2908,35.0000
E1,random,137,25,50,15,198,0,a_star,manhattan,4,,190,35,35.0000,36,51,true,0.0685,35.0000
E1,random,137,25,50,15,198,0,greedy,manhattan,4,,64,39,39.0000,40,50,true,0.0248,35.0000
E1,random,137,25,50,15,198,0,swarm,manhattan,4,,63,35,35.0000,36,45,true,0.0239,35.0000
E1,random,137,25,50,15,198,0,convergent_swarm,manhattan,4,,57,39,39.0000,40,45,true,0.0402,35.0000
E1,random,137,25,50,15,198,0,zero_one_bfs,manhattan,4,,724,0,211.0000,212,275,true,0.3737,35.0000
E1,random,256,25,50,15,170,0,bfs,manhattan,4,,736,29,29.0000,30,49,true,0.3260,29.0000
E1,random,256,25,50,15,170,0,dfs,manhattan,4,,558,483,483.0000,484,529,true,0.1971,29.0000
E1,random,256,25,50,15,170,0,dijkstra,manhattan,4,,718,29,29.0000,30,57,true,0.2746,29.0000
E1,random,256,25,50,15,170,0,a_star,manhattan,4,,75,29,29.0000,30,42,true,0.0290,29.0000
E1,random,256,25,50,15,170,0,greedy,manhattan,4,,31,29,29.0000,30,41,true,0.0140,29.0000
E1,random,256,25,50,15,170,0,swarm,manhattan,4,,31,29,29.0000,30,41,true,0.0138,29.0000
E1,random,256,25,50,15,170,0,convergent_swarm,manhattan,4,,31,29,29.0000,30,41,true,0.0149,29.0000
E1,random,256,25,50,15,170,0,zero_one_bfs,manhattan,4,,306,0,253.0000,254,269,true,0.1848,29.0000
E1,random,500,25,50,15,172,0,bfs,manhattan,4,,762,31,31.0000,32,47,true,0.2643,31.0000
E1,random,500,25,50,15,172,0,dfs,manhattan,4,,410,323,323.0000,324,359,true,0.1268,31.0000
E1,random,500,25,50,15,172,0,dijkstra,manhattan,4,,756,31,31.0000,32,53,true,0.2994,31.0000
E1,random,500,25,50,15,172,0,a_star,manhattan,4,,86,31,31.0000,32,52,true,0.0346,31.0000
E1,random,500,25,50,15,172,0,greedy,manhattan,4,,32,31,31.0000,32,42,true,0.0141,31.0000
E1,random,500,25,50,15,172,0,swarm,manhattan,4,,32,31,31.0000,32,42,true,0.0144,31.0000
E1,random,500,25,50,15,172,0,convergent_swarm,manhattan,4,,32,31,31.0000,32,42,true,0.0218,31.0000
E1,random,500,25,50,15,172,0,zero_one_bfs,manhattan,4,,765,0,225.0000,226,259,true,0.7304,31.0000
E1,random,789,25,50,15,179,0,bfs,manhattan,4,,762,31,31.0000,32,49,true,0.2397,31.0000
E1,random,789,25,50,15,179,0,dfs,manhattan,4,,398,333,333.0000,334,363,true,0.1247,31.0000
E1,random,789,25,50,15,179,0,dijkstra,manhattan,4,,755,31,31.0000,32,51,true,0.3952,31.0000
E1,random,789,25,50,15,179,0,a_star,manhattan,4,,124,31,31.0000,32,53,true,0.0459,31.0000
E1,random,789,25,50,15,179,0,greedy,manhattan,4,,47,35,35.0000,36,48,true,0.0278,31.0000
E1,random,789,25,50,15,179,0,swarm,manhattan,4,,61,31,31.0000,32,45,true,0.0242,31.0000
E1,random,789,25,50,15,179,0,convergent_swarm,manhattan,4,,51,35,35.0000,36,47,true,0.0208,31.0000
E1,random,789,25,50,15,179,0,zero_one_bfs,manhattan,4,,367,0,279.0000,280,278,true,0.2003,31.0000
E1,random,1049,25,50,15,156,0,bfs,manhattan,4,,770,29,29.0000,30,50,true,0.2522,29.0000
E1,random,1049,25,50,15,156,0,dfs,manhattan,4,,503,353,353.0000,354,387,true,0.1498,29.0000
E1,random,1049,25,50,15,156,0,dijkstra,manhattan,4,,769,29,29.0000,30,53,true,0.3486,29.0000
E1,random,1049,25,50,15,156,0,a_star,manhattan,4,,95,29,29.0000,30,48,true,0.0574,29.0000
E1,random,1049,25,50,15,156,0,greedy,manhattan,4,,30,29,29.0000,30,45,true,0.0213,29.0000
E1,random,1049,25,50,15,156,0,swarm,manhattan,4,,34,29,29.0000,30,44,true,0.0216,29.0000
E1,random,1049,25,50,15,156,0,convergent_swarm,manhattan,4,,30,29,29.0000,30,45,true,0.0190,29.0000
E1,random,1049,25,50,15,156,0,zero_one_bfs,manhattan,4,,57,0,53.0000,54,74,true,0.0551,29.0000
E1,random,1144,25,50,15,203,0,bfs,manhattan,4,,711,29,29.0000,30,48,true,0.3007,29.0000
E1,random,1144,25,50,15,203,0,dfs,manhattan,4,,488,413,413.0000,414,412,true,0.1618,29.0000
E1,random,1144,25,50,15,203,0,dijkstra,manhattan,4,,704,29,29.0000,30,48,true,0.2639,29.0000
E1,random,1144,25,50,15,203,0,a_star,manhattan,4,,84,29,29.0000,30,42,true,0.0309,29.0000
E1,random,1144,25,50,15,203,0,greedy,manhattan,4,,31,29,29.0000,30,40,true,0.0142,29.0000
E1,random,1144,25,50,15,203,0,swarm,manhattan,4,,31,29,29.0000,30,40,true,0.0138,29.0000
E1,random,1144,25,50,15,203,0,convergent_swarm,manhattan,4,,31,29,29.0000,30,40,true,0.0129,29.0000
E1,random,1144,25,50,15,203,0,zero_one_bfs,manhattan,4,,273,0,241.0000,242,255,true,0.1871,29.0000
E1,random,1263,25,50,15,195,0,bfs,manhattan,4,,709,27,27.0000,28,51,true,0.2345,27.0000
E1,random,1263,25,50,15,195,0,dfs,manhattan,4,,903,367,367.0000,368,622,true,0.3171,27.0000
E1,random,1263,25,50,15,195,0,dijkstra,manhattan,4,,702,27,27.0000,28,57,true,0.2907,27.0000
E1,random,1263,25,50,15,195,0,a_star,manhattan,4,,61,27,27.0000,28,53,true,0.0245,27.0000
E1,random,1263,25,50,15,195,0,greedy,manhattan,4,,34,31,31.0000,32,44,true,0.0148,27.0000
E1,random,1263,25,50,15,195,0,swarm,manhattan,4,,36,29,29.0000,30,47,true,0.0155,27.0000
E1,random,1263,25,50,15,195,0,convergent_swarm,manhattan,4,,34,31,31.0000,32,44,true,0.0154,27.0000
E1,random,1263,25,50,15,195,0,zero_one_bfs,manhattan,4,,1006,0,27.0000,28,336,true,0.8248,27.0000
E1,random,1507,25,50,15,175,0,bfs,manhattan,4,,707,27,27.0000,28,47,true,0.2651,27.0000
E1,random,1507,25,50,15,175,0,dfs,manhattan,4,,31,31,31.0000,32,48,true,0.0122,27.0000
E1,random,1507,25,50,15,175,0,dijkstra,manhattan,4,,706,27,27.0000,28,54,true,0.3162,27.0000
E1,random,1507,25,50,15,175,0,a_star,manhattan,4,,56,27,27.0000,28,55,true,0.0248,27.0000
E1,random,1507,25,50,15,175,0,greedy,manhattan,4,,30,29,29.0000,30,43,true,0.0149,27.0000
E1,random,1507,25,50,15,175,0,swarm,manhattan,4,,30,29,29.0000,30,43,true,0.0170,27.0000
E1,random,1507,25,50,15,175,0,convergent_swarm,manhattan,4,,30,29,29.0000,30,43,true,0.0151,27.0000
E1,random,1507,25,50,15,175,0,zero_one_bfs,manhattan,4,,1032,0,29.0000,30,362,true,0.7154,27.0000
E1,random,1796,25,50,15,195,0,bfs,manhattan,4,,737,35,35.0000,36,45,true,0.2640,35.0000
E1,random,1796,25,50,15,195,0,dfs,manhattan,4,,419,307,307.0000,308,330,true,0.1324,35.0000
E1,random,1796,25,50,15,195,0,dijkstra,manhattan,4,,748,35,35.0000,36,49,true,0.4984,35.0000
E1,random,1796,25,50,15,195,0,a_star,manhattan,4,,107,35,35.0000,36,64,true,0.0723,35.0000
E1,random,1796,25,50,15,195,0,greedy,manhattan,4,,45,35,35.0000,36,40,true,0.0295,35.0000
E1,random,1796,25,50,15,195,0,swarm,manhattan,4,,45,35,35.0000,36,40,true,0.0249,35.0000
E1,random,1796,25,50,15,195,0,convergent_swarm,manhattan,4,,45,35,35.0000,36,40,true,0.0286,35.0000
E1,random,1796,25,50,15,195,0,zero_one_bfs,manhattan,4,,193,0,175.0000,176,183,true,0.1795,35.0000
E1,random,2056,25,50,15,199,0,bfs,manhattan,4,,737,31,31.0000,32,48,true,0.2410,31.0000
E1,random,2056,25,50,15,199,0,dfs,manhattan,4,,500,333,333.0000,334,350,true,0.1538,31.0000
E1,random,2056,25,50,15,199,0,dijkstra,manhattan,4,,734,31,31.0000,32,56,true,0.3972,31.0000
E1,random,2056,25,50,15,199,0,a_star,manhattan,4,,109,31,31.0000,32,47,true,0.0446,31.0000
E1,random,2056,25,50,15,199,0,greedy,manhattan,4,,43,35,35.0000,36,41,true,0.0192,31.0000
E1,random,2056,25,50,15,199,0,swarm,manhattan,4,,47,33,33.0000,34,42,true,0.0192,31.0000
E1,random,2056,25,50,15,199,0,convergent_swarm,manhattan,4,,43,35,35.0000,36,41,true,0.0183,31.0000
E1,random,2056,25,50,15,199,0,zero_one_bfs,manhattan,4,,119,0,101.0000,102,100,true,0.0655,31.0000
E1,random,2151,25,50,15,194,0,bfs,manhattan,4,,701,27,27.0000,28,48,true,0.2256,27.0000
E1,random,2151,25,50,15,194,0,dfs,manhattan,4,,117,109,109.0000,110,134,true,0.0364,27.0000
E1,random,2151,25,50,15,194,0,dijkstra,manhattan,4,,687,27,27.0000,28,51,true,0.2597,27.0000
E1,random,2151,25,50,15,194,0,a_star,manhattan,4,,47,27,27.0000,28,44,true,0.0194,27.0000
E1,random,2151,25,50,15,194,0,greedy,manhattan,4,,27,27,27.0000,28,44,true,0.0127,27.0000
E1,random,2151,25,50,15,194,0,swarm,manhattan,4,,27,27,27.0000,28,44,true,0.0133,27.0000
E1,random,2151,25,50,15,194,0,convergent_swarm,manhattan,4,,27,27,27.0000,28,44,true,0.0112,27.0000
E1,random,2151,25,50,15,194,0,zero_one_bfs,manhattan,4,,395,0,173.0000,174,183,true,0.2009,27.0000
E1,random,2270,25,50,15,191,0,bfs,manhattan,4,,698,27,27.0000,28,48,true,0.2034,27.0000
E1,random,2270,25,50,15,191,0,dfs,manhattan,4,,998,149,149.0000,150,549,true,0.3583,27.0000
E1,random,2270,25,50,15,191,0,dijkstra,manhattan,4,,686,27,27.0000,28,50,true,0.2800,27.0000
E1,random,2270,25,50,15,191,0,a_star,manhattan,4,,53,27,27.0000,28,41,true,0.0224,27.0000
E1,random,2270,25,50,15,191,0,greedy,manhattan,4,,29,29,29.0000,30,41,true,0.0132,27.0000
E1,random,2270,25,50,15,191,0,swarm,manhattan,4,,31,27,27.0000,28,42,true,0.0140,27.0000
E1,random,2270,25,50,15,191,0,convergent_swarm,manhattan,4,,29,29,29.0000,30,41,true,0.0124,27.0000
E1,random,2270,25,50,15,191,0,zero_one_bfs,manhattan,4,,966,0,87.0000,88,292,true,0.5059,27.0000
E1,random,2514,25,50,15,166,0,bfs,manhattan,4,,753,29,29.0000,30,49,true,0.1975,29.0000
E1,random,2514,25,50,15,166,0,dfs,manhattan,4,,985,195,195.0000,196,702,true,0.3222,29.0000
E1,random,2514,25,50,15,166,0,dijkstra,manhattan,4,,755,29,29.0000,30,56,true,0.2790,29.0000
E1,random,2514,25,50,15,166,0,a_star,manhattan,4,,56,29,29.0000,30,49,true,0.0231,29.0000
E1,random,2514,25,50,15,166,0,greedy,manhattan,4,,31,29,29.0000,30,42,true,0.0134,29.0000
E1,random,2514,25,50,15,166,0,swarm,manhattan,4,,31,29,29.0000,30,42,true,0.0130,29.0000
E1,random,2514,25,50,15,166,0,convergent_swarm,manhattan,4,,31,29,29.0000,30,42,true,0.0141,29.0000
E1,random,2514,25,50,15,166,0,zero_one_bfs,manhattan,4,,325,0,255.0000,256,299,true,0.1691,29.0000
E1,random,2803,25,50,15,160,0,bfs,manhattan,4,,783,31,31.0000,32,44,true,0.2020,31.0000
E1,random,2803,25,50,15,160,0,dfs,manhattan,4,,579,371,371.0000,372,438,true,0.1838,31.0000
E1,random,2803,25,50,15,160,0,dijkstra,manhattan,4,,796,31,31.0000,32,47,true,0.3153,31.0000
E1,random,2803,25,50,15,160,0,a_star,manhattan,4,,93,31,31.0000,32,49,true,0.0392,31.0000
E1,random,2803,25,50,15,160,0,greedy,manhattan,4,,36,33,33.0000,34,47,true,0.0174,31.0000
E1,random,2803,25,50,15,160,0,swarm,manhattan,4,,41,31,31.0000,32,46,true,0.0189,31.0000
E1,random,2803,25,50,15,160,0,convergent_swarm,manhattan,4,,36,33,33.0000,34,47,true,0.0181,31.0000
E1,random,2803,25,50,15,160,0,zero_one_bfs,manhattan,4,,391,0,223.0000,224,261,true,0.1920,31.0000
E1,random,3063,25,50,15,188,0,bfs,manhattan,4,,729,29,29.0000,30,45,true,0.7605,29.0000
E1,random,3063,25,50,15,188,0,dfs,manhattan,4,,548,297,297.0000,298,333,true,0.1697,29.0000
E1,random,3063,25,50,15,188,0,dijkstra,manhattan,4,,738,29,29.0000,30,49,true,0.2909,29.0000
E1,random,3063,25,50,15,188,0,a_star,manhattan,4,,75,29,29.0000,30,51,true,0.0293,29.0000
E1,random,3063,25,50,15,188,0,greedy,manhattan,4,,30,29,29.0000,30,41,true,0.0134,29.0000
E1,random,3063,25,50,15,188,0,swarm,manhattan,4,,30,29,29.0000,30,41,true,0.0146,29.0000
E1,random,3063,25,50,15,188,0,convergent_swarm,manhattan,4,,30,29,29.0000,30,41,true,0.0126,29.0000
E1,random,3063,25,50,15,188,0,zero_one_bfs,manhattan,4,,941,0,113.0000,114,311,true,0.3785,29.0000
E1,random,3158,25,50,15,185,0,bfs,manhattan,4,,771,31,31.0000,32,51,true,0.1944,31.0000
E1,random,3158,25,50,15,185,0,dfs,manhattan,4,,182,157,157.0000,158,165,true,0.0583,31.0000
E1,random,3158,25,50,15,185,0,dijkstra,manhattan,4,,767,31,31.0000,32,57,true,0.2955,31.0000
E1,random,3158,25,50,15,185,0,a_star,manhattan,4,,102,31,31.0000,32,45,true,0.0395,31.0000
E1,random,3158,25,50,15,185,0,greedy,manhattan,4,,35,31,31.0000,32,40,true,0.0160,31.0000
E1,random,3158,25,50,15,185,0,swarm,manhattan,4,,39,31,31.0000,32,37,true,0.0173,31.0000
E1,random,3158,25,50,15,185,0,convergent_swarm,manhattan,4,,35,31,31.0000,32,40,true,0.0155,31.0000
E1,random,3158,25,50,15,185,0,zero_one_bfs,manhattan,4,,181,0,163.0000,164,171,true,0.1466,31.0000
E1,random,3277,25,50,15,185,0,bfs,manhattan,4,,676,25,25.0000,26,46,true,0.1666,25.0000
E1,random,3277,25,50,15,185,0,dfs,manhattan,4,,25,25,25.0000,26,44,true,0.0085,25.0000
E1,random,3277,25,50,15,185,0,dijkstra,manhattan,4,,657,25,25.0000,26,52,true,0.2379,25.0000
E1,random,3277,25,50,15,185,0,a_star,manhattan,4,,25,25,25.0000,26,44,true,0.0127,25.0000
E1,random,3277,25,50,15,185,0,greedy,manhattan,4,,25,25,25.0000,26,44,true,0.0120,25.0000
E1,random,3277,25,50,15,185,0,swarm,manhattan,4,,25,25,25.0000,26,44,true,0.0119,25.0000
E1,random,3277,25,50,15,185,0,convergent_swarm,manhattan,4,,25,25,25.0000,26,44,true,0.0112,25.0000
E1,random,3277,25,50,15,185,0,zero_one_bfs,manhattan,4,,25,0,25.0000,26,44,true,0.0133,25.0000
E1,random,3521,25,50,15,193,0,bfs,manhattan,4,,710,29,29.0000,30,42,true,0.2485,29.0000
E1,random,3521,25,50,15,193,0,dfs,manhattan,4,,393,297,297.0000,298,343,true,0.2137,29.0000
E1,random,3521,25,50,15,193,0,dijkstra,manhattan,4,,707,29,29.0000,30,48,true,0.3710,29.0000
E1,random,3521,25,50,15,193,0,a_star,manhattan,4,,69,29,29.0000,30,47,true,0.0351,29.0000
E1,random,3521,25,50,15,193,0,greedy,manhattan,4,,35,33,33.0000,34,40,true,0.0167,29.0000
E1,random,3521,25,50,15,193,0,swarm,manhattan,4,,41,33,33.0000,34,41,true,0.0220,29.0000
E1,random,3521,25,50,15,193,0,convergent_swarm,manhattan,4,,35,33,33.0000,34,40,true,0.0200,29.0000
E1,random,3521,25,50,15,193,0,zero_one_bfs,manhattan,4,,361,0,221.0000,222,237,true,0.1813,29.0000
E1,random,3810,25,50,15,189,0,bfs,manhattan,4,,691,27,27.0000,28,47,true,0.1854,27.0000
E1,random,3810,25,50,15,189,0,dfs,manhattan,4,,896,369,369.0000,370,524,true,0.3419,27.0000
E1,random,3810,25,50,15,189,0,dijkstra,manhattan,4,,680,27,27.0000,28,56,true,0.2591,27.0000
E1,random,3810,25,50,15,189,0,a_star,manhattan,4,,34,27,27.0000,28,46,true,0.0149,27.0000
E1,random,3810,25,50,15,189,0,greedy,manhattan,4,,27,27,27.0000,28,44,true,0.0128,27.0000
E1,random,3810,25,50,15,189,0,swarm,manhattan,4,,27,27,27.0000,28,44,true,0.0127,27.0000
E1,random,3810,25,50,15,189,0,convergent_swarm,manhattan,4,,27,27,27.0000,28,44,true,0.0126,27.0000
E1,random,3810,25,50,15,189,0,zero_one_bfs,manhattan,4,,749,0,207.0000,208,319,true,0.3006,27.0000
E1,random,4070,25,50,15,198,0,bfs,manhattan,4,,711,27,27.0000,28,45,true,0.1986,27.0000
E1,random,4070,25,50,15,198,0,dfs,manhattan,4,,500,307,307.0000,308,308,true,0.1861,27.0000
E1,random,4070,25,50,15,198,0,dijkstra,manhattan,4,,699,27,27.0000,28,54,true,0.2917,27.0000
E1,random,4070,25,50,15,198,0,a_star,manhattan,4,,44,27,27.0000,28,44,true,0.0220,27.0000
E1,random,4070,25,50,15,198,0,greedy,manhattan,4,,27,27,27.0000,28,42,true,0.0154,27.0000
E1,random,4070,25,50,15,198,0,swarm,manhattan,4,,27,27,27.0000,28,42,true,0.0130,27.0000
E1,random,4070,25,50,15,198,0,convergent_swarm,manhattan,4,,27,27,27.0000,28,42,true,0.0141,27.0000
E1,random,4070,25,50,15,198,0,zero_one_bfs,manhattan,4,,1010,0,27.0000,28,353,true,0.4056,27.0000
E1,random,4165,25,50,15,178,0,bfs,manhattan,4,,748,29,29.0000,30,42,true,0.1853,29.0000
E1,random,4165,25,50,15,178,0,dfs,manhattan,4,,978,393,393.0000,394,635,true,0.3048,29.0000
E1,random,4165,25,50,15,178,0,dijkstra,manhattan,4,,750,29,29.0000,30,47,true,0.3078,29.0000
E1,random,4165,25,50,15,178,0,a_star,manhattan,4,,105,29,29.0000,30,51,true,0.0455,29.0000
E1,random,4165,25,50,15,178,0,greedy,manhattan,4,,39,33,33.0000,34,41,true,0.0177,29.0000
E1,random,4165,25,50,15,178,0,swarm,manhattan,4,,39,31,31.0000,32,41,true,0.0170,29.0000
E1,random,4165,25,50,15,178,0,convergent_swarm,manhattan,4,,40,33,33.0000,34,41,true,0.0154,29.0000
E1,random,4165,25,50,15,178,0,zero_one_bfs,manhattan,4,,710,0,235.0000,236,409,true,0.2933,29.0000
E1,random,4284,25,50,15,196,0,bfs,manhattan,4,,763,31,31.0000,32,47,true,0.2131,31.0000
E1,random,4284,25,50,15,196,0,dfs,manhattan,4,,490,347,347.0000,348,365,true,0.1489,31.0000
E1,random,4284,25,50,15,196,0,dijkstra,manhattan,4,,766,31,31.0000,32,53,true,0.4990,31.0000
E1,random,4284,25,50,15,196,0,a_star,manhattan,4,,129,31,31.0000,32,61,true,0.0772,31.0000
E1,random,4284,25,50,15,196,0,greedy,manhattan,4,,36,33,33.0000,34,44,true,0.0191,31.0000
E1,random,4284,25,50,15,196,0,swarm,manhattan,4,,36,33,33.0000,34,44,true,0.0159,31.0000
E1,random,4284,25,50,15,196,0,convergent_swarm,manhattan,4,,36,33,33.0000,34,44,true,0.0148,31.0000
E1,random,4284,25,50,15,196,0,zero_one_bfs,manhattan,4,,792,0,201.0000,202,357,true,0.3517,31.0000
E1,random,4528,25,50,15,191,0,bfs,manhattan,4,,737,29,29.0000,30,47,true,0.1948,29.0000
E1,random,4528,25,50,15,191,0,dfs,manhattan,4,,480,383,383.0000,384,388,true,0.1478,29.0000
E1,random,4528,25,50,15,191,0,dijkstra,manhattan,4,,737,29,29.0000,30,49,true,0.3194,29.0000
E1,random,4528,25,50,15,191,0,a_star,manhattan,4,,83,29,29.0000,30,46,true,0.0325,29.0000
E1,random,4528,25,50,15,191,0,greedy,manhattan,4,,35,31,31.0000,32,42,true,0.0164,29.0000
E1,random,4528,25,50,15,191,0,swarm,manhattan,4,,36,29,29.0000,30,43,true,0.0178,29.0000
E1,random,4528,25,50,15,191,0,convergent_swarm,manhattan,4,,35,31,31.0000,32,42,true,0.0138,29.0000
E1,random,4528,25,50,15,191,0,zero_one_bfs,manhattan,4,,139,0,133.0000,134,129,true,0.0654,29.0000
E1,random,4817,25,50,15,197,0,bfs,manhattan,4,,755,31,31.0000,32,47,true,0.2321,31.0000
E1,random,4817,25,50,15,197,0,dfs,manhattan,4,,163,109,109.0000,110,133,true,0.0511,31.0000
E1,random,4817,25,50,15,197,0,dijkstra,manhattan,4,,758,31,31.0000,32,49,true,0.2760,31.0000
E1,random,4817,25,50,15,197,0,a_star,manhattan,4,,122,31,31.0000,32,53,true,0.0464,31.0000
E1,random,4817,25,50,15,197,0,greedy,manhattan,4,,34,33,33.0000,34,45,true,0.0151,31.0000
E1,random,4817,25,50,15,197,0,swarm,manhattan,4,,35,31,31.0000,32,46,true,0.0149,31.0000
E1,random,4817,25,50,15,197,0,convergent_swarm,manhattan,4,,34,33,33.0000,34,45,true,0.0150,31.0000
E1,random,4817,25,50,15,197,0,zero_one_bfs,manhattan,4,,227,0,167.0000,168,181,true,0.0930,31.0000
E1,random,5077,25,50,15,177,0,bfs,manhattan,4,,727,29,29.0000,30,45,true,0.1762,29.0000
E1,random,5077,25,50,15,177,0,dfs,manhattan,4,,590,423,423.0000,424,451,true,0.1747,29.0000
E1,random,5077,25,50,15,177,0,dijkstra,manhattan,4,,729,29,29.0000,30,49,true,0.2677,29.0000
E1,random,5077,25,50,15,177,0,a_star,manhattan,4,,63,29,29.0000,30,45,true,0.0250,29.0000
E1,random,5077,25,50,15,177,0,greedy,manhattan,4,,32,29,29.0000,30,41,true,0.0139,29.0000
E1,random,5077,25,50,15,177,0,swarm,manhattan,4,,32,29,29.0000,30,41,true,0.0144,29.0000
E1,random,5077,25,50,15,177,0,convergent_swarm,manhattan,4,,32,29,29.0000,30,41,true,0.0126,29.0000
E1,random,5077,25,50,15,177,0,zero_one_bfs,manhattan,4,,481,0,159.0000,160,191,true,0.1966,29.0000
E1,random,5172,25,50,15,182,0,bfs,manhattan,4,,756,31,31.0000,32,45,true,0.1903,31.0000
E1,random,5172,25,50,15,182,0,dfs,manhattan,4,,202,193,193.0000,194,225,true,0.0611,31.0000
E1,random,5172,25,50,15,182,0,dijkstra,manhattan,4,,756,31,31.0000,32,51,true,0.2690,31.0000
E1,random,5172,25,50,15,182,0,a_star,manhattan,4,,128,31,31.0000,32,62,true,0.0483,31.0000
E1,random,5172,25,50,15,182,0,greedy,manhattan,4,,33,31,31.0000,32,41,true,0.0147,31.0000
E1,random,5172,25,50,15,182,0,swarm,manhattan,4,,33,31,31.0000,32,41,true,0.0140,31.0000
E1,random,5172,25,50,15,182,0,convergent_swarm,manhattan,4,,33,31,31.0000,32,41,true,0.0149,31.0000
E1,random,5172,25,50,15,182,0,zero_one_bfs,manhattan,4,,273,0,235.0000,236,279,true,0.1289,31.0000
E1,random,5291,25,50,15,181,0,bfs,manhattan,4,,765,31,31.0000,32,45,true,0.1873,31.0000
E1,random,5291,25,50,15,181,0,dfs,manhattan,4,,33,33,33.0000,34,47,true,0.0106,31.0000
E1,random,5291,25,50,15,181,0,dijkstra,manhattan,4,,760,31,31.0000,32,56,true,0.2732,31.0000
E1,random,5291,25,50,15,181,0,a_star,manhattan,4,,140,31,31.0000,32,53,true,0.0540,31.0000
E1,random,5291,25,50,15,181,0,greedy,manhattan,4,,34,31,31.0000,32,41,true,0.0148,31.0000
E1,random,5291,25,50,15,181,0,swarm,manhattan,4,,36,31,31.0000,32,41,true,0.0155,31.0000
E1,random,5291,25,50,15,181,0,convergent_swarm,manhattan,4,,35,31,31.0000,32,41,true,0.0146,31.0000
E1,random,5291,25,50,15,181,0,zero_one_bfs,manhattan,4,,31,0,31.0000,32,44,true,0.0150,31.0000
E1,random,5535,25,50,15,177,0,bfs,manhattan,4,,769,31,31.0000,32,41,true,0.2015,31.0000
E1,random,5535,25,50,15,177,0,dfs,manhattan,4,,219,167,167.0000,168,195,true,0.0678,31.0000
E1,random,5535,25,50,15,177,0,dijkstra,manhattan,4,,771,31,31.0000,32,47,true,0.2940,31.0000
E1,random,5535,25,50,15,177,0,a_star,manhattan,4,,109,31,31.0000,32,62,true,0.0451,31.0000
E1,random,5535,25,50,15,177,0,greedy,manhattan,4,,33,31,31.0000,32,43,true,0.0164,31.0000
E1,random,5535,25,50,15,177,0,swarm,manhattan,4,,36,31,31.0000,32,42,true,0.0253,31.0000
E1,random,5535,25,50,15,177,0,convergent_swarm,manhattan,4,,33,31,31.0000,32,43,true,0.0215,31.0000
E1,random,5535,25,50,15,177,0,zero_one_bfs,manhattan,4,,351,0,237.0000,238,284,true,0.6249,31.0000
E1,random,5824,25,50,15,165,0,bfs,manhattan,4,,787,31,31.0000,32,47,true,0.1974,31.0000
E1,random,5824,25,50,15,165,0,dfs,manhattan,4,,1074,101,101.0000,102,498,true,0.4063,31.0000
E1,random,5824,25,50,15,165,0,dijkstra,manhattan,4,,797,31,31.0000,32,52,true,0.2937,31.0000
E1,random,5824,25,50,15,165,0,a_star,manhattan,4,,100,31,31.0000,32,67,true,0.0390,31.0000
E1,random,5824,25,50,15,165,0,greedy,manhattan,4,,37,33,33.0000,34,42,true,0.0166,31.0000
E1,random,5824,25,50,15,165,0,swarm,manhattan,4,,40,33,33.0000,34,44,true,0.0164,31.0000
E1,random,5824,25,50,15,165,0,convergent_swarm,manhattan,4,,37,33,33.0000,34,42,true,0.0152,31.0000
E1,random,5824,25,50,15,165,0,zero_one_bfs,manhattan,4,,61,0,61.0000,62,75,true,0.0299,31.0000
E1,random,42,25,50,30,359,0,bfs,manhattan,4,,589,37,37.0000,38,43,true,0.2689,37.0000
E1,random,42,25,50,30,359,0,dfs,manhattan,4,,326,137,137.0000,138,145,true,0.1247,37.0000
E1,random,42,25,50,30,359,0,dijkstra,manhattan,4,,591,37,37.0000,38,44,true,0.3036,37.0000
E1,random,42,25,50,30,359,0,a_star,manhattan,4,,200,37,37.0000,38,44,true,0.0696,37.0000
E1,random,42,25,50,30,359,0,greedy,manhattan,4,,76,39,39.0000,40,37,true,0.0270,37.0000
E1,random,42,25,50,30,359,0,swarm,manhattan,4,,106,37,37.0000,38,34,true,0.0407,37.0000
E1,random,42,25,50,30,359,0,convergent_swarm,manhattan,4,,83,39,39.0000,40,37,true,0.0282,37.0000
E1,random,42,25,50,30,359,0,zero_one_bfs,manhattan,4,,229,0,123.0000,124,101,true,0.0898,37.0000
E1,random,137,25,50,30,383,0,bfs,manhattan,4,,732,91,91.0000,92,25,true,0.1781,91.0000
E1,random,137,25,50,30,383,0,dfs,manhattan,4,,343,277,277.0000,278,209,true,0.1032,91.0000
E1,random,137,25,50,30,383,0,dijkstra,manhattan,4,,728,91,91.0000,92,24,true,0.2253,91.0000
E1,random,137,25,50,30,383,0,a_star,manhattan,4,,618,91,91.0000,92,30,true,0.2156,91.0000
E1,random,137,25,50,30,383,0,greedy,manhattan,4,,217,97,97.0000,98,55,true,0.1004,91.0000
E1,random,137,25,50,30,383,0,swarm,manhattan,4,,538,91,91.0000,92,39,true,0.2091,91.0000
E1,random,137,25,50,30,383,0,convergent_swarm,manhattan,4,,295,91,91.0000,92,47,true,0.1056,91.0000
E1,random,137,25,50,30,383,0,zero_one_bfs,manhattan,4,,324,0,181.0000,182,122,true,0.1151,91.0000
E1,random,256,25,50,30,343,0,bfs,manhattan,4,,617,33,33.0000,34,40,true,0.1501,33.0000
E1,random,256,25,50,30,343,0,dfs,manhattan,4,,855,75,75.0000,76,213,true,0.3541,33.0000
E1,random,256,25,50,30,343,0,dijkstra,manhattan,4,,620,33,33.0000,34,47,true,0.3443,33.0000
E1,random,256,25,50,30,343,0,a_star,manhattan,4,,109,33,33.0000,34,37,true,0.0437,33.0000
E1,random,256,25,50,30,343,0,greedy,manhattan,4,,47,35,35.0000,36,35,true,0.0201,33.0000
E1,random,256,25,50,30,343,0,swarm,manhattan,4,,54,33,33.0000,34,31,true,0.0220,33.0000
E1,random,256,25,50,30,343,0,convergent_swarm,manhattan,4,,47,35,35.0000,36,35,true,0.0189,33.0000
E1,random,256,25,50,30,343,0,zero_one_bfs,manhattan,4,,855,0,35.0000,36,156,true,0.3160,33.0000
E1,random,500,25,50,30,349,0,bfs,manhattan,4,,599,31,31.0000,32,37,true,0.1480,31.0000
E1,random,500,25,50,30,349,0,dfs,manhattan,4,,492,217,217.0000,218,176,true,0.1454,31.0000
E1,random,500,25,50,30,349,0,dijkstra,manhattan,4,,587,31,31.0000,32,39,true,0.3098,31.0000
E1,random,500,25,50,30,349,0,a_star,manhattan,4,,77,31,31.0000,32,31,true,0.0310,31.0000
E1,random,500,25,50,30,349,0,greedy,manhattan,4,,36,33,33.0000,34,34,true,0.0154,31.0000
E1,random,500,25,50,30,349,0,swarm,manhattan,4,,39,31,31.0000,32,34,true,0.0154,31.0000
E1,random,500,25,50,30,349,0,convergent_swarm,manhattan,4,,36,33,33.0000,34,34,true,0.0156,31.0000
E1,random,500,25,50,30,349,0,zero_one_bfs,manhattan,4,,534,0,151.0000,152,157,true,0.2112,31.0000
E1,random,789,25,50,30,349,0,bfs,manhattan,4,,578,31,31.0000,32,37,true,0.1382,31.0000
E1,random,789,25,50,30,349,0,dfs,manhattan,4,,54,49,49.0000,50,50,true,0.0171,31.0000
E1,random,789,25,50,30,349,0,dijkstra,manhattan,4,,578,31,31.0000,32,38,true,0.2005,31.0000
E1,random,789,25,50,30,349,0,a_star,manhattan,4,,121,31,31.0000,32,40,true,0.0441,31.0000
E1,random,789,25,50,30,349,0,greedy,manhattan,4,,47,41,41.0000,42,38,true,0.0182,31.0000
E1,random,789,25,50,30,349,0,swarm,manhattan,4,,67,37,37.0000,38,37,true,0.0254,31.0000
E1,random,789,25,50,30,349,0,convergent_swarm,manhattan,4,,57,41,41.0000,42,36,true,0.0200,31.0000
E1,random,789,25,50,30,349,0,zero_one_bfs,manhattan,4,,163,0,125.0000,126,102,true,0.0655,31.0000
E1,random,1049,25,50,30,353,0,bfs,manhattan,4,,629,31,31.0000,32,31,true,0.1543,31.0000
E1,random,1049,25,50,30,353,0,dfs,manhattan,4,,159,115,115.0000,116,109,true,0.0455,31.0000
E1,random,1049,25,50,30,353,0,dijkstra,manhattan,4,,617,31,31.0000,32,36,true,0.2034,31.0000
E1,random,1049,25,50,30,353,0,a_star,manhattan,4,,114,31,31.0000,32,34,true,0.0415,31.0000
E1,random,1049,25,50,30,353,0,greedy,manhattan,4,,33,33,33.0000,34,37,true,0.0145,31.0000
E1,random,1049,25,50,30,353,0,swarm,manhattan,4,,48,31,31.0000,32,42,true,0.0192,31.0000
E1,random,1049,25,50,30,353,0,convergent_swarm,manhattan,4,,33,33,33.0000,34,37,true,0.0134,31.0000
E1,random,1049,25,50,30,353,0,zero_one_bfs,manhattan,4,,516,0,173.0000,174,172,true,0.1964,31.0000
E1,random,1144,25,50,30,380,0,bfs,manhattan,4,,439,33,33.0000,34,28,true,0.1054,33.0000
E1,random,1144,25,50,30,380,0,dfs,manhattan,4,,169,115,115.0000,116,111,true,0.0465,33.0000
E1,random,1144,25,50,30,380,0,dijkstra,manhattan,4,,434,33,33.0000,34,30,true,0.1412,33.0000
E1,random,1144,25,50,30,380,0,a_star,manhattan,4,,90,33,33.0000,34,31,true,0.0309,33.0000
E1,random,1144,25,50,30,380,0,greedy,manhattan,4,,46,35,35.0000,36,26,true,0.0176,33.0000
E1,random,1144,25,50,30,380,0,swarm,manhattan,4,,48,33,33.0000,34,25,true,0.0174,33.0000
E1,random,1144,25,50,30,380,0,convergent_swarm,manhattan,4,,46,35,35.0000,36,26,true,0.0162,33.0000
E1,random,1144,25,50,30,380,0,zero_one_bfs,manhattan,4,,94,0,75.0000,76,66,true,0.0411,33.0000
E1,random,1263,25,50,30,382,0,bfs,manhattan,4,,681,45,45.0000,46,32,true,0.1698,45.0000
E1,random,1263,25,50,30,382,0,dfs,manhattan,4,,352,207,207.0000,208,164,true,0.1092,45.0000
E1,random,1263,25,50,30,382,0,dijkstra,manhattan,4,,679,45,45.0000,46,35,true,0.2727,45.0000
E1,random,1263,25,50,30,382,0,a_star,manhattan,4,,389,45,45.0000,46,62,true,0.1364,45.0000
E1,random,1263,25,50,30,382,0,greedy,manhattan,4,,108,57,57.0000,58,42,true,0.0376,45.0000
E1,random,1263,25,50,30,382,0,swarm,manhattan,4,,141,45,45.0000,46,35,true,0.0501,45.0000
E1,random,1263,25,50,30,382,0,convergent_swarm,manhattan,4,,103,45,45.0000,46,38,true,0.0353,45.0000
E1,random,1263,25,50,30,382,0,zero_one_bfs,manhattan,4,,479,0,175.0000,176,161,true,0.2086,45.0000
E1,random,1507,25,50,30,376,0,bfs,manhattan,4,,540,31,31.0000,32,32,true,0.1298,31.0000
E1,random,1507,25,50,30,376,0,dfs,manhattan,4,,31,31,31.0000,32,38,true,0.0090,31.0000
E1,random,1507,25,50,30,376,0,dijkstra,manhattan,4,,542,31,31.0000,32,34,true,0.2114,31.0000
E1,random,1507,25,50,30,376,0,a_star,manhattan,4,,88,31,31.0000,32,35,true,0.0307,31.0000
E1,random,1507,25,50,30,376,0,greedy,manhattan,4,,33,31,31.0000,32,34,true,0.0141,31.0000
E1,random,1507,25,50,30,376,0,swarm,manhattan,4,,36,31,31.0000,32,32,true,0.0376,31.0000
E1,random,1507,25,50,30,376,0,convergent_swarm,manhattan,4,,33,31,31.0000,32,34,true,0.0180,31.0000
E1,random,1507,25,50,30,376,0,zero_one_bfs,manhattan,4,,31,0,31.0000,32,33,true,0.0148,31.0000
E1,random,1796,25,50,30,377,0,bfs,manhattan,4,,595,41,41.0000,42,31,true,0.1544,41.0000
E1,random,1796,25,50,30,377,0,dfs,manhattan,4,,240,169,169.0000,170,125,true,0.0715,41.0000
E1,random,1796,25,50,30,377,0,dijkstra,manhattan,4,,580,41,41.0000,42,34,true,0.2036,41.0000
E1,random,1796,25,50,30,377,0,a_star,manhattan,4,,95,41,41.0000,42,30,true,0.0314,41.0000
E1,random,1796,25,50,30,377,0,greedy,manhattan,4,,66,43,43.0000,44,31,true,0.0227,41.0000
E1,random,1796,25,50,30,377,0,swarm,manhattan,4,,63,41,41.0000,42,29,true,0.0199,41.0000
E1,random,1796,25,50,30,377,0,convergent_swarm,manhattan,4,,66,43,43.0000,44,31,true,0.0205,41.0000
E1,random,1796,25,50,30,377,0,zero_one_bfs,manhattan,4,,234,0,149.0000,150,104,true,0.1054,41.0000
E1,random,2056,25,50,30,363,0,bfs,manhattan,4,,873,,,,36,false,0.5321,
E1,random,2056,25,50,30,363,0,dfs,manhattan,4,,873,,,,280,false,0.6923,
E1,random,2056,25,50,30,363,0,dijkstra,manhattan,4,,873,,,,39,false,0.6883,
E1,random,2056,25,50,30,363,0,a_star,manhattan,4,,873,,,,60,false,0.3802,
E1,random,2056,25,50,30,363,0,greedy,manhattan,4,,873,,,,57,false,0.3997,
E1,random,2056,25,50,30,363,0,swarm,manhattan,4,,873,,,,44,false,0.4087,
E1,random,2056,25,50,30,363,0,convergent_swarm,manhattan,4,,873,,,,45,false,0.4689,
E1,random,2056,25,50,30,363,0,zero_one_bfs,manhattan,4,,873,,,,186,false,0.7864,
E1,random,2151,25,50,30,388,0,bfs,manhattan,4,,540,61,61.0000,62,21,true,0.1909,61.0000
E1,random,2151,25,50,30,388,0,dfs,manhattan,4,,225,125,125.0000,126,96,true,0.0952,61.0000
E1,random,2151,25,50,30,388,0,dijkstra,manhattan,4,,542,61,61.0000,62,22,true,0.2658,61.0000
E1,random,2151,25,50,30,388,0,a_star,manhattan,4,,285,61,61.0000,62,37,true,0.1248,61.0000
E1,random,2151,25,50,30,388,0,greedy,manhattan,4,,220,69,69.0000,70,53,true,0.1161,61.0000
E1,random,2151,25,50,30,388,0,swarm,manhattan,4,,200,63,63.0000,64,48,true,0.0807,61.0000
E1,random,2151,25,50,30,388,0,convergent_swarm,manhattan,4,,208,69,69.0000,70,50,true,0.0883,61.0000
E1,random,2151,25,50,30,388,0,zero_one_bfs,manhattan,4,,199,0,109.0000,110,78,true,0.0948,61.0000
E1,random,2270,25,50,30,370,0,bfs,manhattan,4,,558,31,31.0000,32,33,true,0.1919,31.0000
E1,random,2270,25,50,30,370,0,dfs,manhattan,4,,175,107,107.0000,108,84,true,0.5105,31.0000
E1,random,2270,25,50,30,370,0,dijkstra,manhattan,4,,553,31,31.0000,32,36,true,0.2679,31.0000
E1,random,2270,25,50,30,370,0,a_star,manhattan,4,,95,31,31.0000,32,33,true,0.0405,31.0000
E1,random,2270,25,50,30,370,0,greedy,manhattan,4,,37,35,35.0000,36,33,true,0.0184,31.0000
E1,random,2270,25,50,30,370,0,swarm,manhattan,4,,40,33,33.0000,34,32,true,0.0327,31.0000
E1,random,2270,25,50,30,370,0,convergent_swarm,manhattan,4,,38,35,35.0000,36,33,true,0.0177,31.0000
E1,random,2270,25,50,30,370,0,zero_one_bfs,manhattan,4,,118,0,73.0000,74,51,true,0.0506,31.0000
E1,random,2514,25,50,30,358,0,bfs,manhattan,4,,581,31,31.0000,32,40,true,0.2003,31.0000
E1,random,2514,25,50,30,358,0,dfs,manhattan,4,,858,43,43.0000,44,233,true,0.3608,31.0000
E1,random,2514,25,50,30,358,0,dijkstra,manhattan,4,,580,31,31.0000,32,43,true,0.2507,31.0000
E1,random,2514,25,50,30,358,0,a_star,manhattan,4,,92,31,31.0000,32,32,true,0.0392,31.0000
E1,random,2514,25,50,30,358,0,greedy,manhattan,4,,35,31,31.0000,32,28,true,0.0153,31.0000
E1,random,2514,25,50,30,358,0,swarm,manhattan,4,,38,31,31.0000,32,30,true,0.0194,31.0000
E1,random,2514,25,50,30,358,0,convergent_swarm,manhattan,4,,35,31,31.0000,32,28,true,0.0149,31.0000
E1,random,2514,25,50,30,358,0,zero_one_bfs,manhattan,4,,826,0,41.0000,42,170,true,0.4101,31.0000
E1,random,2803,25,50,30,349,0,bfs,manhattan,4,,694,41,41.0000,42,37,true,0.2019,41.0000
E1,random,2803,25,50,30,349,0,dfs,manhattan,4,,699,137,137.0000,138,256,true,0.2350,41.0000
E1,random,2803,25,50,30,349,0,dijkstra,manhattan,4,,690,41,41.0000,42,37,true,0.2847,41.0000
E1,random,2803,25,50,30,349,0,a_star,manhattan,4,,258,41,41.0000,42,58,true,0.1504,41.0000
E1,random,2803,25,50,30,349,0,greedy,manhattan,4,,97,51,51.0000,52,37,true,0.0525,41.0000
E1,random,2803,25,50,30,349,0,swarm,manhattan,4,,125,45,45.0000,46,36,true,0.0689,41.0000
E1,random,2803,25,50,30,349,0,convergent_swarm,manhattan,4,,109,51,51.0000,52,32,true,0.0618,41.0000
E1,random,2803,25,50,30,349,0,zero_one_bfs,manhattan,4,,453,0,155.0000,156,160,true,0.2638,41.0000
E1,random,3063,25,50,30,349,0,bfs,manhattan,4,,537,29,29.0000,30,33,true,0.2611,29.0000
E1,random,3063,25,50,30,349,0,dfs,manhattan,4,,343,149,149.0000,150,131,true,0.1857,29.0000
E1,random,3063,25,50,30,349,0,dijkstra,manhattan,4,,521,29,29.0000,30,35,true,0.3329,29.0000
E1,random,3063,25,50,30,349,0,a_star,manhattan,4,,65,29,29.0000,30,35,true,0.0410,29.0000
E1,random,3063,25,50,30,349,0,greedy,manhattan,4,,34,31,31.0000,32,33,true,0.0257,29.0000
E1,random,3063,25,50,30,349,0,swarm,manhattan,4,,36,31,31.0000,32,33,true,0.0278,29.0000
E1,random,3063,25,50,30,349,0,convergent_swarm,manhattan,4,,34,31,31.0000,32,33,true,0.0249,29.0000
E1,random,3063,25,50,30,349,0,zero_one_bfs,manhattan,4,,183,0,133.0000,134,109,true,0.1372,29.0000
E1,random,3158,25,50,30,369,0,bfs,manhattan,4,,683,39,39.0000,40,35,true,0.2070,39.0000
E1,random,3158,25,50,30,369,0,dfs,manhattan,4,,818,91,91.0000,92,205,true,0.2811,39.0000
E1,random,3158,25,50,30,369,0,dijkstra,manhattan,4,,671,39,39.0000,40,40,true,0.2875,39.0000
E1,random,3158,25,50,30,369,0,a_star,manhattan,4,,168,39,39.0000,40,32,true,0.0935,39.0000
E1,random,3158,25,50,30,369,0,greedy,manhattan,4,,94,45,45.0000,46,28,true,0.0414,39.0000
E1,random,3158,25,50,30,369,0,swarm,manhattan,4,,125,39,39.0000,40,30,true,0.0590,39.0000
E1,random,3158,25,50,30,369,0,convergent_swarm,manhattan,4,,108,45,45.0000,46,25,true,0.0436,39.0000
E1,random,3158,25,50,30,369,0,zero_one_bfs,manhattan,4,,526,0,153.0000,154,170,true,0.2314,39.0000
E1,random,3277,25,50,30,354,0,bfs,manhattan,4,,642,33,33.0000,34,36,true,0.1971,33.0000
E1,random,3277,25,50,30,354,0,dfs,manhattan,4,,163,87,87.0000,88,98,true,0.0593,33.0000
E1,random,3277,25,50,30,354,0,dijkstra,manhattan,4,,638,33,33.0000,34,39,true,0.2617,33.0000
E1,random,3277,25,50,30,354,0,a_star,manhattan,4,,124,33,33.0000,34,39,true,0.0526,33.0000
E1,random,3277,25,50,30,354,0,greedy,manhattan,4,,40,35,35.0000,36,37,true,0.0195,33.0000
E1,random,3277,25,50,30,354,0,swarm,manhattan,4,,47,35,35.0000,36,36,true,0.0217,33.0000
E1,random,3277,25,50,30,354,0,convergent_swarm,manhattan,4,,40,35,35.0000,36,37,true,0.0190,33.0000
E1,random,3277,25,50,30,354,0,zero_one_bfs,manhattan,4,,146,0,81.0000,82,71,true,0.0628,33.0000
E1,random,3521,25,50,30,377,0,bfs,manhattan,4,,560,37,37.0000,38,31,true,0.1595,37.0000
E1,random,3521,25,50,30,377,0,dfs,manhattan,4,,310,211,211.0000,212,161,true,0.1064,37.0000
E1,random,3521,25,50,30,377,0,dijkstra,manhattan,4,,549,37,37.0000,38,37,true,0.1884,37.0000
E1,random,3521,25,50,30,377,0,a_star,manhattan,4,,132,37,37.0000,38,35,true,0.0473,37.0000
E1,random,3521,25,50,30,377,0,greedy,manhattan,4,,63,45,45.0000,46,37,true,0.0227,37.0000
E1,random,3521,25,50,30,377,0,swarm,manhattan,4,,73,37,37.0000,38,40,true,0.0247,37.0000
E1,random,3521,25,50,30,377,0,convergent_swarm,manhattan,4,,63,45,45.0000,46,37,true,0.0217,37.0000
E1,random,3521,25,50,30,377,0,zero_one_bfs,manhattan,4,,216,0,129.0000,130,81,true,0.0949,37.0000
E1,random,3810,25,50,30,373,0,bfs,manhattan,4,,580,33,33.0000,34,38,true,0.1682,33.0000
E1,random,3810,25,50,30,373,0,dfs,manhattan,4,,656,69,69.0000,70,157,true,0.2260,33.0000
E1,random,3810,25,50,30,373,0,dijkstra,manhattan,4,,578,33,33.0000,34,43,true,0.1978,33.0000
E1,random,3810,25,50,30,373,0,a_star,manhattan,4,,111,33,33.0000,34,34,true,0.0375,33.0000
E1,random,3810,25,50,30,373,0,greedy,manhattan,4,,54,41,41.0000,42,37,true,0.0215,33.0000
E1,random,3810,25,50,30,373,0,swarm,manhattan,4,,64,39,39.0000,40,35,true,0.0227,33.0000
E1,random,3810,25,50,30,373,0,convergent_swarm,manhattan,4,,61,39,39.0000,40,38,true,0.0222,33.0000
E1,random,3810,25,50,30,373,0,zero_one_bfs,manhattan,4,,627,0,41.0000,42,112,true,0.2664,33.0000
E1,random,4070,25,50,30,402,0,bfs,manhattan,4,,500,,,,40,false,0.1815,
E1,random,4070,25,50,30,402,0,dfs,manhattan,4,,500,,,,132,false,0.1826,
E1,random,4070,25,50,30,402,0,dijkstra,manhattan,4,,500,,,,41,false,0.1591,
E1,random,4070,25,50,30,402,0,a_star,manhattan,4,,500,,,,34,false,0.1573,
E1,random,4070,25,50,30,402,0,greedy,manhattan,4,,500,,,,28,false,0.1575,
E1,random,4070,25,50,30,402,0,swarm,manhattan,4,,500,,,,27,false,0.1647,
E1,random,4070,25,50,30,402,0,convergent_swarm,manhattan,4,,500,,,,25,false,0.1938,
E1,random,4070,25,50,30,402,0,zero_one_bfs,manhattan,4,,500,,,,76,false,0.2257,
E1,random,4165,25,50,30,363,0,bfs,manhattan,4,,592,35,35.0000,36,31,true,0.2181,35.0000
E1,random,4165,25,50,30,363,0,dfs,manhattan,4,,255,81,81.0000,82,101,true,0.0999,35.0000
E1,random,4165,25,50,30,363,0,dijkstra,manhattan,4,,598,35,35.0000,36,33,true,0.2256,35.0000
E1,random,4165,25,50,30,363,0,a_star,manhattan,4,,133,35,35.0000,36,38,true,0.0518,35.0000
E1,random,4165,25,50,30,363,0,greedy,manhattan,4,,46,37,37.0000,38,32,true,0.0175,35.0000
E1,random,4165,25,50,30,363,0,swarm,manhattan,4,,50,35,35.0000,36,30,true,0.0178,35.0000
E1,random,4165,25,50,30,363,0,convergent_swarm,manhattan,4,,49,37,37.0000,38,31,true,0.0191,35.0000
E1,random,4165,25,50,30,363,0,zero_one_bfs,manhattan,4,,225,0,73.0000,74,70,true,0.0857,35.0000
E1,random,4284,25,50,30,376,0,bfs,manhattan,4,,572,33,33.0000,34,39,true,0.1892,33.0000
E1,random,4284,25,50,30,376,0,dfs,manhattan,4,,800,127,127.0000,128,231,true,0.2959,33.0000
E1,random,4284,25,50,30,376,0,dijkstra,manhattan,4,,571,33,33.0000,34,42,true,0.2049,33.0000
E1,random,4284,25,50,30,376,0,a_star,manhattan,4,,109,33,33.0000,34,35,true,0.0403,33.0000
E1,random,4284,25,50,30,376,0,greedy,manhattan,4,,38,35,35.0000,36,36,true,0.0168,33.0000
E1,random,4284,25,50,30,376,0,swarm,manhattan,4,,38,35,35.0000,36,36,true,0.0156,33.0000
E1,random,4284,25,50,30,376,0,convergent_swarm,manhattan,4,,38,35,35.0000,36,36,true,0.0145,33.0000
E1,random,4284,25,50,30,376,0,zero_one_bfs,manhattan,4,,810,0,45.0000,46,178,true,0.2829,33.0000
E1,random,4528,25,50,30,380,0,bfs,manhattan,4,,585,45,45.0000,46,33,true,0.1777,45.0000
E1,random,4528,25,50,30,380,0,dfs,manhattan,4,,246,171,171.0000,172,133,true,0.0940,45.0000
E1,random,4528,25,50,30,380,0,dijkstra,manhattan,4,,587,45,45.0000,46,33,true,0.2077,45.0000
E1,random,4528,25,50,30,380,0,a_star,manhattan,4,,267,45,45.0000,46,37,true,0.0926,45.0000
E1,random,4528,25,50,30,380,0,greedy,manhattan,4,,86,49,49.0000,50,38,true,0.0317,45.0000
E1,random,4528,25,50,30,380,0,swarm,manhattan,4,,137,47,47.0000,48,36,true,0.0479,45.0000
E1,random,4528,25,50,30,380,0,convergent_swarm,manhattan,4,,95,49,49.0000,50,34,true,0.0331,45.0000
E1,random,4528,25,50,30,380,0,zero_one_bfs,manhattan,4,,283,0,145.0000,146,98,true,0.0982,45.0000
E1,random,4817,25,50,30,388,0,bfs,manhattan,4,,606,45,45.0000,46,27,true,0.1790,45.0000
E1,random,4817,25,50,30,388,0,dfs,manhattan,4,,248,149,149.0000,150,134,true,0.0929,45.0000
E1,random,4817,25,50,30,388,0,dijkstra,manhattan,4,,606,45,45.0000,46,28,true,0.2110,45.0000
E1,random,4817,25,50,30,388,0,a_star,manhattan,4,,276,45,45.0000,46,44,true,0.1201,45.0000
E1,random,4817,25,50,30,388,0,greedy,manhattan,4,,93,49,49.0000,50,42,true,0.0517,45.0000
E1,random,4817,25,50,30,388,0,swarm,manhattan,4,,95,47,47.0000,48,41,true,0.0474,45.0000
E1,random,4817,25,50,30,388,0,convergent_swarm,manhattan,4,,93,49,49.0000,50,42,true,0.0317,45.0000
E1,random,4817,25,50,30,388,0,zero_one_bfs,manhattan,4,,593,0,79.0000,80,139,true,0.2093,45.0000
E1,random,5077,25,50,30,372,0,bfs,manhattan,4,,696,41,41.0000,42,29,true,0.2224,41.0000
E1,random,5077,25,50,30,372,0,dfs,manhattan,4,,819,57,57.0000,58,173,true,0.2818,41.0000
E1,random,5077,25,50,30,372,0,dijkstra,manhattan,4,,710,41,41.0000,42,31,true,0.9071,41.0000
E1,random,5077,25,50,30,372,0,a_star,manhattan,4,,275,41,41.0000,42,40,true,0.1185,41.0000
E1,random,5077,25,50,30,372,0,greedy,manhattan,4,,69,45,45.0000,46,39,true,0.0297,41.0000
E1,random,5077,25,50,30,372,0,swarm,manhattan,4,,112,45,45.0000,46,36,true,0.0456,41.0000
E1,random,5077,25,50,30,372,0,convergent_swarm,manhattan,4,,73,45,45.0000,46,38,true,0.0281,41.0000
E1,random,5077,25,50,30,372,0,zero_one_bfs,manhattan,4,,533,0,87.0000,88,104,true,0.2059,41.0000
E1,random,5172,25,50,30,365,0,bfs,manhattan,4,,662,39,39.0000,40,32,true,0.2719,39.0000
E1,random,5172,25,50,30,365,0,dfs,manhattan,4,,590,319,319.0000,320,281,true,0.2384,39.0000
E1,random,5172,25,50,30,365,0,dijkstra,manhattan,4,,663,39,39.0000,40,36,true,0.3460,39.0000
E1,random,5172,25,50,30,365,0,a_star,manhattan,4,,228,39,39.0000,40,39,true,0.1006,39.0000
E1,random,5172,25,50,30,365,0,greedy,manhattan,4,,50,39,39.0000,40,32,true,0.0202,39.0000
E1,random,5172,25,50,30,365,0,swarm,manhattan,4,,60,39,39.0000,40,30,true,0.0231,39.0000
E1,random,5172,25,50,30,365,0,convergent_swarm,manhattan,4,,51,39,39.0000,40,32,true,0.0194,39.0000
E1,random,5172,25,50,30,365,0,zero_one_bfs,manhattan,4,,490,0,227.0000,228,182,true,0.2102,39.0000
E1,random,5291,25,50,30,373,0,bfs,manhattan,4,,725,51,51.0000,52,38,true,0.2356,51.0000
E1,random,5291,25,50,30,373,0,dfs,manhattan,4,,209,143,143.0000,144,119,true,0.0769,51.0000
E1,random,5291,25,50,30,373,0,dijkstra,manhattan,4,,725,51,51.0000,52,38,true,0.2598,51.0000
E1,random,5291,25,50,30,373,0,a_star,manhattan,4,,506,51,51.0000,52,43,true,0.2475,51.0000
E1,random,5291,25,50,30,373,0,greedy,manhattan,4,,343,57,57.0000,58,34,true,0.1966,51.0000
E1,random,5291,25,50,30,373,0,swarm,manhattan,4,,411,51,51.0000,52,41,true,0.1549,51.0000
E1,random,5291,25,50,30,373,0,convergent_swarm,manhattan,4,,376,57,57.0000,58,31,true,0.1402,51.0000
E1,random,5291,25,50,30,373,0,zero_one_bfs,manhattan,4,,222,0,85.0000,86,66,true,0.0978,51.0000
E1,random,5535,25,50,30,373,0,bfs,manhattan,4,,626,33,33.0000,34,35,true,0.2069,33.0000
E1,random,5535,25,50,30,373,0,dfs,manhattan,4,,58,55,55.0000,56,56,true,0.0247,33.0000
E1,random,5535,25,50,30,373,0,dijkstra,manhattan,4,,626,33,33.0000,34,37,true,0.2338,33.0000
E1,random,5535,25,50,30,373,0,a_star,manhattan,4,,119,33,33.0000,34,54,true,0.0438,33.0000
E1,random,5535,25,50,30,373,0,greedy,manhattan,4,,54,39,39.0000,40,38,true,0.0224,33.0000
E1,random,5535,25,50,30,373,0,swarm,manhattan,4,,61,33,33.0000,34,37,true,0.0445,33.0000
E1,random,5535,25,50,30,373,0,convergent_swarm,manhattan,4,,54,35,35.0000,36,36,true,0.0251,33.0000
E1,random,5535,25,50,30,373,0,zero_one_bfs,manhattan,4,,138,0,109.0000,110,91,true,0.0677,33.0000
E1,random,5824,25,50,30,359,0,bfs,manhattan,4,,626,41,41.0000,42,31,true,0.2001,41.0000
E1,random,5824,25,50,30,359,0,dfs,manhattan,4,,256,155,155.0000,156,146,true,0.1032,41.0000
E1,random,5824,25,50,30,359,0,dijkstra,manhattan,4,,618,41,41.0000,42,34,true,0.2494,41.0000
E1,random,5824,25,50,30,359,0,a_star,manhattan,4,,164,41,41.0000,42,35,true,0.0595,41.0000
E1,random,5824,25,50,30,359,0,greedy,manhattan,4,,73,45,45.0000,46,34,true,0.0283,41.0000
E1,random,5824,25,50,30,359,0,swarm,manhattan,4,,99,43,43.0000,44,28,true,0.0341,41.0000
E1,random,5824,25,50,30,359,0,convergent_swarm,manhattan,4,,81,45,45.0000,46,30,true,0.0313,41.0000
E1,random,5824,25,50,30,359,0,zero_one_bfs,manhattan,4,,498,0,265.0000,266,227,true,0.2156,41.0000
E1,random,42,25,50,45,533,0,bfs,manhattan,4,,239,,,,21,false,0.1331,
E1,random,42,25,50,45,533,0,dfs,manhattan,4,,239,,,,41,false,0.0983,
E1,random,42,25,50,45,533,0,dijkstra,manhattan,4,,239,,,,24,false,0.1181,
E1,random,42,25,50,45,533,0,a_star,manhattan,4,,239,,,,16,false,0.1102,
E1,random,42,25,50,45,533,0,greedy,manhattan,4,,239,,,,14,false,0.1115,
E1,random,42,25,50,45,533,0,swarm,manhattan,4,,239,,,,16,false,0.1081,
E1,random,42,25,50,45,533,0,convergent_swarm,manhattan,4,,239,,,,15,false,0.0824,
E1,random,42,25,50,45,533,0,zero_one_bfs,manhattan,4,,239,,,,28,false,0.0842,
E1,random,137,25,50,45,546,0,bfs,manhattan,4,,98,,,,10,false,0.0262,
E1,random,137,25,50,45,546,0,dfs,manhattan,4,,98,,,,20,false,0.0343,
E1,random,137,25,50,45,546,0,dijkstra,manhattan,4,,98,,,,10,false,0.0329,
E1,random,137,25,50,45,546,0,a_star,manhattan,4,,98,,,,10,false,0.0297,
E1,random,137,25,50,45,546,0,greedy,manhattan,4,,98,,,,8,false,0.0284,
E1,random,137,25,50,45,546,0,swarm,manhattan,4,,98,,,,9,false,0.0276,
E1,random,137,25,50,45,546,0,convergent_swarm,manhattan,4,,98,,,,8,false,0.0229,
E1,random,137,25,50,45,546,0,zero_one_bfs,manhattan,4,,98,,,,12,false,0.0336,
E1,random,256,25,50,45,555,0,bfs,manhattan,4,,18,,,,4,false,0.0045,
E1,random,256,25,50,45,555,0,dfs,manhattan,4,,18,,,,5,false,0.0051,
E1,random,256,25,50,45,555,0,dijkstra,manhattan,4,,18,,,,4,false,0.0048,
E1,random,256,25,50,45,555,0,a_star,manhattan,4,,18,,,,3,false,0.0047,
E1,random,256,25,50,45,555,0,greedy,manhattan,4,,18,,,,3,false,0.0046,
E1,random,256,25,50,45,555,0,swarm,manhattan,4,,18,,,,3,false,0.0041,
E1,random,256,25,50,45,555,0,convergent_swarm,manhattan,4,,18,,,,3,false,0.0042,
E1,random,256,25,50,45,555,0,zero_one_bfs,manhattan,4,,18,,,,4,false,0.0070,
E1,random,500,25,50,45,527,0,bfs,manhattan,4,,1,,,,1,false,0.0003,
E1,random,500,25,50,45,527,0,dfs,manhattan,4,,1,,,,1,false,0.0003,
E1,random,500,25,50,45,527,0,dijkstra,manhattan,4,,1,,,,1,false,0.0002,
E1,random,500,25,50,45,527,0,a_star,manhattan,4,,1,,,,1,false,0.0002,
E1,random,500,25,50,45,527,0,greedy,manhattan,4,,1,,,,1,false,0.0002,
E1,random,500,25,50,45,527,0,swarm,manhattan,4,,1,,,,1,false,0.0002,
E1,random,500,25,50,45,527,0,convergent_swarm,manhattan,4,,1,,,,1,false,0.0002,
E1,random,500,25,50,45,527,0,zero_one_bfs,manhattan,4,,1,,,,1,false,0.0008,
E1,random,789,25,50,45,529,0,bfs,manhattan,4,,253,37,37.0000,38,16,true,0.0575,37.0000
E1,random,789,25,50,45,529,0,dfs,manhattan,4,,224,47,47.0000,48,35,true,0.0629,37.0000
E1,random,789,25,50,45,529,0,dijkstra,manhattan,4,,253,37,37.0000,38,16,true,0.0790,37.0000
E1,random,789,25,50,45,529,0,a_star,manhattan,4,,128,37,37.0000,38,18,true,0.0484,37.0000
E1,random,789,25,50,45,529,0,greedy,manhattan,4,,68,41,41.0000,42,29,true,0.0327,37.0000
E1,random,789,25,50,45,529,0,swarm,manhattan,4,,72,37,37.0000,38,25,true,0.0274,37.0000
E1,random,789,25,50,45,529,0,convergent_swarm,manhattan,4,,69,41,41.0000,42,25,true,0.0232,37.0000
E1,random,789,25,50,45,529,0,zero_one_bfs,manhattan,4,,159,0,37.0000,38,26,true,0.0649,37.0000
E1,random,1049,25,50,45,531,0,bfs,manhattan,4,,189,55,55.0000,56,9,true,0.0404,55.0000
E1,random,1049,25,50,45,531,0,dfs,manhattan,4,,104,65,65.0000,66,35,true,0.0313,55.0000
E1,random,1049,25,50,45,531,0,dijkstra,manhattan,4,,189,55,55.0000,56,10,true,0.0569,55.0000
E1,random,1049,25,50,45,531,0,a_star,manhattan,4,,138,55,55.0000,56,10,true,0.0438,55.0000
E1,random,1049,25,50,45,531,0,greedy,manhattan,4,,94,55,55.0000,56,24,true,0.0303,55.0000
E1,random,1049,25,50,45,531,0,swarm,manhattan,4,,123,55,55.0000,56,14,true,0.0408,55.0000
E1,random,1049,25,50,45,531,0,convergent_swarm,manhattan,4,,107,55,55.0000,56,22,true,0.0358,55.0000
E1,random,1049,25,50,45,531,0,zero_one_bfs,manhattan,4,,109,0,57.0000,58,24,true,0.0394,55.0000
E1,random,1144,25,50,45,573,0,bfs,manhattan,4,,86,,,,6,false,0.0178,
E1,random,1144,25,50,45,573,0,dfs,manhattan,4,,86,,,,22,false,0.0216,
E1,random,1144,25,50,45,573,0,dijkstra,manhattan,4,,86,,,,6,false,0.0228,
E1,random,1144,25,50,45,573,0,a_star,manhattan,4,,86,,,,9,false,0.0229,
E1,random,1144,25,50,45,573,0,greedy,manhattan,4,,86,,,,12,false,0.0256,
E1,random,1144,25,50,45,573,0,swarm,manhattan,4,,86,,,,11,false,0.0239,
E1,random,1144,25,50,45,573,0,convergent_swarm,manhattan,4,,86,,,,12,false,0.0229,
E1,random,1144,25,50,45,573,0,zero_one_bfs,manhattan,4,,86,,,,18,false,0.0288,
E1,random,1263,25,50,45,571,0,bfs,manhattan,4,,258,,,,14,false,0.0577,
E1,random,1263,25,50,45,571,0,dfs,manhattan,4,,258,,,,36,false,0.0685,
E1,random,1263,25,50,45,571,0,dijkstra,manhattan,4,,258,,,,15,false,0.0738,
E1,random,1263,25,50,45,571,0,a_star,manhattan,4,,258,,,,16,false,0.0784,
E1,random,1263,25,50,45,571,0,greedy,manhattan,4,,258,,,,21,false,0.0777,
E1,random,1263,25,50,45,571,0,swarm,manhattan,4,,258,,,,18,false,0.0778,
E1,random,1263,25,50,45,571,0,convergent_swarm,manhattan,4,,258,,,,18,false,0.0769,
E1,random,1263,25,50,45,571,0,zero_one_bfs,manhattan,4,,258,,,,24,false,0.0819,
E1,random,1507,25,50,45,586,0,bfs,manhattan,4,,109,,,,8,false,0.0229,
E1,random,1507,25,50,45,586,0,dfs,manhattan,4,,109,,,,31,false,0.0270,
E1,random,1507,25,50,45,586,0,dijkstra,manhattan,4,,109,,,,8,false,0.0287,
E1,random,1507,25,50,45,586,0,a_star,manhattan,4,,109,,,,11,false,0.0300,
E1,random,1507,25,50,45,586,0,greedy,manhattan,4,,109,,,,13,false,0.0316,
E1,random,1507,25,50,45,586,0,swarm,manhattan,4,,109,,,,13,false,0.0297,
E1,random,1507,25,50,45,586,0,convergent_swarm,manhattan,4,,109,,,,13,false,0.0310,
E1,random,1507,25,50,45,586,0,zero_one_bfs,manhattan,4,,109,,,,22,false,0.0329,
E1,random,1796,25,50,45,546,0,bfs,manhattan,4,,241,55,55.0000,56,12,true,0.0518,55.0000
E1,random,1796,25,50,45,546,0,dfs,manhattan,4,,168,59,59.0000,60,34,true,0.0649,55.0000
E1,random,1796,25,50,45,546,0,dijkstra,manhattan,4,,241,55,55.0000,56,12,true,0.0658,55.0000
E1,random,1796,25,50,45,546,0,a_star,manhattan,4,,124,55,55.0000,56,14,true,0.0506,55.0000
E1,random,1796,25,50,45,546,0,greedy,manhattan,4,,74,55,55.0000,56,23,true,0.0232,55.0000
E1,random,1796,25,50,45,546,0,swarm,manhattan,4,,82,55,55.0000,56,21,true,0.0247,55.0000
E1,random,1796,25,50,45,546,0,convergent_swarm,manhattan,4,,76,55,55.0000,56,22,true,0.0212,55.0000
E1,random,1796,25,50,45,546,0,zero_one_bfs,manhattan,4,,297,0,63.0000,64,46,true,0.1121,55.0000
E1,random,2056,25,50,45,551,0,bfs,manhattan,4,,131,,,,10,false,0.0320,
E1,random,2056,25,50,45,551,0,dfs,manhattan,4,,131,,,,29,false,0.0363,
E1,random,2056,25,50,45,551,0,dijkstra,manhattan,4,,131,,,,10,false,0.0397,
E1,random,2056,25,50,45,551,0,a_star,manhattan,4,,131,,,,9,false,0.0413,
E1,random,2056,25,50,45,551,0,greedy,manhattan,4,,131,,,,8,false,0.0400,
E1,random,2056,25,50,45,551,0,swarm,manhattan,4,,131,,,,8,false,0.0388,
E1,random,2056,25,50,45,551,0,convergent_swarm,manhattan,4,,131,,,,9,false,0.0381,
E1,random,2056,25,50,45,551,0,zero_one_bfs,manhattan,4,,131,,,,20,false,0.0479,
E1,random,2151,25,50,45,552,0,bfs,manhattan,4,,24,,,,5,false,0.0053,
E1,random,2151,25,50,45,552,0,dfs,manhattan,4,,24,,,,7,false,0.0060,
E1,random,2151,25,50,45,552,0,dijkstra,manhattan,4,,24,,,,5,false,0.0065,
E1,random,2151,25,50,45,552,0,a_star,manhattan,4,,24,,,,4,false,0.0069,
E1,random,2151,25,50,45,552,0,greedy,manhattan,4,,24,,,,5,false,0.0069,
E1,random,2151,25,50,45,552,0,swarm,manhattan,4,,24,,,,4,false,0.0061,
E1,random,2151,25,50,45,552,0,convergent_swarm,manhattan,4,,24,,,,4,false,0.0053,
E1,random,2151,25,50,45,552,0,zero_one_bfs,manhattan,4,,24,,,,4,false,0.0083,
E1,random,2270,25,50,45,558,0,bfs,manhattan,4,,319,,,,9,false,0.0661,
E1,random,2270,25,50,45,558,0,dfs,manhattan,4,,319,,,,54,false,0.0822,
E1,random,2270,25,50,45,558,0,dijkstra,manhattan,4,,319,,,,9,false,0.0880,
E1,random,2270,25,50,45,558,0,a_star,manhattan,4,,319,,,,26,false,0.0931,
E1,random,2270,25,50,45,558,0,greedy,manhattan,4,,319,,,,31,false,0.0998,
E1,random,2270,25,50,45,558,0,swarm,manhattan,4,,319,,,,23,false,0.1002,
E1,random,2270,25,50,45,558,0,convergent_swarm,manhattan,4,,319,,,,31,false,0.0993,
E1,random,2270,25,50,45,558,0,zero_one_bfs,manhattan,4,,319,,,,38,false,0.0997,
E1,random,2514,25,50,45,549,0,bfs,manhattan,4,,92,,,,10,false,0.0209,
E1,random,2514,25,50,45,549,0,dfs,manhattan,4,,92,,,,18,false,0.0237,
E1,random,2514,25,50,45,549,0,dijkstra,manhattan,4,,92,,,,11,false,0.0265,
E1,random,2514,25,50,45,549,0,a_star,manhattan,4,,92,,,,10,false,0.0270,
E1,random,2514,25,50,45,549,0,greedy,manhattan,4,,92,,,,9,false,0.0262,
E1,random,2514,25,50,45,549,0,swarm,manhattan,4,,92,,,,11,false,0.0268,
E1,random,2514,25,50,45,549,0,convergent_swarm,manhattan,4,,92,,,,10,false,0.0245,
E1,random,2514,25,50,45,549,0,zero_one_bfs,manhattan,4,,92,,,,14,false,0.0298,
E1,random,2803,25,50,45,533,0,bfs,manhattan,4,,239,51,51.0000,52,9,true,0.0488,51.0000
E1,random,2803,25,50,45,533,0,dfs,manhattan,4,,152,59,59.0000,60,45,true,0.0385,51.0000
E1,random,2803,25,50,45,533,0,dijkstra,manhattan,4,,242,51,51.0000,52,11,true,0.1899,51.0000
E1,random,2803,25,50,45,533,0,a_star,manhattan,4,,209,51,51.0000,52,21,true,0.1612,51.0000
E1,random,2803,25,50,45,533,0,greedy,manhattan,4,,133,69,69.0000,70,29,true,0.2761,51.0000
E1,random,2803,25,50,45,533,0,swarm,manhattan,4,,145,51,51.0000,52,27,true,0.1874,51.0000
E1,random,2803,25,50,45,533,0,convergent_swarm,manhattan,4,,135,55,55.0000,56,30,true,0.0527,51.0000
E1,random,2803,25,50,45,533,0,zero_one_bfs,manhattan,4,,141,0,53.0000,54,37,true,0.0642,51.0000
E1,random,3063,25,50,45,563,0,bfs,manhattan,4,,87,,,,6,false,0.0210,
E1,random,3063,25,50,45,563,0,dfs,manhattan,4,,87,,,,17,false,0.0228,
E1,random,3063,25,50,45,563,0,dijkstra,manhattan,4,,87,,,,6,false,0.0253,
E1,random,3063,25,50,45,563,0,a_star,manhattan,4,,87,,,,7,false,0.0287,
E1,random,3063,25,50,45,563,0,greedy,manhattan,4,,87,,,,7,false,0.0230,
E1,random,3063,25,50,45,563,0,swarm,manhattan,4,,87,,,,7,false,0.0231,
E1,random,3063,25,50,45,563,0,convergent_swarm,manhattan,4,,87,,,,7,false,0.0266,
E1,random,3063,25,50,45,563,0,zero_one_bfs,manhattan,4,,87,,,,17,false,0.0288,
E1,random,3158,25,50,45,569,0,bfs,manhattan,4,,230,,,,10,false,0.0497,
E1,random,3158,25,50,45,569,0,dfs,manhattan,4,,230,,,,55,false,0.0627,
E1,random,3158,25,50,45,569,0,dijkstra,manhattan,4,,230,,,,11,false,0.0706,
E1,random,3158,25,50,45,569,0,a_star,manhattan,4,,230,,,,14,false,0.0692,
E1,random,3158,25,50,45,569,0,greedy,manhattan,4,,230,,,,13,false,0.0653,
E1,random,3158,25,50,45,569,0,swarm,manhattan,4,,230,,,,14,false,0.0649,
E1,random,3158,25,50,45,569,0,convergent_swarm,manhattan,4,,230,,,,13,false,0.0656,
E1,random,3158,25,50,45,569,0,zero_one_bfs,manhattan,4,,230,,,,38,false,0.0984,
E1,random,3277,25,50,45,526,0,bfs,manhattan,4,,48,,,,7,false,0.0121,
E1,random,3277,25,50,45,526,0,dfs,manhattan,4,,48,,,,12,false,0.0119,
E1,random,3277,25,50,45,526,0,dijkstra,manhattan,4,,48,,,,7,false,0.0133,
E1,random,3277,25,50,45,526,0,a_star,manhattan,4,,48,,,,6,false,0.0130,
E1,random,3277,25,50,45,526,0,greedy,manhattan,4,,48,,,,7,false,0.0127,
E1,random,3277,25,50,45,526,0,swarm,manhattan,4,,48,,,,7,false,0.0140,
E1,random,3277,25,50,45,526,0,convergent_swarm,manhattan,4,,48,,,,7,false,0.0126,
E1,random,3277,25,50,45,526,0,zero_one_bfs,manhattan,4,,48,,,,7,false,0.0175,
E1,random,3521,25,50,45,549,0,bfs,manhattan,4,,142,,,,12,false,0.0318,
E1,random,3521,25,50,45,549,0,dfs,manhattan,4,,142,,,,25,false,0.0396,
E1,random,3521,25,50,45,549,0,dijkstra,manhattan,4,,142,,,,13,false,0.0436,
E1,random,3521,25,50,45,549,0,a_star,manhattan,4,,142,,,,13,false,0.0435,
E1,random,3521,25,50,45,549,0,greedy,manhattan,4,,142,,,,12,false,0.0458,
E1,random,3521,25,50,45,549,0,swarm,manhattan,4,,142,,,,14,false,0.0462,
E1,random,3521,25,50,45,549,0,convergent_swarm,manhattan,4,,142,,,,13,false,0.0402,
E1,random,3521,25,50,45,549,0,zero_one_bfs,manhattan,4,,142,,,,16,false,0.0504,
E1,random,3810,25,50,45,572,0,bfs,manhattan,4,,163,,,,10,false,0.0387,
E1,random,3810,25,50,45,572,0,dfs,manhattan,4,,163,,,,46,false,0.0446,
E1,random,3810,25,50,45,572,0,dijkstra,manhattan,4,,163,,,,10,false,0.0504,
E1,random,3810,25,50,45,572,0,a_star,manhattan,4,,163,,,,13,false,0.0506,
E1,random,3810,25,50,45,572,0,greedy,manhattan,4,,163,,,,18,false,0.0500,
E1,random,3810,25,50,45,572,0,swarm,manhattan,4,,163,,,,19,false,0.0498,
E1,random,3810,25,50,45,572,0,convergent_swarm,manhattan,4,,163,,,,18,false,0.0485,
E1,random,3810,25,50,45,572,0,zero_one_bfs,manhattan,4,,163,,,,31,false,0.0608,
E1,random,4070,25,50,45,566,0,bfs,manhattan,4,,228,,,,15,false,0.0569,
E1,random,4070,25,50,45,566,0,dfs,manhattan,4,,228,,,,38,false,0.0622,
E1,random,4070,25,50,45,566,0,dijkstra,manhattan,4,,228,,,,15,false,0.0743,
E1,random,4070,25,50,45,566,0,a_star,manhattan,4,,228,,,,17,false,0.0716,
E1,random,4070,25,50,45,566,0,greedy,manhattan,4,,228,,,,14,false,0.0755,
E1,random,4070,25,50,45,566,0,swarm,manhattan,4,,228,,,,14,false,0.0663,
E1,random,4070,25,50,45,566,0,convergent_swarm,manhattan,4,,228,,,,14,false,0.0728,
E1,random,4070,25,50,45,566,0,zero_one_bfs,manhattan,4,,228,,,,28,false,0.0682,
E1,random,4165,25,50,45,545,0,bfs,manhattan,4,,118,,,,10,false,0.0257,
E1,random,4165,25,50,45,545,0,dfs,manhattan,4,,118,,,,21,false,0.0319,
E1,random,4165,25,50,45,545,0,dijkstra,manhattan,4,,118,,,,11,false,0.0313,
E1,random,4165,25,50,45,545,0,a_star,manhattan,4,,118,,,,13,false,0.0345,
E1,random,4165,25,50,45,545,0,greedy,manhattan,4,,118,,,,14,false,0.0340,
E1,random,4165,25,50,45,545,0,swarm,manhattan,4,,118,,,,14,false,0.0433,
E1,random,4165,25,50,45,545,0,convergent_swarm,manhattan,4,,118,,,,13,false,0.0335,
E1,random,4165,25,50,45,545,0,zero_one_bfs,manhattan,4,,118,,,,16,false,0.0373,
E1,random,4284,25,50,45,554,0,bfs,manhattan,4,,48,,,,8,false,0.0108,
E1,random,4284,25,50,45,554,0,dfs,manhattan,4,,48,,,,20,false,0.0147,
E1,random,4284,25,50,45,554,0,dijkstra,manhattan,4,,48,,,,9,false,0.0131,
E1,random,4284,25,50,45,554,0,a_star,manhattan,4,,48,,,,10,false,0.0146,
E1,random,4284,25,50,45,554,0,greedy,manhattan,4,,48,,,,10,false,0.0149,
E1,random,4284,25,50,45,554,0,swarm,manhattan,4,,48,,,,13,false,0.0151,
E1,random,4284,25,50,45,554,0,convergent_swarm,manhattan,4,,48,,,,10,false,0.0140,
E1,random,4284,25,50,45,554,0,zero_one_bfs,manhattan,4,,48,,,,15,false,0.0161,
E1,random,4528,25,50,45,578,0,bfs,manhattan,4,,93,,,,8,false,0.0194,
E1,random,4528,25,50,45,578,0,dfs,manhattan,4,,93,,,,12,false,0.0220,
E1,random,4528,25,50,45,578,0,dijkstra,manhattan,4,,93,,,,8,false,0.0249,
E1,random,4528,25,50,45,578,0,a_star,manhattan,4,,93,,,,9,false,0.0263,
E1,random,4528,25,50,45,578,0,greedy,manhattan,4,,93,,,,13,false,0.0258,
E1,random,4528,25,50,45,578,0,swarm,manhattan,4,,93,,,,10,false,0.0264,
E1,random,4528,25,50,45,578,0,convergent_swarm,manhattan,4,,93,,,,12,false,0.0255,
E1,random,4528,25,50,45,578,0,zero_one_bfs,manhattan,4,,93,,,,8,false,0.0289,
E1,random,4817,25,50,45,582,0,bfs,manhattan,4,,63,,,,9,false,0.0130,
E1,random,4817,25,50,45,582,0,dfs,manhattan,4,,63,,,,18,false,0.0161,
E1,random,4817,25,50,45,582,0,dijkstra,manhattan,4,,63,,,,9,false,0.0165,
E1,random,4817,25,50,45,582,0,a_star,manhattan,4,,63,,,,11,false,0.0174,
E1,random,4817,25,50,45,582,0,greedy,manhattan,4,,63,,,,7,false,0.0165,
E1,random,4817,25,50,45,582,0,swarm,manhattan,4,,63,,,,9,false,0.0172,
E1,random,4817,25,50,45,582,0,convergent_swarm,manhattan,4,,63,,,,10,false,0.0155,
E1,random,4817,25,50,45,582,0,zero_one_bfs,manhattan,4,,63,,,,13,false,0.0192,
E1,random,5077,25,50,45,553,0,bfs,manhattan,4,,79,,,,8,false,0.0175,
E1,random,5077,25,50,45,553,0,dfs,manhattan,4,,79,,,,22,false,0.0206,
E1,random,5077,25,50,45,553,0,dijkstra,manhattan,4,,79,,,,9,false,0.0218,
E1,random,5077,25,50,45,553,0,a_star,manhattan,4,,79,,,,8,false,0.0221,
E1,random,5077,25,50,45,553,0,greedy,manhattan,4,,79,,,,11,false,0.0222,
E1,random,5077,25,50,45,553,0,swarm,manhattan,4,,79,,,,9,false,0.0226,
E1,random,5077,25,50,45,553,0,convergent_swarm,manhattan,4,,79,,,,10,false,0.0206,
E1,random,5077,25,50,45,553,0,zero_one_bfs,manhattan,4,,79,,,,14,false,0.0251,
E1,random,5172,25,50,45,541,0,bfs,manhattan,4,,137,,,,11,false,0.0310,
E1,random,5172,25,50,45,541,0,dfs,manhattan,4,,137,,,,23,false,0.0367,
E1,random,5172,25,50,45,541,0,dijkstra,manhattan,4,,137,,,,11,false,0.0397,
E1,random,5172,25,50,45,541,0,a_star,manhattan,4,,137,,,,17,false,0.0421,
E1,random,5172,25,50,45,541,0,greedy,manhattan,4,,137,,,,15,false,0.0397,
E1,random,5172,25,50,45,541,0,swarm,manhattan,4,,137,,,,15,false,0.0405,
E1,random,5172,25,50,45,541,0,convergent_swarm,manhattan,4,,137,,,,15,false,0.0390,
E1,random,5172,25,50,45,541,0,zero_one_bfs,manhattan,4,,137,,,,15,false,0.0433,
E1,random,5291,25,50,45,583,0,bfs,manhattan,4,,26,,,,3,false,0.0056,
E1,random,5291,25,50,45,583,0,dfs,manhattan,4,,26,,,,5,false,0.0070,
E1,random,5291,25,50,45,583,0,dijkstra,manhattan,4,,26,,,,4,false,0.0058,
E1,random,5291,25,50,45,583,0,a_star,manhattan,4,,26,,,,5,false,0.0067,
E1,random,5291,25,50,45,583,0,greedy,manhattan,4,,26,,,,5,false,0.0071,
E1,random,5291,25,50,45,583,0,swarm,manhattan,4,,26,,,,5,false,0.0068,
E1,random,5291,25,50,45,583,0,convergent_swarm,manhattan,4,,26,,,,5,false,0.0065,
E1,random,5291,25,50,45,583,0,zero_one_bfs,manhattan,4,,26,,,,5,false,0.0086,
E1,random,5535,25,50,45,565,0,bfs,manhattan,4,,203,47,47.0000,48,14,true,0.0438,47.0000
E1,random,5535,25,50,45,565,0,dfs,manhattan,4,,188,59,59.0000,60,62,true,0.0633,47.0000
E1,random,5535,25,50,45,565,0,dijkstra,manhattan,4,,205,47,47.0000,48,14,true,0.0580,47.0000
E1,random,5535,25,50,45,565,0,a_star,manhattan,4,,135,47,47.0000,48,27,true,0.0426,47.0000
E1,random,5535,25,50,45,565,0,greedy,manhattan,4,,105,49,49.0000,50,26,true,0.0335,47.0000
E1,random,5535,25,50,45,565,0,swarm,manhattan,4,,115,47,47.0000,48,27,true,0.0362,47.0000
E1,random,5535,25,50,45,565,0,convergent_swarm,manhattan,4,,109,49,49.0000,50,26,true,0.0366,47.0000
E1,random,5535,25,50,45,565,0,zero_one_bfs,manhattan,4,,111,0,59.0000,60,37,true,0.0404,47.0000
E1,random,5824,25,50,45,528,0,bfs,manhattan,4,,113,,,,10,false,0.0306,
E1,random,5824,25,50,45,528,0,dfs,manhattan,4,,113,,,,22,false,0.0320,
E1,random,5824,25,50,45,528,0,dijkstra,manhattan,4,,113,,,,12,false,0.0318,
E1,random,5824,25,50,45,528,0,a_star,manhattan,4,,113,,,,13,false,0.0343,
E1,random,5824,25,50,45,528,0,greedy,manhattan,4,,113,,,,11,false,0.0320,
E1,random,5824,25,50,45,528,0,swarm,manhattan,4,,113,,,,9,false,0.0354,
E1,random,5824,25,50,45,528,0,convergent_swarm,manhattan,4,,113,,,,10,false,0.0322,
E1,random,5824,25,50,45,528,0,zero_one_bfs,manhattan,4,,113,,,,13,false,0.0367,
E1,maze,42,25,50,0,673,0,bfs,manhattan,4,,255,145,145.0000,146,7,true,0.0508,145.0000
E1,maze,42,25,50,0,673,0,dfs,manhattan,4,,145,145,145.0000,146,7,true,0.0406,145.0000
E1,maze,42,25,50,0,673,0,dijkstra,manhattan,4,,254,145,145.0000,146,7,true,0.0676,145.0000
E1,maze,42,25,50,0,673,0,a_star,manhattan,4,,167,145,145.0000,146,4,true,0.0417,145.0000
E1,maze,42,25,50,0,673,0,greedy,manhattan,4,,145,145,145.0000,146,7,true,0.0384,145.0000
E1,maze,42,25,50,0,673,0,swarm,manhattan,4,,154,145,145.0000,146,5,true,0.0384,145.0000
E1,maze,42,25,50,0,673,0,convergent_swarm,manhattan,4,,146,145,145.0000,146,7,true,0.0357,145.0000
E1,maze,42,25,50,0,673,0,zero_one_bfs,manhattan,4,,145,0,145.0000,146,7,true,0.0469,145.0000
E1,maze,137,25,50,0,673,0,bfs,manhattan,4,,253,193,193.0000,194,5,true,0.0487,193.0000
E1,maze,137,25,50,0,673,0,dfs,manhattan,4,,195,193,193.0000,194,7,true,0.0391,193.0000
E1,maze,137,25,50,0,673,0,dijkstra,manhattan,4,,252,193,193.0000,194,4,true,0.0579,193.0000
E1,maze,137,25,50,0,673,0,a_star,manhattan,4,,236,193,193.0000,194,5,true,0.0556,193.0000
E1,maze,137,25,50,0,673,0,greedy,manhattan,4,,203,193,193.0000,194,8,true,0.0469,193.0000
E1,maze,137,25,50,0,673,0,swarm,manhattan,4,,234,193,193.0000,194,5,true,0.5191,193.0000
E1,maze,137,25,50,0,673,0,convergent_swarm,manhattan,4,,209,193,193.0000,194,7,true,0.0506,193.0000
E1,maze,137,25,50,0,673,0,zero_one_bfs,manhattan,4,,195,0,193.0000,194,7,true,0.0527,193.0000
E1,maze,256,25,50,0,673,0,bfs,manhattan,4,,387,213,213.0000,214,6,true,0.0709,213.0000
E1,maze,256,25,50,0,673,0,dfs,manhattan,4,,213,213,213.0000,214,10,true,0.0445,213.0000
E1,maze,256,25,50,0,673,0,dijkstra,manhattan,4,,387,213,213.0000,214,6,true,0.0920,213.0000
E1,maze,256,25,50,0,673,0,a_star,manhattan,4,,320,213,213.0000,214,5,true,0.0790,213.0000
E1,maze,256,25,50,0,673,0,greedy,manhattan,4,,225,213,213.0000,214,9,true,0.0536,213.0000
E1,maze,256,25,50,0,673,0,swarm,manhattan,4,,256,213,213.0000,214,8,true,0.0788,213.0000
E1,maze,256,25,50,0,673,0,convergent_swarm,manhattan,4,,243,213,213.0000,214,8,true,0.0567,213.0000
E1,maze,256,25,50,0,673,0,zero_one_bfs,manhattan,4,,213,0,213.0000,214,10,true,0.0568,213.0000
E1,maze,500,25,50,0,673,0,bfs,manhattan,4,,474,241,241.0000,242,7,true,0.0833,241.0000
E1,maze,500,25,50,0,673,0,dfs,manhattan,4,,245,241,241.0000,242,10,true,0.0475,241.0000
E1,maze,500,25,50,0,673,0,dijkstra,manhattan,4,,474,241,241.0000,242,8,true,0.1135,241.0000
E1,maze,500,25,50,0,673,0,a_star,manhattan,4,,453,241,241.0000,242,8,true,0.1081,241.0000
E1,maze,500,25,50,0,673,0,greedy,manhattan,4,,258,241,241.0000,242,11,true,0.0655,241.0000
E1,maze,500,25,50,0,673,0,swarm,manhattan,4,,324,241,241.0000,242,7,true,0.0786,241.0000
E1,maze,500,25,50,0,673,0,convergent_swarm,manhattan,4,,311,241,241.0000,242,9,true,0.0748,241.0000
E1,maze,500,25,50,0,673,0,zero_one_bfs,manhattan,4,,245,0,241.0000,242,10,true,0.0632,241.0000
E1,maze,789,25,50,0,673,0,bfs,manhattan,4,,249,149,149.0000,150,4,true,0.0530,149.0000
E1,maze,789,25,50,0,673,0,dfs,manhattan,4,,155,149,149.0000,150,9,true,0.0328,149.0000
E1,maze,789,25,50,0,673,0,dijkstra,manhattan,4,,248,149,149.0000,150,4,true,0.0592,149.0000
E1,maze,789,25,50,0,673,0,a_star,manhattan,4,,231,149,149.0000,150,5,true,0.0596,149.0000
E1,maze,789,25,50,0,673,0,greedy,manhattan,4,,186,149,149.0000,150,8,true,0.0454,149.0000
E1,maze,789,25,50,0,673,0,swarm,manhattan,4,,194,149,149.0000,150,7,true,0.0460,149.0000
E1,maze,789,25,50,0,673,0,convergent_swarm,manhattan,4,,188,149,149.0000,150,8,true,0.0451,149.0000
E1,maze,789,25,50,0,673,0,zero_one_bfs,manhattan,4,,155,0,149.0000,150,9,true,0.0435,149.0000
E1,maze,1049,25,50,0,673,0,bfs,manhattan,4,,207,149,149.0000,150,5,true,0.0419,149.0000
E1,maze,1049,25,50,0,673,0,dfs,manhattan,4,,149,149,149.0000,150,7,true,0.0331,149.0000
E1,maze,1049,25,50,0,673,0,dijkstra,manhattan,4,,204,149,149.0000,150,5,true,0.0465,149.0000
E1,maze,1049,25,50,0,673,0,a_star,manhattan,4,,166,149,149.0000,150,7,true,0.0402,149.0000
E1,maze,1049,25,50,0,673,0,greedy,manhattan,4,,149,149,149.0000,150,7,true,0.0354,149.0000
E1,maze,1049,25,50,0,673,0,swarm,manhattan,4,,150,149,149.0000,150,7,true,0.0353,149.0000
E1,maze,1049,25,50,0,673,0,convergent_swarm,manhattan,4,,149,149,149.0000,150,7,true,0.0340,149.0000
E1,maze,1049,25,50,0,673,0,zero_one_bfs,manhattan,4,,149,0,149.0000,150,7,true,0.0408,149.0000
E1,maze,1144,25,50,0,673,0,bfs,manhattan,4,,332,189,189.0000,190,5,true,0.0623,189.0000
E1,maze,1144,25,50,0,673,0,dfs,manhattan,4,,229,189,189.0000,190,7,true,0.0480,189.0000
E1,maze,1144,25,50,0,673,0,dijkstra,manhattan,4,,332,189,189.0000,190,4,true,0.0811,189.0000
E1,maze,1144,25,50,0,673,0,a_star,manhattan,4,,295,189,189.0000,190,5,true,0.0761,189.0000
E1,maze,1144,25,50,0,673,0,greedy,manhattan,4,,230,189,189.0000,190,7,true,0.0546,189.0000
E1,maze,1144,25,50,0,673,0,swarm,manhattan,4,,280,189,189.0000,190,7,true,0.0706,189.0000
E1,maze,1144,25,50,0,673,0,convergent_swarm,manhattan,4,,269,189,189.0000,190,9,true,0.0931,189.0000
E1,maze,1144,25,50,0,673,0,zero_one_bfs,manhattan,4,,229,0,189.0000,190,7,true,0.0642,189.0000
E1,maze,1263,25,50,0,673,0,bfs,manhattan,4,,482,353,353.0000,354,6,true,0.0902,353.0000
E1,maze,1263,25,50,0,673,0,dfs,manhattan,4,,383,353,353.0000,354,13,true,0.1406,353.0000
E1,maze,1263,25,50,0,673,0,dijkstra,manhattan,4,,480,353,353.0000,354,6,true,0.1156,353.0000
E1,maze,1263,25,50,0,673,0,a_star,manhattan,4,,464,353,353.0000,354,7,true,0.1122,353.0000
E1,maze,1263,25,50,0,673,0,greedy,manhattan,4,,420,353,353.0000,354,12,true,0.1006,353.0000
E1,maze,1263,25,50,0,673,0,swarm,manhattan,4,,422,353,353.0000,354,10,true,0.1015,353.0000
E1,maze,1263,25,50,0,673,0,convergent_swarm,manhattan,4,,422,353,353.0000,354,12,true,0.1030,353.0000
E1,maze,1263,25,50,0,673,0,zero_one_bfs,manhattan,4,,383,0,353.0000,354,13,true,0.1083,353.0000
E1,maze,1507,25,50,0,673,0,bfs,manhattan,4,,460,249,249.0000,250,6,true,0.0834,249.0000
E1,maze,1507,25,50,0,673,0,dfs,manhattan,4,,251,249,249.0000,250,10,true,0.0599,249.0000
E1,maze,1507,25,50,0,673,0,dijkstra,manhattan,4,,458,249,249.0000,250,6,true,0.1162,249.0000
E1,maze,1507,25,50,0,673,0,a_star,manhattan,4,,412,249,249.0000,250,5,true,0.0997,249.0000
E1,maze,1507,25,50,0,673,0,greedy,manhattan,4,,257,249,249.0000,250,8,true,0.0720,249.0000
E1,maze,1507,25,50,0,673,0,swarm,manhattan,4,,403,249,249.0000,250,8,true,0.1173,249.0000
E1,maze,1507,25,50,0,673,0,convergent_swarm,manhattan,4,,265,249,249.0000,250,7,true,0.0668,249.0000
E1,maze,1507,25,50,0,673,0,zero_one_bfs,manhattan,4,,251,0,249.0000,250,10,true,0.0698,249.0000
E1,maze,1796,25,50,0,673,0,bfs,manhattan,4,,380,229,229.0000,230,4,true,0.0693,229.0000
E1,maze,1796,25,50,0,673,0,dfs,manhattan,4,,253,229,229.0000,230,8,true,0.0530,229.0000
E1,maze,1796,25,50,0,673,0,dijkstra,manhattan,4,,380,229,229.0000,230,4,true,0.0881,229.0000
E1,maze,1796,25,50,0,673,0,a_star,manhattan,4,,340,229,229.0000,230,5,true,0.1041,229.0000
E1,maze,1796,25,50,0,673,0,greedy,manhattan,4,,289,229,229.0000,230,8,true,0.0742,229.0000
E1,maze,1796,25,50,0,673,0,swarm,manhattan,4,,333,229,229.0000,230,5,true,0.0801,229.0000
E1,maze,1796,25,50,0,673,0,convergent_swarm,manhattan,4,,303,229,229.0000,230,8,true,0.0743,229.0000
E1,maze,1796,25,50,0,673,0,zero_one_bfs,manhattan,4,,253,0,229.0000,230,8,true,0.0697,229.0000
E1,maze,2056,25,50,0,673,0,bfs,manhattan,4,,174,137,137.0000,138,4,true,0.0315,137.0000
E1,maze,2056,25,50,0,673,0,dfs,manhattan,4,,137,137,137.0000,138,8,true,0.0296,137.0000
E1,maze,2056,25,50,0,673,0,dijkstra,manhattan,4,,172,137,137.0000,138,3,true,0.0410,137.0000
E1,maze,2056,25,50,0,673,0,a_star,manhattan,4,,168,137,137.0000,138,4,true,0.0452,137.0000
E1,maze,2056,25,50,0,673,0,greedy,manhattan,4,,141,137,137.0000,138,9,true,0.0349,137.0000
E1,maze,2056,25,50,0,673,0,swarm,manhattan,4,,150,137,137.0000,138,8,true,0.0462,137.0000
E1,maze,2056,25,50,0,673,0,convergent_swarm,manhattan,4,,143,137,137.0000,138,9,true,0.0357,137.0000
E1,maze,2056,25,50,0,673,0,zero_one_bfs,manhattan,4,,137,0,137.0000,138,8,true,0.0396,137.0000
E1,maze,2151,25,50,0,673,0,bfs,manhattan,4,,168,145,145.0000,146,4,true,0.0326,145.0000
E1,maze,2151,25,50,0,673,0,dfs,manhattan,4,,145,145,145.0000,146,4,true,0.0314,145.0000
E1,maze,2151,25,50,0,673,0,dijkstra,manhattan,4,,168,145,145.0000,146,4,true,0.0404,145.0000
E1,maze,2151,25,50,0,673,0,a_star,manhattan,4,,150,145,145.0000,146,4,true,0.0362,145.0000
E1,maze,2151,25,50,0,673,0,greedy,manhattan,4,,145,145,145.0000,146,5,true,0.0347,145.0000
E1,maze,2151,25,50,0,673,0,swarm,manhattan,4,,147,145,145.0000,146,4,true,0.0388,145.0000
E1,maze,2151,25,50,0,673,0,convergent_swarm,manhattan,4,,145,145,145.0000,146,5,true,0.0322,145.0000
E1,maze,2151,25,50,0,673,0,zero_one_bfs,manhattan,4,,145,0,145.0000,146,4,true,0.0394,145.0000
E1,maze,2270,25,50,0,673,0,bfs,manhattan,4,,566,253,253.0000,254,6,true,0.1097,253.0000
E1,maze,2270,25,50,0,673,0,dfs,manhattan,4,,271,253,253.0000,254,10,true,0.0563,253.0000
E1,maze,2270,25,50,0,673,0,dijkstra,manhattan,4,,566,253,253.0000,254,5,true,0.1452,253.0000
E1,maze,2270,25,50,0,673,0,a_star,manhattan,4,,483,253,253.0000,254,6,true,0.1166,253.0000
E1,maze,2270,25,50,0,673,0,greedy,manhattan,4,,297,253,253.0000,254,8,true,0.0750,253.0000
E1,maze,2270,25,50,0,673,0,swarm,manhattan,4,,375,253,253.0000,254,6,true,0.1099,253.0000
E1,maze,2270,25,50,0,673,0,convergent_swarm,manhattan,4,,328,253,253.0000,254,7,true,0.0853,253.0000
E1,maze,2270,25,50,0,673,0,zero_one_bfs,manhattan,4,,271,0,253.0000,254,10,true,0.0785,253.0000
E1,maze,2514,25,50,0,673,0,bfs,manhattan,4,,475,285,285.0000,286,4,true,0.0853,285.0000
E1,maze,2514,25,50,0,673,0,dfs,manhattan,4,,291,285,285.0000,286,14,true,0.0633,285.0000
E1,maze,2514,25,50,0,673,0,dijkstra,manhattan,4,,474,285,285.0000,286,4,true,0.1181,285.0000
E1,maze,2514,25,50,0,673,0,a_star,manhattan,4,,463,285,285.0000,286,5,true,0.1135,285.0000
E1,maze,2514,25,50,0,673,0,greedy,manhattan,4,,332,285,285.0000,286,11,true,0.0844,285.0000
E1,maze,2514,25,50,0,673,0,swarm,manhattan,4,,416,285,285.0000,286,7,true,0.1032,285.0000
E1,maze,2514,25,50,0,673,0,convergent_swarm,manhattan,4,,355,285,285.0000,286,9,true,0.0898,285.0000
E1,maze,2514,25,50,0,673,0,zero_one_bfs,manhattan,4,,291,0,285.0000,286,14,true,0.0818,285.0000
E1,maze,2803,25,50,0,673,0,bfs,manhattan,4,,497,349,349.0000,350,4,true,0.0869,349.0000
E1,maze,2803,25,50,0,673,0,dfs,manhattan,4,,375,349,349.0000,350,15,true,0.0771,349.0000
E1,maze,2803,25,50,0,673,0,dijkstra,manhattan,4,,495,349,349.0000,350,4,true,0.1245,349.0000
E1,maze,2803,25,50,0,673,0,a_star,manhattan,4,,463,349,349.0000,350,4,true,0.1166,349.0000
E1,maze,2803,25,50,0,673,0,greedy,manhattan,4,,399,349,349.0000,350,10,true,0.1061,349.0000
E1,maze,2803,25,50,0,673,0,swarm,manhattan,4,,455,349,349.0000,350,5,true,0.1090,349.0000
E1,maze,2803,25,50,0,673,0,convergent_swarm,manhattan,4,,453,349,349.0000,350,6,true,0.1184,349.0000
E1,maze,2803,25,50,0,673,0,zero_one_bfs,manhattan,4,,375,0,349.0000,350,15,true,0.1017,349.0000
E1,maze,3063,25,50,0,673,0,bfs,manhattan,4,,286,185,185.0000,186,4,true,0.0529,185.0000
E1,maze,3063,25,50,0,673,0,dfs,manhattan,4,,189,185,185.0000,186,6,true,0.0462,185.0000
E1,maze,3063,25,50,0,673,0,dijkstra,manhattan,4,,286,185,185.0000,186,4,true,0.0746,185.0000
E1,maze,3063,25,50,0,673,0,a_star,manhattan,4,,272,185,185.0000,186,5,true,0.1316,185.0000
E1,maze,3063,25,50,0,673,0,greedy,manhattan,4,,187,185,185.0000,186,9,true,0.0473,185.0000
E1,maze,3063,25,50,0,673,0,swarm,manhattan,4,,211,185,185.0000,186,6,true,0.0496,185.0000
E1,maze,3063,25,50,0,673,0,convergent_swarm,manhattan,4,,189,185,185.0000,186,8,true,0.0432,185.0000
E1,maze,3063,25,50,0,673,0,zero_one_bfs,manhattan,4,,189,0,185.0000,186,6,true,0.0495,185.0000
E1,maze,3158,25,50,0,673,0,bfs,manhattan,4,,370,233,233.0000,234,4,true,0.0726,233.0000
E1,maze,3158,25,50,0,673,0,dfs,manhattan,4,,243,233,233.0000,234,7,true,0.0484,233.0000
E1,maze,3158,25,50,0,673,0,dijkstra,manhattan,4,,368,233,233.0000,234,4,true,0.0878,233.0000
E1,maze,3158,25,50,0,673,0,a_star,manhattan,4,,340,233,233.0000,234,5,true,0.0819,233.0000
E1,maze,3158,25,50,0,673,0,greedy,manhattan,4,,261,233,233.0000,234,8,true,0.0669,233.0000
E1,maze,3158,25,50,0,673,0,swarm,manhattan,4,,288,233,233.0000,234,7,true,0.0705,233.0000
E1,maze,3158,25,50,0,673,0,convergent_swarm,manhattan,4,,275,233,233.0000,234,7,true,0.0665,233.0000
E1,maze,3158,25,50,0,673,0,zero_one_bfs,manhattan,4,,243,0,233.0000,234,7,true,0.0685,233.0000
E1,maze,3277,25,50,0,673,0,bfs,manhattan,4,,554,381,381.0000,382,6,true,0.1049,381.0000
E1,maze,3277,25,50,0,673,0,dfs,manhattan,4,,411,381,381.0000,382,13,true,0.0845,381.0000
E1,maze,3277,25,50,0,673,0,dijkstra,manhattan,4,,553,381,381.0000,382,6,true,0.1412,381.0000
E1,maze,3277,25,50,0,673,0,a_star,manhattan,4,,506,381,381.0000,382,5,true,0.1219,381.0000
E1,maze,3277,25,50,0,673,0,greedy,manhattan,4,,435,381,381.0000,382,11,true,0.1103,381.0000
E1,maze,3277,25,50,0,673,0,swarm,manhattan,4,,456,381,381.0000,382,8,true,0.1089,381.0000
E1,maze,3277,25,50,0,673,0,convergent_swarm,manhattan,4,,448,381,381.0000,382,8,true,0.8971,381.0000
E1,maze,3277,25,50,0,673,0,zero_one_bfs,manhattan,4,,411,0,381.0000,382,13,true,0.1181,381.0000
E1,maze,3521,25,50,0,673,0,bfs,manhattan,4,,225,165,165.0000,166,4,true,0.0418,165.0000
E1,maze,3521,25,50,0,673,0,dfs,manhattan,4,,165,165,165.0000,166,6,true,0.0354,165.0000
E1,maze,3521,25,50,0,673,0,dijkstra,manhattan,4,,224,165,165.0000,166,3,true,0.0603,165.0000
E1,maze,3521,25,50,0,673,0,a_star,manhattan,4,,211,165,165.0000,166,3,true,0.0553,165.0000
E1,maze,3521,25,50,0,673,0,greedy,manhattan,4,,167,165,165.0000,166,5,true,0.0395,165.0000
E1,maze,3521,25,50,0,673,0,swarm,manhattan,4,,189,165,165.0000,166,5,true,0.0475,165.0000
E1,maze,3521,25,50,0,673,0,convergent_swarm,manhattan,4,,167,165,165.0000,166,5,true,0.0413,165.0000
E1,maze,3521,25,50,0,673,0,zero_one_bfs,manhattan,4,,165,0,165.0000,166,6,true,0.0466,165.0000
E1,maze,3810,25,50,0,673,0,bfs,manhattan,4,,437,257,257.0000,258,6,true,0.0907,257.0000
E1,maze,3810,25,50,0,673,0,dfs,manhattan,4,,259,257,257.0000,258,10,true,0.0634,257.0000
E1,maze,3810,25,50,0,673,0,dijkstra,manhattan,4,,435,257,257.0000,258,7,true,0.1262,257.0000
E1,maze,3810,25,50,0,673,0,a_star,manhattan,4,,389,257,257.0000,258,5,true,0.0942,257.0000
E1,maze,3810,25,50,0,673,0,greedy,manhattan,4,,291,257,257.0000,258,9,true,0.0744,257.0000
E1,maze,3810,25,50,0,673,0,swarm,manhattan,4,,375,257,257.0000,258,7,true,0.0934,257.0000
E1,maze,3810,25,50,0,673,0,convergent_swarm,manhattan,4,,299,257,257.0000,258,8,true,0.0765,257.0000
E1,maze,3810,25,50,0,673,0,zero_one_bfs,manhattan,4,,259,0,257.0000,258,10,true,0.0871,257.0000
E1,maze,4070,25,50,0,673,0,bfs,manhattan,4,,477,249,249.0000,250,5,true,0.0918,249.0000
E1,maze,4070,25,50,0,673,0,dfs,manhattan,4,,255,249,249.0000,250,13,true,0.0550,249.0000
E1,maze,4070,25,50,0,673,0,dijkstra,manhattan,4,,476,249,249.0000,250,5,true,0.1135,249.0000
E1,maze,4070,25,50,0,673,0,a_star,manhattan,4,,421,249,249.0000,250,9,true,0.1240,249.0000
E1,maze,4070,25,50,0,673,0,greedy,manhattan,4,,265,249,249.0000,250,11,true,0.0807,249.0000
E1,maze,4070,25,50,0,673,0,swarm,manhattan,4,,302,249,249.0000,250,9,true,0.0870,249.0000
E1,maze,4070,25,50,0,673,0,convergent_swarm,manhattan,4,,269,249,249.0000,250,9,true,0.1044,249.0000
E1,maze,4070,25,50,0,673,0,zero_one_bfs,manhattan,4,,255,0,249.0000,250,13,true,0.0832,249.0000
E1,maze,4165,25,50,0,673,0,bfs,manhattan,4,,491,277,277.0000,278,4,true,0.1035,277.0000
E1,maze,4165,25,50,0,673,0,dfs,manhattan,4,,297,277,277.0000,278,10,true,0.0712,277.0000
E1,maze,4165,25,50,0,673,0,dijkstra,manhattan,4,,490,277,277.0000,278,4,true,0.1474,277.0000
E1,maze,4165,25,50,0,673,0,a_star,manhattan,4,,448,277,277.0000,278,6,true,0.1380,277.0000
E1,maze,4165,25,50,0,673,0,greedy,manhattan,4,,373,277,277.0000,278,11,true,0.1169,277.0000
E1,maze,4165,25,50,0,673,0,swarm,manhattan,4,,430,277,277.0000,278,10,true,0.1079,277.0000
E1,maze,4165,25,50,0,673,0,convergent_swarm,manhattan,4,,428,277,277.0000,278,10,true,0.1060,277.0000
E1,maze,4165,25,50,0,673,0,zero_one_bfs,manhattan,4,,297,0,277.0000,278,10,true,0.0829,277.0000
E1,maze,4284,25,50,0,673,0,bfs,manhattan,4,,264,177,177.0000,178,5,true,0.0526,177.0000
E1,maze,4284,25,50,0,673,0,dfs,manhattan,4,,177,177,177.0000,178,6,true,0.0424,177.0000
E1,maze,4284,25,50,0,673,0,dijkstra,manhattan,4,,262,177,177.0000,178,5,true,0.0773,177.0000
E1,maze,4284,25,50,0,673,0,a_star,manhattan,4,,259,177,177.0000,178,4,true,0.0705,177.0000
E1,maze,4284,25,50,0,673,0,greedy,manhattan,4,,177,177,177.0000,178,6,true,0.0444,177.0000
E1,maze,4284,25,50,0,673,0,swarm,manhattan,4,,227,177,177.0000,178,5,true,0.0569,177.0000
E1,maze,4284,25,50,0,673,0,convergent_swarm,manhattan,4,,182,177,177.0000,178,5,true,0.0462,177.0000
E1,maze,4284,25,50,0,673,0,zero_one_bfs,manhattan,4,,177,0,177.0000,178,6,true,0.0584,177.0000
E1,maze,4528,25,50,0,673,0,bfs,manhattan,4,,248,165,165.0000,166,4,true,0.0544,165.0000
E1,maze,4528,25,50,0,673,0,dfs,manhattan,4,,169,165,165.0000,166,5,true,0.0400,165.0000
E1,maze,4528,25,50,0,673,0,dijkstra,manhattan,4,,248,165,165.0000,166,4,true,0.0707,165.0000
E1,maze,4528,25,50,0,673,0,a_star,manhattan,4,,237,165,165.0000,166,4,true,0.0707,165.0000
E1,maze,4528,25,50,0,673,0,greedy,manhattan,4,,181,165,165.0000,166,6,true,0.0539,165.0000
E1,maze,4528,25,50,0,673,0,swarm,manhattan,4,,230,165,165.0000,166,5,true,0.0686,165.0000
E1,maze,4528,25,50,0,673,0,convergent_swarm,manhattan,4,,184,165,165.0000,166,6,true,0.0500,165.0000
E1,maze,4528,25,50,0,673,0,zero_one_bfs,manhattan,4,,169,0,165.0000,166,5,true,0.0501,165.0000
E1,maze,4817,25,50,0,673,0,bfs,manhattan,4,,259,189,189.0000,190,6,true,0.0570,189.0000
E1,maze,4817,25,50,0,673,0,dfs,manhattan,4,,189,189,189.0000,190,9,true,0.0450,189.0000
E1,maze,4817,25,50,0,673,0,dijkstra,manhattan,4,,256,189,189.0000,190,5,true,0.0802,189.0000
E1,maze,4817,25,50,0,673,0,a_star,manhattan,4,,223,189,189.0000,190,4,true,0.0681,189.0000
E1,maze,4817,25,50,0,673,0,greedy,manhattan,4,,195,189,189.0000,190,7,true,0.0544,189.0000
E1,maze,4817,25,50,0,673,0,swarm,manhattan,4,,215,189,189.0000,190,5,true,0.0489,189.0000
E1,maze,4817,25,50,0,673,0,convergent_swarm,manhattan,4,,200,189,189.0000,190,6,true,0.0454,189.0000
E1,maze,4817,25,50,0,673,0,zero_one_bfs,manhattan,4,,189,0,189.0000,190,9,true,0.0491,189.0000
E1,maze,5077,25,50,0,673,0,bfs,manhattan,4,,335,237,237.0000,238,4,true,0.0615,237.0000
E1,maze,5077,25,50,0,673,0,dfs,manhattan,4,,241,237,237.0000,238,11,true,0.0526,237.0000
E1,maze,5077,25,50,0,673,0,dijkstra,manhattan,4,,334,237,237.0000,238,4,true,0.0824,237.0000
E1,maze,5077,25,50,0,673,0,a_star,manhattan,4,,325,237,237.0000,238,4,true,0.0794,237.0000
E1,maze,5077,25,50,0,673,0,greedy,manhattan,4,,263,237,237.0000,238,8,true,0.0681,237.0000
E1,maze,5077,25,50,0,673,0,swarm,manhattan,4,,316,237,237.0000,238,5,true,0.0783,237.0000
E1,maze,5077,25,50,0,673,0,convergent_swarm,manhattan,4,,269,237,237.0000,238,7,true,0.0680,237.0000
E1,maze,5077,25,50,0,673,0,zero_one_bfs,manhattan,4,,241,0,237.0000,238,11,true,0.0639,237.0000
E1,maze,5172,25,50,0,673,0,bfs,manhattan,4,,299,161,161.0000,162,5,true,0.0605,161.0000
E1,maze,5172,25,50,0,673,0,dfs,manhattan,4,,165,161,161.0000,162,8,true,0.0336,161.0000
E1,maze,5172,25,50,0,673,0,dijkstra,manhattan,4,,299,161,161.0000,162,4,true,0.0721,161.0000
E1,maze,5172,25,50,0,673,0,a_star,manhattan,4,,226,161,161.0000,162,7,true,0.0543,161.0000
E1,maze,5172,25,50,0,673,0,greedy,manhattan,4,,165,161,161.0000,162,10,true,0.0414,161.0000
E1,maze,5172,25,50,0,673,0,swarm,manhattan,4,,195,161,161.0000,162,9,true,0.0480,161.0000
E1,maze,5172,25,50,0,673,0,convergent_swarm,manhattan,4,,172,161,161.0000,162,10,true,0.0417,161.0000
E1,maze,5172,25,50,0,673,0,zero_one_bfs,manhattan,4,,165,0,161.0000,162,8,true,0.0452,161.0000
E1,maze,5291,25,50,0,673,0,bfs,manhattan,4,,523,317,317.0000,318,5,true,0.1034,317.0000
E1,maze,5291,25,50,0,673,0,dfs,manhattan,4,,373,317,317.0000,318,12,true,0.0777,317.0000
E1,maze,5291,25,50,0,673,0,dijkstra,manhattan,4,,522,317,317.0000,318,5,true,0.1364,317.0000
E1,maze,5291,25,50,0,673,0,a_star,manhattan,4,,464,317,317.0000,318,5,true,0.1117,317.0000
E1,maze,5291,25,50,0,673,0,greedy,manhattan,4,,363,317,317.0000,318,14,true,0.0932,317.0000
E1,maze,5291,25,50,0,673,0,swarm,manhattan,4,,445,317,317.0000,318,5,true,0.1068,317.0000
E1,maze,5291,25,50,0,673,0,convergent_swarm,manhattan,4,,406,317,317.0000,318,9,true,0.0998,317.0000
E1,maze,5291,25,50,0,673,0,zero_one_bfs,manhattan,4,,373,0,317.0000,318,12,true,0.1011,317.0000
E1,maze,5535,25,50,0,673,0,bfs,manhattan,4,,200,157,157.0000,158,5,true,0.0353,157.0000
E1,maze,5535,25,50,0,673,0,dfs,manhattan,4,,171,157,157.0000,158,5,true,0.0337,157.0000
E1,maze,5535,25,50,0,673,0,dijkstra,manhattan,4,,198,157,157.0000,158,4,true,0.0455,157.0000
E1,maze,5535,25,50,0,673,0,a_star,manhattan,4,,177,157,157.0000,158,4,true,0.0413,157.0000
E1,maze,5535,25,50,0,673,0,greedy,manhattan,4,,166,157,157.0000,158,7,true,0.0396,157.0000
E1,maze,5535,25,50,0,673,0,swarm,manhattan,4,,172,157,157.0000,158,5,true,0.0408,157.0000
E1,maze,5535,25,50,0,673,0,convergent_swarm,manhattan,4,,166,157,157.0000,158,7,true,0.0414,157.0000
E1,maze,5535,25,50,0,673,0,zero_one_bfs,manhattan,4,,171,0,157.0000,158,5,true,0.0537,157.0000
E1,maze,5824,25,50,0,673,0,bfs,manhattan,4,,294,241,241.0000,242,4,true,0.0537,241.0000
E1,maze,5824,25,50,0,673,0,dfs,manhattan,4,,251,241,241.0000,242,10,true,0.0543,241.0000
E1,maze,5824,25,50,0,673,0,dijkstra,manhattan,4,,292,241,241.0000,242,3,true,0.0710,241.0000
E1,maze,5824,25,50,0,673,0,a_star,manhattan,4,,290,241,241.0000,242,4,true,0.0712,241.0000
E1,maze,5824,25,50,0,673,0,greedy,manhattan,4,,260,241,241.0000,242,10,true,0.0685,241.0000
E1,maze,5824,25,50,0,673,0,swarm,manhattan,4,,287,241,241.0000,242,6,true,0.0931,241.0000
E1,maze,5824,25,50,0,673,0,convergent_swarm,manhattan,4,,277,241,241.0000,242,8,true,0.0736,241.0000
E1,maze,5824,25,50,0,673,0,zero_one_bfs,manhattan,4,,251,0,241.0000,242,10,true,0.0740,241.0000
E1,weighted,42,25,50,0,0,427,bfs,manhattan,4,,793,25,59.0000,26,50,true,0.5832,38.0000
E1,weighted,42,25,50,0,0,427,dfs,manhattan,4,,25,25,59.0000,26,52,true,0.0221,38.0000
E1,weighted,42,25,50,0,0,427,dijkstra,manhattan,4,,842,38,38.0000,32,111,true,0.7657,38.0000
E1,weighted,42,25,50,0,0,427,a_star,manhattan,4,,151,38,38.0000,32,95,true,0.0683,38.0000
E1,weighted,42,25,50,0,0,427,greedy,manhattan,4,,25,59,59.0000,26,52,true,0.0141,38.0000
E1,weighted,42,25,50,0,0,427,swarm,manhattan,4,,39,38,38.0000,32,58,true,0.0191,38.0000
E1,weighted,42,25,50,0,0,427,convergent_swarm,manhattan,4,,25,59,59.0000,26,52,true,0.0128,38.0000
E1,weighted,42,25,50,0,0,427,zero_one_bfs,manhattan,4,,351,0,103.0000,104,297,true,0.4123,38.0000
E1,weighted,137,25,50,0,0,446,bfs,manhattan,4,,793,25,41.0000,26,50,true,0.2322,34.0000
E1,weighted,137,25,50,0,0,446,dfs,manhattan,4,,25,25,41.0000,26,52,true,0.0091,34.0000
E1,weighted,137,25,50,0,0,446,dijkstra,manhattan,4,,838,34,34.0000,28,114,true,0.3516,34.0000
E1,weighted,137,25,50,0,0,446,a_star,manhattan,4,,149,34,34.0000,28,78,true,0.0667,34.0000
E1,weighted,137,25,50,0,0,446,greedy,manhattan,4,,25,41,41.0000,26,52,true,0.0196,34.0000
E1,weighted,137,25,50,0,0,446,swarm,manhattan,4,,32,34,34.0000,28,53,true,0.0158,34.0000
E1,weighted,137,25,50,0,0,446,convergent_swarm,manhattan,4,,25,41,41.0000,26,52,true,0.0134,34.0000
E1,weighted,137,25,50,0,0,446,zero_one_bfs,manhattan,4,,534,0,105.0000,106,385,true,0.3180,34.0000
E1,weighted,256,25,50,0,0,477,bfs,manhattan,4,,793,25,103.0000,26,50,true,0.2209,44.0000
E1,weighted,256,25,50,0,0,477,dfs,manhattan,4,,25,25,103.0000,26,52,true,0.0092,44.0000
E1,weighted,256,25,50,0,0,477,dijkstra,manhattan,4,,902,44,44.0000,38,118,true,0.3694,44.0000
E1,weighted,256,25,50,0,0,477,a_star,manhattan,4,,376,44,44.0000,38,132,true,0.1725,44.0000
E1,weighted,256,25,50,0,0,477,greedy,manhattan,4,,25,103,103.0000,26,52,true,0.0133,44.0000
E1,weighted,256,25,50,0,0,477,swarm,manhattan,4,,60,48,48.0000,36,74,true,0.0282,44.0000
E1,weighted,256,25,50,0,0,477,convergent_swarm,manhattan,4,,32,79,79.0000,30,59,true,0.0164,44.0000
E1,weighted,256,25,50,0,0,477,zero_one_bfs,manhattan,4,,730,1,162.0000,160,339,true,0.4472,44.0000
E1,weighted,500,25,50,0,0,370,bfs,manhattan,4,,793,25,52.0000,26,50,true,0.7762,35.0000
E1,weighted,500,25,50,0,0,370,dfs,manhattan,4,,25,25,52.0000,26,52,true,0.0104,35.0000
E1,weighted,500,25,50,0,0,370,dijkstra,manhattan,4,,846,35,35.0000,36,108,true,0.3749,35.0000
E1,weighted,500,25,50,0,0,370,a_star,manhattan,4,,204,35,35.0000,36,102,true,0.0941,35.0000
E1,weighted,500,25,50,0,0,370,greedy,manhattan,4,,25,52,52.0000,26,52,true,0.0141,35.0000
E1,weighted,500,25,50,0,0,370,swarm,manhattan,4,,36,41,41.0000,30,52,true,0.0174,35.0000
E1,weighted,500,25,50,0,0,370,convergent_swarm,manhattan,4,,25,52,52.0000,26,52,true,0.0132,35.0000
E1,weighted,500,25,50,0,0,370,zero_one_bfs,manhattan,4,,455,0,135.0000,136,309,true,0.2469,35.0000
E1,weighted,789,25,50,0,0,386,bfs,manhattan,4,,793,25,46.0000,26,50,true,0.2061,31.0000
E1,weighted,789,25,50,0,0,386,dfs,manhattan,4,,25,25,46.0000,26,52,true,0.0093,31.0000
E1,weighted,789,25,50,0,0,386,dijkstra,manhattan,4,,797,31,31.0000,32,115,true,0.3365,31.0000
E1,weighted,789,25,50,0,0,386,a_star,manhattan,4,,116,31,31.0000,32,78,true,0.0529,31.0000
E1,weighted,789,25,50,0,0,386,greedy,manhattan,4,,25,46,46.0000,26,52,true,0.0129,31.0000
E1,weighted,789,25,50,0,0,386,swarm,manhattan,4,,32,31,31.0000,32,55,true,0.0158,31.0000
E1,weighted,789,25,50,0,0,386,convergent_swarm,manhattan,4,,25,46,46.0000,26,52,true,0.0123,31.0000
E1,weighted,789,25,50,0,0,386,zero_one_bfs,manhattan,4,,100,0,87.0000,88,128,true,0.0646,31.0000
E1,weighted,1049,25,50,0,0,476,bfs,manhattan,4,,793,25,77.0000,26,50,true,0.2122,38.0000
E1,weighted,1049,25,50,0,0,476,dfs,manhattan,4,,25,25,77.0000,26,52,true,0.0091,38.0000
E1,weighted,1049,25,50,0,0,476,dijkstra,manhattan,4,,824,38,38.0000,36,108,true,0.3418,38.0000
E1,weighted,1049,25,50,0,0,476,a_star,manhattan,4,,179,38,38.0000,36,93,true,0.0840,38.0000
E1,weighted,1049,25,50,0,0,476,greedy,manhattan,4,,25,77,77.0000,26,52,true,0.0129,38.0000
E1,weighted,1049,25,50,0,0,476,swarm,manhattan,4,,57,40,40.0000,34,63,true,0.0275,38.0000
E1,weighted,1049,25,50,0,0,476,convergent_swarm,manhattan,4,,25,77,77.0000,26,52,true,0.0129,38.0000
E1,weighted,1049,25,50,0,0,476,zero_one_bfs,manhattan,4,,64,0,41.0000,42,87,true,0.0373,38.0000
E1,weighted,1144,25,50,0,0,420,bfs,manhattan,4,,793,25,66.0000,26,50,true,0.2044,40.0000
E1,weighted,1144,25,50,0,0,420,dfs,manhattan,4,,25,25,66.0000,26,52,true,0.0103,40.0000
E1,weighted,1144,25,50,0,0,420,dijkstra,manhattan,4,,902,40,40.0000,36,111,true,0.3659,40.0000
E1,weighted,1144,25,50,0,0,420,a_star,manhattan,4,,247,40,40.0000,36,127,true,0.1130,40.0000
E1,weighted,1144,25,50,0,0,420,greedy,manhattan,4,,25,66,66.0000,26,52,true,0.0134,40.0000
E1,weighted,1144,25,50,0,0,420,swarm,manhattan,4,,72,42,42.0000,32,73,true,0.0339,40.0000
E1,weighted,1144,25,50,0,0,420,convergent_swarm,manhattan,4,,25,66,66.0000,26,52,true,0.0129,40.0000
E1,weighted,1144,25,50,0,0,420,zero_one_bfs,manhattan,4,,726,0,75.0000,76,453,true,0.4043,40.0000
E1,weighted,1263,25,50,0,0,475,bfs,manhattan,4,,793,25,67.0000,26,50,true,0.2472,34.0000
E1,weighted,1263,25,50,0,0,475,dfs,manhattan,4,,25,25,67.0000,26,52,true,0.0107,34.0000
E1,weighted,1263,25,50,0,0,475,dijkstra,manhattan,4,,846,34,34.0000,34,136,true,0.3807,34.0000
E1,weighted,1263,25,50,0,0,475,a_star,manhattan,4,,104,34,34.0000,32,101,true,0.0511,34.0000
E1,weighted,1263,25,50,0,0,475,greedy,manhattan,4,,25,67,67.0000,26,52,true,0.0140,34.0000
E1,weighted,1263,25,50,0,0,475,swarm,manhattan,4,,34,35,35.0000,32,54,true,0.0171,34.0000
E1,weighted,1263,25,50,0,0,475,convergent_swarm,manhattan,4,,28,55,55.0000,28,54,true,0.0142,34.0000
E1,weighted,1263,25,50,0,0,475,zero_one_bfs,manhattan,4,,388,0,141.0000,142,366,true,0.2324,34.0000
E1,weighted,1507,25,50,0,0,464,bfs,manhattan,4,,793,25,85.0000,26,50,true,0.2224,42.0000
E1,weighted,1507,25,50,0,0,464,dfs,manhattan,4,,25,25,85.0000,26,52,true,0.0099,42.0000
E1,weighted,1507,25,50,0,0,464,dijkstra,manhattan,4,,864,42,42.0000,32,98,true,0.3792,42.0000
E1,weighted,1507,25,50,0,0,464,a_star,manhattan,4,,238,42,42.0000,34,103,true,0.1211,42.0000
E1,weighted,1507,25,50,0,0,464,greedy,manhattan,4,,25,85,85.0000,26,52,true,0.0136,42.0000
E1,weighted,1507,25,50,0,0,464,swarm,manhattan,4,,63,45,45.0000,34,65,true,0.0298,42.0000
E1,weighted,1507,25,50,0,0,464,convergent_swarm,manhattan,4,,30,69,69.0000,28,56,true,0.0236,42.0000
E1,weighted,1507,25,50,0,0,464,zero_one_bfs,manhattan,4,,372,1,80.0000,74,273,true,0.2350,42.0000
E1,weighted,1796,25,50,0,0,414,bfs,manhattan,4,,793,25,70.0000,26,50,true,0.2083,35.0000
E1,weighted,1796,25,50,0,0,414,dfs,manhattan,4,,25,25,70.0000,26,52,true,0.0088,35.0000
E1,weighted,1796,25,50,0,0,414,dijkstra,manhattan,4,,895,35,35.0000,34,124,true,0.3573,35.0000
E1,weighted,1796,25,50,0,0,414,a_star,manhattan,4,,188,35,35.0000,34,104,true,0.0871,35.0000
E1,weighted,1796,25,50,0,0,414,greedy,manhattan,4,,25,70,70.0000,26,52,true,0.0129,35.0000
E1,weighted,1796,25,50,0,0,414,swarm,manhattan,4,,57,42,42.0000,38,69,true,0.0259,35.0000
E1,weighted,1796,25,50,0,0,414,convergent_swarm,manhattan,4,,25,70,70.0000,26,52,true,0.0126,35.0000
E1,weighted,1796,25,50,0,0,414,zero_one_bfs,manhattan,4,,801,1,41.0000,34,426,true,0.4439,35.0000
E1,weighted,2056,25,50,0,0,353,bfs,manhattan,4,,793,25,55.0000,26,50,true,0.2007,40.0000
E1,weighted,2056,25,50,0,0,353,dfs,manhattan,4,,25,25,55.0000,26,52,true,0.0151,40.0000
E1,weighted,2056,25,50,0,0,353,dijkstra,manhattan,4,,954,40,40.0000,34,106,true,0.3873,40.0000
E1,weighted,2056,25,50,0,0,353,a_star,manhattan,4,,319,40,40.0000,36,128,true,0.1460,40.0000
E1,weighted,2056,25,50,0,0,353,greedy,manhattan,4,,25,55,55.0000,26,52,true,0.0142,40.0000
E1,weighted,2056,25,50,0,0,353,swarm,manhattan,4,,41,41,41.0000,30,56,true,0.0191,40.0000
E1,weighted,2056,25,50,0,0,353,convergent_swarm,manhattan,4,,25,55,55.0000,26,52,true,0.0127,40.0000
E1,weighted,2056,25,50,0,0,353,zero_one_bfs,manhattan,4,,1021,1,137.0000,134,466,true,0.5482,40.0000
E1,weighted,2151,25,50,0,0,363,bfs,manhattan,4,,793,25,56.0000,26,50,true,0.2062,35.0000
E1,weighted,2151,25,50,0,0,363,dfs,manhattan,4,,25,25,56.0000,26,52,true,0.0089,35.0000
E1,weighted,2151,25,50,0,0,363,dijkstra,manhattan,4,,908,35,35.0000,30,122,true,0.6466,35.0000
E1,weighted,2151,25,50,0,0,363,a_star,manhattan,4,,179,35,35.0000,30,89,true,0.0947,35.0000
E1,weighted,2151,25,50,0,0,363,greedy,manhattan,4,,25,56,56.0000,26,52,true,0.0143,35.0000
E1,weighted,2151,25,50,0,0,363,swarm,manhattan,4,,57,41,41.0000,34,59,true,0.0270,35.0000
E1,weighted,2151,25,50,0,0,363,convergent_swarm,manhattan,4,,25,56,56.0000,26,52,true,0.0148,35.0000
E1,weighted,2151,25,50,0,0,363,zero_one_bfs,manhattan,4,,321,0,175.0000,176,304,true,0.1991,35.0000
E1,weighted,2270,25,50,0,0,329,bfs,manhattan,4,,793,25,61.0000,26,50,true,0.2182,30.0000
E1,weighted,2270,25,50,0,0,329,dfs,manhattan,4,,25,25,61.0000,26,52,true,0.0099,30.0000
E1,weighted,2270,25,50,0,0,329,dijkstra,manhattan,4,,826,30,30.0000,30,121,true,0.4748,30.0000
E1,weighted,2270,25,50,0,0,329,a_star,manhattan,4,,66,30,30.0000,30,65,true,0.0321,30.0000
E1,weighted,2270,25,50,0,0,329,greedy,manhattan,4,,25,61,61.0000,26,52,true,0.0183,30.0000
E1,weighted,2270,25,50,0,0,329,swarm,manhattan,4,,33,30,30.0000,30,53,true,0.0157,30.0000
E1,weighted,2270,25,50,0,0,329,convergent_swarm,manhattan,4,,25,61,61.0000,26,52,true,0.0125,30.0000
E1,weighted,2270,25,50,0,0,329,zero_one_bfs,manhattan,4,,335,0,201.0000,202,351,true,0.2069,30.0000
E1,weighted,2514,25,50,0,0,339,bfs,manhattan,4,,793,25,46.0000,26,50,true,0.2097,33.0000
E1,weighted,2514,25,50,0,0,339,dfs,manhattan,4,,25,25,46.0000,26,52,true,0.0106,33.0000
E1,weighted,2514,25,50,0,0,339,dijkstra,manhattan,4,,876,33,33.0000,32,116,true,0.3972,33.0000
E1,weighted,2514,25,50,0,0,339,a_star,manhattan,4,,125,33,33.0000,32,86,true,0.0571,33.0000
E1,weighted,2514,25,50,0,0,339,greedy,manhattan,4,,25,46,46.0000,26,52,true,0.0129,33.0000
E1,weighted,2514,25,50,0,0,339,swarm,manhattan,4,,48,44,44.0000,28,60,true,0.0218,33.0000
E1,weighted,2514,25,50,0,0,339,convergent_swarm,manhattan,4,,25,46,46.0000,26,52,true,0.0135,33.0000
E1,weighted,2514,25,50,0,0,339,zero_one_bfs,manhattan,4,,108,0,95.0000,96,150,true,0.0628,33.0000
E1,weighted,2803,25,50,0,0,385,bfs,manhattan,4,,793,25,61.0000,26,50,true,0.2060,35.0000
E1,weighted,2803,25,50,0,0,385,dfs,manhattan,4,,25,25,61.0000,26,52,true,0.0091,35.0000
E1,weighted,2803,25,50,0,0,385,dijkstra,manhattan,4,,835,35,35.0000,36,107,true,0.7782,35.0000
E1,weighted,2803,25,50,0,0,385,a_star,manhattan,4,,143,35,35.0000,36,101,true,0.0637,35.0000
E1,weighted,2803,25,50,0,0,385,greedy,manhattan,4,,25,61,61.0000,26,52,true,0.0128,35.0000
E1,weighted,2803,25,50,0,0,385,swarm,manhattan,4,,57,38,38.0000,34,78,true,0.0260,35.0000
E1,weighted,2803,25,50,0,0,385,convergent_swarm,manhattan,4,,25,61,61.0000,26,52,true,0.0138,35.0000
E1,weighted,2803,25,50,0,0,385,zero_one_bfs,manhattan,4,,56,0,47.0000,48,88,true,0.0339,35.0000
E1,weighted,3063,25,50,0,0,410,bfs,manhattan,4,,793,25,79.0000,26,50,true,0.2059,40.0000
E1,weighted,3063,25,50,0,0,410,dfs,manhattan,4,,25,25,79.0000,26,52,true,0.0093,40.0000
E1,weighted,3063,25,50,0,0,410,dijkstra,manhattan,4,,908,40,40.0000,36,107,true,0.3891,40.0000
E1,weighted,3063,25,50,0,0,410,a_star,manhattan,4,,246,40,40.0000,36,115,true,0.1129,40.0000
E1,weighted,3063,25,50,0,0,410,greedy,manhattan,4,,25,79,79.0000,26,52,true,0.0138,40.0000
E1,weighted,3063,25,50,0,0,410,swarm,manhattan,4,,56,40,40.0000,36,68,true,0.0258,40.0000
E1,weighted,3063,25,50,0,0,410,convergent_swarm,manhattan,4,,31,69,69.0000,28,56,true,0.0151,40.0000
E1,weighted,3063,25,50,0,0,410,zero_one_bfs,manhattan,4,,200,0,75.0000,76,174,true,0.1084,40.0000
E1,weighted,3158,25,50,0,0,369,bfs,manhattan,4,,793,25,49.0000,26,50,true,0.2271,33.0000
E1,weighted,3158,25,50,0,0,369,dfs,manhattan,4,,25,25,49.0000,26,52,true,0.0093,33.0000
E1,weighted,3158,25,50,0,0,369,dijkstra,manhattan,4,,838,33,33.0000,32,106,true,0.4183,33.0000
E1,weighted,3158,25,50,0,0,369,a_star,manhattan,4,,147,33,33.0000,34,94,true,0.0644,33.0000
E1,weighted,3158,25,50,0,0,369,greedy,manhattan,4,,25,49,49.0000,26,52,true,0.0906,33.0000
E1,weighted,3158,25,50,0,0,369,swarm,manhattan,4,,39,36,36.0000,32,56,true,0.0296,33.0000
E1,weighted,3158,25,50,0,0,369,convergent_swarm,manhattan,4,,25,49,49.0000,26,52,true,0.0190,33.0000
E1,weighted,3158,25,50,0,0,369,zero_one_bfs,manhattan,4,,521,0,149.0000,150,437,true,0.3734,33.0000
E1,weighted,3277,25,50,0,0,445,bfs,manhattan,4,,793,25,58.0000,26,50,true,0.2286,31.0000
E1,weighted,3277,25,50,0,0,445,dfs,manhattan,4,,25,25,58.0000,26,52,true,0.0103,31.0000
E1,weighted,3277,25,50,0,0,445,dijkstra,manhattan,4,,769,31,31.0000,32,121,true,0.4142,31.0000
E1,weighted,3277,25,50,0,0,445,a_star,manhattan,4,,82,31,31.0000,32,78,true,0.0815,31.0000
E1,weighted,3277,25,50,0,0,445,greedy,manhattan,4,,25,58,58.0000,26,52,true,0.0136,31.0000
E1,weighted,3277,25,50,0,0,445,swarm,manhattan,4,,33,31,31.0000,32,53,true,0.0169,31.0000
E1,weighted,3277,25,50,0,0,445,convergent_swarm,manhattan,4,,29,46,46.0000,28,55,true,0.0175,31.0000
E1,weighted,3277,25,50,0,0,445,zero_one_bfs,manhattan,4,,33,0,31.0000,32,56,true,0.0193,31.0000
E1,weighted,3521,25,50,0,0,478,bfs,manhattan,4,,793,25,40.0000,26,50,true,0.2846,33.0000
E1,weighted,3521,25,50,0,0,478,dfs,manhattan,4,,25,25,40.0000,26,52,true,0.0130,33.0000
E1,weighted,3521,25,50,0,0,478,dijkstra,manhattan,4,,835,33,33.0000,30,133,true,0.4982,33.0000
E1,weighted,3521,25,50,0,0,478,a_star,manhattan,4,,109,33,33.0000,30,84,true,0.0580,33.0000
E1,weighted,3521,25,50,0,0,478,greedy,manhattan,4,,25,40,40.0000,26,52,true,0.0146,33.0000
E1,weighted,3521,25,50,0,0,478,swarm,manhattan,4,,31,37,37.0000,28,52,true,0.0159,33.0000
E1,weighted,3521,25,50,0,0,478,convergent_swarm,manhattan,4,,25,40,40.0000,26,52,true,0.0135,33.0000
E1,weighted,3521,25,50,0,0,478,zero_one_bfs,manhattan,4,,62,0,59.0000,60,97,true,0.0371,33.0000
E1,weighted,3810,25,50,0,0,343,bfs,manhattan,4,,793,25,49.0000,26,50,true,0.2159,29.0000
E1,weighted,3810,25,50,0,0,343,dfs,manhattan,4,,25,25,49.0000,26,52,true,0.0088,29.0000
E1,weighted,3810,25,50,0,0,343,dijkstra,manhattan,4,,809,29,29.0000,30,116,true,0.3665,29.0000
E1,weighted,3810,25,50,0,0,343,a_star,manhattan,4,,67,29,29.0000,30,69,true,0.0320,29.0000
E1,weighted,3810,25,50,0,0,343,greedy,manhattan,4,,25,49,49.0000,26,52,true,0.0171,29.0000
E1,weighted,3810,25,50,0,0,343,swarm,manhattan,4,,28,33,33.0000,28,52,true,0.0144,29.0000
E1,weighted,3810,25,50,0,0,343,convergent_swarm,manhattan,4,,28,40,40.0000,28,54,true,0.0141,29.0000
E1,weighted,3810,25,50,0,0,343,zero_one_bfs,manhattan,4,,70,0,59.0000,60,96,true,0.0475,29.0000
E1,weighted,4070,25,50,0,0,363,bfs,manhattan,4,,793,25,40.0000,26,50,true,0.2074,31.0000
E1,weighted,4070,25,50,0,0,363,dfs,manhattan,4,,25,25,40.0000,26,52,true,0.0088,31.0000
E1,weighted,4070,25,50,0,0,363,dijkstra,manhattan,4,,801,31,31.0000,30,110,true,0.5311,31.0000
E1,weighted,4070,25,50,0,0,363,a_star,manhattan,4,,97,31,31.0000,28,69,true,0.0775,31.0000
E1,weighted,4070,25,50,0,0,363,greedy,manhattan,4,,25,40,40.0000,26,52,true,0.0219,31.0000
E1,weighted,4070,25,50,0,0,363,swarm,manhattan,4,,32,31,31.0000,28,58,true,0.0252,31.0000
E1,weighted,4070,25,50,0,0,363,convergent_swarm,manhattan,4,,25,40,40.0000,26,52,true,0.0209,31.0000
E1,weighted,4070,25,50,0,0,363,zero_one_bfs,manhattan,4,,41,0,39.0000,40,66,true,0.0381,31.0000
E1,weighted,4165,25,50,0,0,482,bfs,manhattan,4,,793,25,72.0000,26,50,true,0.2102,40.0000
E1,weighted,4165,25,50,0,0,482,dfs,manhattan,4,,25,25,72.0000,26,52,true,0.0095,40.0000
E1,weighted,4165,25,50,0,0,482,dijkstra,manhattan,4,,884,40,40.0000,34,121,true,0.3848,40.0000
E1,weighted,4165,25,50,0,0,482,a_star,manhattan,4,,211,40,40.0000,34,106,true,0.1539,40.0000
E1,weighted,4165,25,50,0,0,482,greedy,manhattan,4,,25,72,72.0000,26,52,true,0.0141,40.0000
E1,weighted,4165,25,50,0,0,482,swarm,manhattan,4,,68,41,41.0000,32,68,true,0.0346,40.0000
E1,weighted,4165,25,50,0,0,482,convergent_swarm,manhattan,4,,25,72,72.0000,26,52,true,0.0132,40.0000
E1,weighted,4165,25,50,0,0,482,zero_one_bfs,manhattan,4,,651,1,49.0000,44,337,true,0.4241,40.0000
E1,weighted,4284,25,50,0,0,462,bfs,manhattan,4,,793,25,58.0000,26,50,true,0.2065,35.0000
E1,weighted,4284,25,50,0,0,462,dfs,manhattan,4,,25,25,58.0000,26,52,true,0.0090,35.0000
E1,weighted,4284,25,50,0,0,462,dijkstra,manhattan,4,,817,35,35.0000,32,107,true,0.4277,35.0000
E1,weighted,4284,25,50,0,0,462,a_star,manhattan,4,,121,35,35.0000,30,86,true,0.0603,35.0000
E1,weighted,4284,25,50,0,0,462,greedy,manhattan,4,,25,58,58.0000,26,52,true,0.0127,35.0000
E1,weighted,4284,25,50,0,0,462,swarm,manhattan,4,,33,35,35.0000,30,53,true,0.0178,35.0000
E1,weighted,4284,25,50,0,0,462,convergent_swarm,manhattan,4,,25,58,58.0000,26,52,true,0.0131,35.0000
E1,weighted,4284,25,50,0,0,462,zero_one_bfs,manhattan,4,,556,0,77.0000,78,382,true,0.3517,35.0000
E1,weighted,4528,25,50,0,0,488,bfs,manhattan,4,,793,25,75.0000,26,50,true,0.2260,42.0000
E1,weighted,4528,25,50,0,0,488,dfs,manhattan,4,,25,25,75.0000,26,52,true,0.0097,42.0000
E1,weighted,4528,25,50,0,0,488,dijkstra,manhattan,4,,885,42,42.0000,32,107,true,0.4795,42.0000
E1,weighted,4528,25,50,0,0,488,a_star,manhattan,4,,224,42,42.0000,30,103,true,0.1118,42.0000
E1,weighted,4528,25,50,0,0,488,greedy,manhattan,4,,25,75,75.0000,26,52,true,0.0130,42.0000
E1,weighted,4528,25,50,0,0,488,swarm,manhattan,4,,70,42,42.0000,30,66,true,0.0330,42.0000
E1,weighted,4528,25,50,0,0,488,convergent_swarm,manhattan,4,,28,58,58.0000,28,54,true,0.0150,42.0000
E1,weighted,4528,25,50,0,0,488,zero_one_bfs,manhattan,4,,265,1,62.0000,56,198,true,0.1492,42.0000
E1,weighted,4817,25,50,0,0,488,bfs,manhattan,4,,793,25,77.0000,26,50,true,0.2297,40.0000
E1,weighted,4817,25,50,0,0,488,dfs,manhattan,4,,25,25,77.0000,26,52,true,0.0091,40.0000
E1,weighted,4817,25,50,0,0,488,dijkstra,manhattan,4,,882,40,40.0000,34,112,true,0.3875,40.0000
E1,weighted,4817,25,50,0,0,488,a_star,manhattan,4,,234,40,40.0000,34,116,true,0.1085,40.0000
E1,weighted,4817,25,50,0,0,488,greedy,manhattan,4,,25,77,77.0000,26,52,true,0.0129,40.0000
E1,weighted,4817,25,50,0,0,488,swarm,manhattan,4,,54,40,40.0000,34,65,true,0.0405,40.0000
E1,weighted,4817,25,50,0,0,488,convergent_swarm,manhattan,4,,29,65,65.0000,28,54,true,0.0146,40.0000
E1,weighted,4817,25,50,0,0,488,zero_one_bfs,manhattan,4,,919,1,78.0000,78,427,true,0.4874,40.0000
E1,weighted,5077,25,50,0,0,350,bfs,manhattan,4,,793,25,44.0000,26,50,true,0.2513,32.0000
E1,weighted,5077,25,50,0,0,350,dfs,manhattan,4,,25,25,44.0000,26,52,true,0.0088,32.0000
E1,weighted,5077,25,50,0,0,350,dijkstra,manhattan,4,,858,32,32.0000,30,109,true,0.3808,32.0000
E1,weighted,5077,25,50,0,0,350,a_star,manhattan,4,,94,32,32.0000,32,69,true,0.0423,32.0000
E1,weighted,5077,25,50,0,0,350,greedy,manhattan,4,,25,44,44.0000,26,52,true,0.0130,32.0000
E1,weighted,5077,25,50,0,0,350,swarm,manhattan,4,,30,33,33.0000,30,52,true,0.0144,32.0000
E1,weighted,5077,25,50,0,0,350,convergent_swarm,manhattan,4,,25,44,44.0000,26,52,true,0.0126,32.0000
E1,weighted,5077,25,50,0,0,350,zero_one_bfs,manhattan,4,,727,0,101.0000,102,448,true,0.3787,32.0000
E1,weighted,5172,25,50,0,0,442,bfs,manhattan,4,,793,25,69.0000,26,50,true,0.2003,36.0000
E1,weighted,5172,25,50,0,0,442,dfs,manhattan,4,,25,25,69.0000,26,52,true,0.0089,36.0000
E1,weighted,5172,25,50,0,0,442,dijkstra,manhattan,4,,830,36,36.0000,36,111,true,0.3369,36.0000
E1,weighted,5172,25,50,0,0,442,a_star,manhattan,4,,148,36,36.0000,36,95,true,0.0876,36.0000
E1,weighted,5172,25,50,0,0,442,greedy,manhattan,4,,25,69,69.0000,26,52,true,0.3849,36.0000
E1,weighted,5172,25,50,0,0,442,swarm,manhattan,4,,71,39,39.0000,34,70,true,0.0360,36.0000
E1,weighted,5172,25,50,0,0,442,convergent_swarm,manhattan,4,,28,63,63.0000,28,54,true,0.0142,36.0000
E1,weighted,5172,25,50,0,0,442,zero_one_bfs,manhattan,4,,471,1,43.0000,36,258,true,0.2134,36.0000
E1,weighted,5291,25,50,0,0,344,bfs,manhattan,4,,793,25,60.0000,26,50,true,0.2228,34.0000
E1,weighted,5291,25,50,0,0,344,dfs,manhattan,4,,25,25,60.0000,26,52,true,0.0091,34.0000
E1,weighted,5291,25,50,0,0,344,dijkstra,manhattan,4,,845,34,34.0000,32,99,true,0.3427,34.0000
E1,weighted,5291,25,50,0,0,344,a_star,manhattan,4,,127,34,34.0000,32,83,true,0.0571,34.0000
E1,weighted,5291,25,50,0,0,344,greedy,manhattan,4,,25,60,60.0000,26,52,true,0.0127,34.0000
E1,weighted,5291,25,50,0,0,344,swarm,manhattan,4,,41,41,41.0000,30,57,true,0.0197,34.0000
E1,weighted,5291,25,50,0,0,344,convergent_swarm,manhattan,4,,25,60,60.0000,26,52,true,0.0128,34.0000
E1,weighted,5291,25,50,0,0,344,zero_one_bfs,manhattan,4,,219,0,131.0000,132,229,true,0.1082,34.0000
E1,weighted,5535,25,50,0,0,326,bfs,manhattan,4,,793,25,49.0000,26,50,true,0.2005,34.0000
E1,weighted,5535,25,50,0,0,326,dfs,manhattan,4,,25,25,49.0000,26,52,true,0.0089,34.0000
E1,weighted,5535,25,50,0,0,326,dijkstra,manhattan,4,,895,34,34.0000,30,115,true,0.3606,34.0000
E1,weighted,5535,25,50,0,0,326,a_star,manhattan,4,,179,34,34.0000,30,95,true,0.0836,34.0000
E1,weighted,5535,25,50,0,0,326,greedy,manhattan,4,,25,49,49.0000,26,52,true,0.0131,34.0000
E1,weighted,5535,25,50,0,0,326,swarm,manhattan,4,,30,37,37.0000,30,54,true,0.0150,34.0000
E1,weighted,5535,25,50,0,0,326,convergent_swarm,manhattan,4,,25,49,49.0000,26,52,true,0.0134,34.0000
E1,weighted,5535,25,50,0,0,326,zero_one_bfs,manhattan,4,,323,0,219.0000,220,361,true,0.1634,34.0000
E1,weighted,5824,25,50,0,0,354,bfs,manhattan,4,,793,25,52.0000,26,50,true,0.3127,32.0000
E1,weighted,5824,25,50,0,0,354,dfs,manhattan,4,,25,25,52.0000,26,52,true,0.0137,32.0000
E1,weighted,5824,25,50,0,0,354,dijkstra,manhattan,4,,830,32,32.0000,32,104,true,0.4735,32.0000
E1,weighted,5824,25,50,0,0,354,a_star,manhattan,4,,118,32,32.0000,32,81,true,0.0518,32.0000
E1,weighted,5824,25,50,0,0,354,greedy,manhattan,4,,25,52,52.0000,26,52,true,0.0126,32.0000
E1,weighted,5824,25,50,0,0,354,swarm,manhattan,4,,36,35,35.0000,30,60,true,0.0181,32.0000
E1,weighted,5824,25,50,0,0,354,convergent_swarm,manhattan,4,,25,52,52.0000,26,52,true,0.0128,32.0000
E1,weighted,5824,25,50,0,0,354,zero_one_bfs,manhattan,4,,358,0,159.0000,160,322,true,0.1701,32.0000
E1,mixed,42,25,50,15,165,355,bfs,manhattan,4,,719,27,75.0000,28,44,true,0.1779,42.0000
E1,mixed,42,25,50,15,165,355,dfs,manhattan,4,,515,407,1068.0000,408,445,true,0.1539,42.0000
E1,mixed,42,25,50,15,165,355,dijkstra,manhattan,4,,682,42,42.0000,34,85,true,0.2679,42.0000
E1,mixed,42,25,50,15,165,355,a_star,manhattan,4,,182,42,42.0000,34,80,true,0.0736,42.0000
E1,mixed,42,25,50,15,165,355,greedy,manhattan,4,,27,80,80.0000,28,40,true,0.0133,42.0000
E1,mixed,42,25,50,15,165,355,swarm,manhattan,4,,55,46,46.0000,30,44,true,0.0234,42.0000
E1,mixed,42,25,50,15,165,355,convergent_swarm,manhattan,4,,30,69,69.0000,28,42,true,0.0136,42.0000
E1,mixed,42,25,50,15,165,355,zero_one_bfs,manhattan,4,,692,3,94.0000,82,149,true,0.2735,42.0000
E1,mixed,137,25,50,15,198,292,bfs,manhattan,4,,788,35,71.0000,36,47,true,0.2160,45.0000
E1,mixed,137,25,50,15,198,292,dfs,manhattan,4,,508,329,819.0000,330,356,true,0.1513,45.0000
E1,mixed,137,25,50,15,198,292,dijkstra,manhattan,4,,751,45,45.0000,40,70,true,0.2845,45.0000
E1,mixed,137,25,50,15,198,292,a_star,manhattan,4,,243,45,45.0000,40,78,true,0.0970,45.0000
E1,mixed,137,25,50,15,198,292,greedy,manhattan,4,,67,92,92.0000,40,52,true,0.0263,45.0000
E1,mixed,137,25,50,15,198,292,swarm,manhattan,4,,61,53,53.0000,36,48,true,0.0249,45.0000
E1,mixed,137,25,50,15,198,292,convergent_swarm,manhattan,4,,45,58,58.0000,36,45,true,0.0178,45.0000
E1,mixed,137,25,50,15,198,292,zero_one_bfs,manhattan,4,,229,1,74.0000,72,130,true,0.0922,45.0000
E1,mixed,256,25,50,15,170,337,bfs,manhattan,4,,736,29,72.0000,30,49,true,0.2102,53.0000
E1,mixed,256,25,50,15,170,337,dfs,manhattan,4,,558,483,1248.0000,484,529,true,0.1774,53.0000
E1,mixed,256,25,50,15,170,337,dijkstra,manhattan,4,,798,53,53.0000,36,77,true,0.2998,53.0000
E1,mixed,256,25,50,15,170,337,a_star,manhattan,4,,349,53,53.0000,36,96,true,0.1477,53.0000
E1,mixed,256,25,50,15,170,337,greedy,manhattan,4,,31,68,68.0000,30,41,true,0.0139,53.0000
E1,mixed,256,25,50,15,170,337,swarm,manhattan,4,,84,53,53.0000,36,50,true,0.0364,53.0000
E1,mixed,256,25,50,15,170,337,convergent_swarm,manhattan,4,,31,68,68.0000,30,40,true,0.0142,53.0000
E1,mixed,256,25,50,15,170,337,zero_one_bfs,manhattan,4,,909,4,94.0000,70,132,true,0.3452,53.0000
E1,mixed,500,25,50,15,172,318,bfs,manhattan,4,,762,31,59.0000,32,47,true,0.2348,39.0000
E1,mixed,500,25,50,15,172,318,dfs,manhattan,4,,410,323,830.0000,324,359,true,0.1338,39.0000
E1,mixed,500,25,50,15,172,318,dijkstra,manhattan,4,,726,39,39.0000,40,82,true,0.3023,39.0000
E1,mixed,500,25,50,15,172,318,a_star,manhattan,4,,215,39,39.0000,40,78,true,0.0913,39.0000
E1,mixed,500,25,50,15,172,318,greedy,manhattan,4,,32,73,73.0000,32,42,true,0.0174,39.0000
E1,mixed,500,25,50,15,172,318,swarm,manhattan,4,,57,40,40.0000,38,55,true,0.0241,39.0000
E1,mixed,500,25,50,15,172,318,convergent_swarm,manhattan,4,,32,62,62.0000,32,42,true,0.0146,39.0000
E1,mixed,500,25,50,15,172,318,zero_one_bfs,manhattan,4,,178,0,39.0000,40,116,true,0.0791,39.0000
E1,mixed,789,25,50,15,179,304,bfs,manhattan,4,,762,31,76.0000,32,49,true,0.2011,44.0000
E1,mixed,789,25,50,15,179,304,dfs,manhattan,4,,398,333,809.0000,334,363,true,0.1313,44.0000
E1,mixed,789,25,50,15,179,304,dijkstra,manhattan,4,,817,44,44.0000,42,88,true,0.3265,44.0000
E1,mixed,789,25,50,15,179,304,a_star,manhattan,4,,323,44,44.0000,42,109,true,0.1348,44.0000
E1,mixed,789,25,50,15,179,304,greedy,manhattan,4,,47,83,83.0000,36,50,true,0.0220,44.0000
E1,mixed,789,25,50,15,179,304,swarm,manhattan,4,,126,49,49.0000,34,63,true,0.0501,44.0000
E1,mixed,789,25,50,15,179,304,convergent_swarm,manhattan,4,,61,62,62.0000,36,48,true,0.0316,44.0000
E1,mixed,789,25,50,15,179,304,zero_one_bfs,manhattan,4,,176,0,77.0000,78,138,true,0.0792,44.0000
E1,mixed,1049,25,50,15,156,351,bfs,manhattan,4,,770,29,62.0000,30,50,true,0.2191,48.0000
E1,mixed,1049,25,50,15,156,351,dfs,manhattan,4,,503,353,992.0000,354,387,true,0.1654,48.0000
E1,mixed,1049,25,50,15,156,351,dijkstra,manhattan,4,,857,48,48.0000,36,92,true,0.4166,48.0000
E1,mixed,1049,25,50,15,156,351,a_star,manhattan,4,,387,48,48.0000,38,100,true,0.1877,48.0000
E1,mixed,1049,25,50,15,156,351,greedy,manhattan,4,,30,75,75.0000,30,45,true,0.0162,48.0000
E1,mixed,1049,25,50,15,156,351,swarm,manhattan,4,,88,53,53.0000,40,52,true,0.0476,48.0000
E1,mixed,1049,25,50,15,156,351,convergent_swarm,manhattan,4,,31,68,68.0000,30,46,true,0.0167,48.0000
E1,mixed,1049,25,50,15,156,351,zero_one_bfs,manhattan,4,,509,2,90.0000,84,164,true,0.2946,48.0000
E1,mixed,1144,25,50,15,203,301,bfs,manhattan,4,,711,29,54.0000,30,48,true,0.1846,37.0000
E1,mixed,1144,25,50,15,203,301,dfs,manhattan,4,,488,413,1021.0000,414,412,true,0.2697,37.0000
E1,mixed,1144,25,50,15,203,301,dijkstra,manhattan,4,,630,37,37.0000,36,79,true,0.2417,37.0000
E1,mixed,1144,25,50,15,203,301,a_star,manhattan,4,,131,37,37.0000,36,70,true,0.0576,37.0000
E1,mixed,1144,25,50,15,203,301,greedy,manhattan,4,,31,48,48.0000,30,40,true,0.0138,37.0000
E1,mixed,1144,25,50,15,203,301,swarm,manhattan,4,,45,38,38.0000,30,38,true,0.0190,37.0000
E1,mixed,1144,25,50,15,203,301,convergent_swarm,manhattan,4,,34,40,40.0000,30,41,true,0.0146,37.0000
E1,mixed,1144,25,50,15,203,301,zero_one_bfs,manhattan,4,,179,1,39.0000,34,88,true,0.0725,37.0000
E1,mixed,1263,25,50,15,195,324,bfs,manhattan,4,,709,27,78.0000,28,51,true,0.1747,44.0000
E1,mixed,1263,25,50,15,195,324,dfs,manhattan,4,,903,367,943.0000,368,622,true,0.2769,44.0000
E1,mixed,1263,25,50,15,195,324,dijkstra,manhattan,4,,738,44,44.0000,42,90,true,0.2743,44.0000
E1,mixed,1263,25,50,15,195,324,a_star,manhattan,4,,276,44,44.0000,36,69,true,0.1811,44.0000
E1,mixed,1263,25,50,15,195,324,greedy,manhattan,4,,34,78,78.0000,32,44,true,0.0256,44.0000
E1,mixed,1263,25,50,15,195,324,swarm,manhattan,4,,61,45,45.0000,34,50,true,0.0394,44.0000
E1,mixed,1263,25,50,15,195,324,convergent_swarm,manhattan,4,,40,55,55.0000,32,49,true,0.0266,44.0000
E1,mixed,1263,25,50,15,195,324,zero_one_bfs,manhattan,4,,652,2,50.0000,42,126,true,0.3732,44.0000
E1,mixed,1507,25,50,15,175,335,bfs,manhattan,4,,707,27,78.0000,28,47,true,0.1948,58.0000
E1,mixed,1507,25,50,15,175,335,dfs,manhattan,4,,31,31,82.0000,32,48,true,0.0105,58.0000
E1,mixed,1507,25,50,15,175,335,dijkstra,manhattan,4,,857,58,58.0000,42,75,true,0.8372,58.0000
E1,mixed,1507,25,50,15,175,335,a_star,manhattan,4,,571,58,58.0000,42,117,true,0.2472,58.0000
E1,mixed,1507,25,50,15,175,335,greedy,manhattan,4,,30,78,78.0000,30,43,true,0.0150,58.0000
E1,mixed,1507,25,50,15,175,335,swarm,manhattan,4,,82,61,61.0000,30,55,true,0.0351,58.0000
E1,mixed,1507,25,50,15,175,335,convergent_swarm,manhattan,4,,31,63,63.0000,30,41,true,0.0147,58.0000
E1,mixed,1507,25,50,15,175,335,zero_one_bfs,manhattan,4,,829,3,87.0000,70,159,true,0.3415,58.0000
E1,mixed,1796,25,50,15,195,290,bfs,manhattan,4,,737,35,79.0000,36,45,true,0.1798,56.0000
E1,mixed,1796,25,50,15,195,290,dfs,manhattan,4,,419,307,676.0000,308,330,true,0.1264,56.0000
E1,mixed,1796,25,50,15,195,290,dijkstra,manhattan,4,,760,56,56.0000,42,65,true,0.3197,56.0000
E1,mixed,1796,25,50,15,195,290,a_star,manhattan,4,,358,56,56.0000,42,99,true,0.2303,56.0000
E1,mixed,1796,25,50,15,195,290,greedy,manhattan,4,,45,59,59.0000,36,40,true,0.0185,56.0000
E1,mixed,1796,25,50,15,195,290,swarm,manhattan,4,,61,59,59.0000,36,48,true,0.0240,56.0000
E1,mixed,1796,25,50,15,195,290,convergent_swarm,manhattan,4,,48,59,59.0000,36,41,true,0.0194,56.0000
E1,mixed,1796,25,50,15,195,290,zero_one_bfs,manhattan,4,,280,0,97.0000,98,183,true,0.1134,56.0000
E1,mixed,2056,25,50,15,199,299,bfs,manhattan,4,,737,31,75.0000,32,48,true,0.2214,43.0000
E1,mixed,2056,25,50,15,199,299,dfs,manhattan,4,,500,333,822.0000,334,350,true,0.1727,43.0000
E1,mixed,2056,25,50,15,199,299,dijkstra,manhattan,4,,710,43,43.0000,40,78,true,0.2893,43.0000
E1,mixed,2056,25,50,15,199,299,a_star,manhattan,4,,207,43,43.0000,40,66,true,0.1007,43.0000
E1,mixed,2056,25,50,15,199,299,greedy,manhattan,4,,43,89,89.0000,36,41,true,0.0186,43.0000
E1,mixed,2056,25,50,15,199,299,swarm,manhattan,4,,64,47,47.0000,38,50,true,0.0285,43.0000
E1,mixed,2056,25,50,15,199,299,convergent_swarm,manhattan,4,,42,61,61.0000,34,41,true,0.0209,43.0000
E1,mixed,2056,25,50,15,199,299,zero_one_bfs,manhattan,4,,335,1,45.0000,42,138,true,0.1481,43.0000
E1,mixed,2151,25,50,15,194,315,bfs,manhattan,4,,701,27,44.0000,28,48,true,0.1757,33.0000
E1,mixed,2151,25,50,15,194,315,dfs,manhattan,4,,117,109,300.0000,110,134,true,0.0375,33.0000
E1,mixed,2151,25,50,15,194,315,dijkstra,manhattan,4,,632,33,33.0000,34,90,true,0.2451,33.0000
E1,mixed,2151,25,50,15,194,315,a_star,manhattan,4,,99,33,33.0000,34,58,true,0.0441,33.0000
E1,mixed,2151,25,50,15,194,315,greedy,manhattan,4,,27,43,43.0000,28,44,true,0.0137,33.0000
E1,mixed,2151,25,50,15,194,315,swarm,manhattan,4,,44,38,38.0000,34,48,true,0.0241,33.0000
E1,mixed,2151,25,50,15,194,315,convergent_swarm,manhattan,4,,29,43,43.0000,28,45,true,0.0136,33.0000
E1,mixed,2151,25,50,15,194,315,zero_one_bfs,manhattan,4,,36,0,35.0000,36,52,true,0.0174,33.0000
E1,mixed,2270,25,50,15,191,290,bfs,manhattan,4,,698,27,63.0000,28,48,true,0.2840,41.0000
E1,mixed,2270,25,50,15,191,290,dfs,manhattan,4,,998,149,353.0000,150,549,true,0.3681,41.0000
E1,mixed,2270,25,50,15,191,290,dijkstra,manhattan,4,,733,41,41.0000,40,74,true,0.2957,41.0000
E1,mixed,2270,25,50,15,191,290,a_star,manhattan,4,,186,41,41.0000,40,84,true,0.0827,41.0000
E1,mixed,2270,25,50,15,191,290,greedy,manhattan,4,,29,66,66.0000,30,41,true,0.0149,41.0000
E1,mixed,2270,25,50,15,191,290,swarm,manhattan,4,,59,49,49.0000,30,52,true,0.0263,41.0000
E1,mixed,2270,25,50,15,191,290,convergent_swarm,manhattan,4,,32,51,51.0000,32,44,true,0.0152,41.0000
E1,mixed,2270,25,50,15,191,290,zero_one_bfs,manhattan,4,,306,1,83.0000,78,198,true,0.1800,41.0000
E1,mixed,2514,25,50,15,166,362,bfs,manhattan,4,,753,29,50.0000,30,49,true,0.2240,40.0000
E1,mixed,2514,25,50,15,166,362,dfs,manhattan,4,,985,195,535.0000,196,702,true,0.3257,40.0000
E1,mixed,2514,25,50,15,166,362,dijkstra,manhattan,4,,708,40,40.0000,38,87,true,0.2848,40.0000
E1,mixed,2514,25,50,15,166,362,a_star,manhattan,4,,196,40,40.0000,38,70,true,0.0911,40.0000
E1,mixed,2514,25,50,15,166,362,greedy,manhattan,4,,31,68,68.0000,30,42,true,0.0150,40.0000
E1,mixed,2514,25,50,15,166,362,swarm,manhattan,4,,54,47,47.0000,38,47,true,0.0242,40.0000
E1,mixed,2514,25,50,15,166,362,convergent_swarm,manhattan,4,,32,68,68.0000,30,43,true,0.0182,40.0000
E1,mixed,2514,25,50,15,166,362,zero_one_bfs,manhattan,4,,348,1,40.0000,38,134,true,0.1611,40.0000
E1,mixed,2803,25,50,15,160,336,bfs,manhattan,4,,783,31,62.0000,32,44,true,0.2132,40.0000
E1,mixed,2803,25,50,15,160,336,dfs,manhattan,4,,579,371,964.0000,372,438,true,0.2311,40.0000
E1,mixed,2803,25,50,15,160,336,dijkstra,manhattan,4,,747,40,40.0000,36,86,true,0.3547,40.0000
E1,mixed,2803,25,50,15,160,336,a_star,manhattan,4,,148,40,40.0000,36,74,true,0.0744,40.0000
E1,mixed,2803,25,50,15,160,336,greedy,manhattan,4,,36,101,101.0000,34,47,true,0.0160,40.0000
E1,mixed,2803,25,50,15,160,336,swarm,manhattan,4,,69,44,44.0000,36,58,true,0.0300,40.0000
E1,mixed,2803,25,50,15,160,336,convergent_swarm,manhattan,4,,44,63,63.0000,36,49,true,0.0186,40.0000
E1,mixed,2803,25,50,15,160,336,zero_one_bfs,manhattan,4,,275,0,105.0000,106,204,true,0.1265,40.0000
E1,mixed,3063,25,50,15,188,342,bfs,manhattan,4,,729,29,42.0000,30,45,true,0.1826,32.0000
E1,mixed,3063,25,50,15,188,342,dfs,manhattan,4,,548,297,672.0000,298,333,true,0.1667,32.0000
E1,mixed,3063,25,50,15,188,342,dijkstra,manhattan,4,,614,32,32.0000,30,87,true,0.2349,32.0000
E1,mixed,3063,25,50,15,188,342,a_star,manhattan,4,,61,32,32.0000,30,51,true,0.0264,32.0000
E1,mixed,3063,25,50,15,188,342,greedy,manhattan,4,,30,38,38.0000,30,41,true,0.0134,32.0000
E1,mixed,3063,25,50,15,188,342,swarm,manhattan,4,,36,32,32.0000,30,46,true,0.0154,32.0000
E1,mixed,3063,25,50,15,188,342,convergent_swarm,manhattan,4,,30,38,38.0000,30,41,true,0.0135,32.0000
E1,mixed,3063,25,50,15,188,342,zero_one_bfs,manhattan,4,,120,0,53.0000,54,94,true,0.0492,32.0000
E1,mixed,3158,25,50,15,185,300,bfs,manhattan,4,,771,31,97.0000,32,51,true,0.2555,42.0000
E1,mixed,3158,25,50,15,185,300,dfs,manhattan,4,,182,157,376.0000,158,165,true,0.0640,42.0000
E1,mixed,3158,25,50,15,185,300,dijkstra,manhattan,4,,774,42,42.0000,42,90,true,0.3249,42.0000
E1,mixed,3158,25,50,15,185,300,a_star,manhattan,4,,214,42,42.0000,42,90,true,0.0985,42.0000
E1,mixed,3158,25,50,15,185,300,greedy,manhattan,4,,35,91,91.0000,32,41,true,0.0172,42.0000
E1,mixed,3158,25,50,15,185,300,swarm,manhattan,4,,85,47,47.0000,42,68,true,0.0409,42.0000
E1,mixed,3158,25,50,15,185,300,convergent_swarm,manhattan,4,,40,77,77.0000,34,42,true,0.0188,42.0000
E1,mixed,3158,25,50,15,185,300,zero_one_bfs,manhattan,4,,266,0,73.0000,74,160,true,0.1213,42.0000
E1,mixed,3277,25,50,15,185,319,bfs,manhattan,4,,676,25,60.0000,26,46,true,0.2601,43.0000
E1,mixed,3277,25,50,15,185,319,dfs,manhattan,4,,25,25,60.0000,26,44,true,0.0098,43.0000
E1,mixed,3277,25,50,15,185,319,dijkstra,manhattan,4,,744,43,43.0000,36,73,true,0.3025,43.0000
E1,mixed,3277,25,50,15,185,319,a_star,manhattan,4,,219,43,43.0000,36,78,true,0.0903,43.0000
E1,mixed,3277,25,50,15,185,319,greedy,manhattan,4,,25,60,60.0000,26,44,true,0.0122,43.0000
E1,mixed,3277,25,50,15,185,319,swarm,manhattan,4,,54,44,44.0000,34,53,true,0.0232,43.0000
E1,mixed,3277,25,50,15,185,319,convergent_swarm,manhattan,4,,29,56,56.0000,28,45,true,0.0143,43.0000
E1,mixed,3277,25,50,15,185,319,zero_one_bfs,manhattan,4,,409,1,46.0000,40,167,true,0.1779,43.0000
E1,mixed,3521,25,50,15,193,336,bfs,manhattan,4,,710,29,94.0000,30,42,true,0.1786,44.0000
E1,mixed,3521,25,50,15,193,336,dfs,manhattan,4,,393,297,836.0000,298,343,true,0.1212,44.0000
E1,mixed,3521,25,50,15,193,336,dijkstra,manhattan,4,,714,44,44.0000,40,77,true,0.3229,44.0000
E1,mixed,3521,25,50,15,193,336,a_star,manhattan,4,,214,44,44.0000,40,69,true,0.1700,44.0000
E1,mixed,3521,25,50,15,193,336,greedy,manhattan,4,,35,91,91.0000,34,40,true,0.0154,44.0000
E1,mixed,3521,25,50,15,193,336,swarm,manhattan,4,,64,46,46.0000,38,46,true,0.0267,44.0000
E1,mixed,3521,25,50,15,193,336,convergent_swarm,manhattan,4,,46,52,52.0000,34,43,true,0.0193,44.0000
E1,mixed,3521,25,50,15,193,336,zero_one_bfs,manhattan,4,,480,1,87.0000,84,156,true,0.1948,44.0000
E1,mixed,3810,25,50,15,189,352,bfs,manhattan,4,,691,27,57.0000,28,47,true,0.1707,40.0000
E1,mixed,3810,25,50,15,189,352,dfs,manhattan,4,,896,369,1075.0000,370,524,true,0.2614,40.0000
E1,mixed,3810,25,50,15,189,352,dijkstra,manhattan,4,,677,40,40.0000,34,88,true,0.2692,40.0000
E1,mixed,3810,25,50,15,189,352,a_star,manhattan,4,,126,40,40.0000,34,65,true,0.0538,40.0000
E1,mixed,3810,25,50,15,189,352,greedy,manhattan,4,,27,57,57.0000,28,44,true,0.0132,40.0000
E1,mixed,3810,25,50,15,189,352,swarm,manhattan,4,,41,42,42.0000,34,50,true,0.0202,40.0000
E1,mixed,3810,25,50,15,189,352,convergent_swarm,manhattan,4,,28,59,59.0000,28,45,true,0.0134,40.0000
E1,mixed,3810,25,50,15,189,352,zero_one_bfs,manhattan,4,,75,1,45.0000,38,71,true,0.0477,40.0000
E1,mixed,4070,25,50,15,198,316,bfs,manhattan,4,,711,27,49.0000,28,45,true,0.1760,36.0000
E1,mixed,4070,25,50,15,198,316,dfs,manhattan,4,,500,307,782.0000,308,308,true,0.1486,36.0000
E1,mixed,4070,25,50,15,198,316,dijkstra,manhattan,4,,732,36,36.0000,32,94,true,0.2824,36.0000
E1,mixed,4070,25,50,15,198,316,a_star,manhattan,4,,148,36,36.0000,32,61,true,0.0614,36.0000
E1,mixed,4070,25,50,15,198,316,greedy,manhattan,4,,27,45,45.0000,28,42,true,0.0128,36.0000
E1,mixed,4070,25,50,15,198,316,swarm,manhattan,4,,35,42,42.0000,28,43,true,0.0151,36.0000
E1,mixed,4070,25,50,15,198,316,convergent_swarm,manhattan,4,,27,45,45.0000,28,42,true,0.0126,36.0000
E1,mixed,4070,25,50,15,198,316,zero_one_bfs,manhattan,4,,208,0,61.0000,62,139,true,0.0897,36.0000
E1,mixed,4165,25,50,15,178,311,bfs,manhattan,4,,748,29,53.0000,30,42,true,0.8006,45.0000
E1,mixed,4165,25,50,15,178,311,dfs,manhattan,4,,978,393,956.0000,394,635,true,0.3279,45.0000
E1,mixed,4165,25,50,15,178,311,dijkstra,manhattan,4,,766,45,45.0000,36,65,true,0.3033,45.0000
E1,mixed,4165,25,50,15,178,311,a_star,manhattan,4,,261,45,45.0000,36,78,true,0.1098,45.0000
E1,mixed,4165,25,50,15,178,311,greedy,manhattan,4,,39,54,54.0000,34,41,true,0.0162,45.0000
E1,mixed,4165,25,50,15,178,311,swarm,manhattan,4,,50,46,46.0000,34,45,true,0.0211,45.0000
E1,mixed,4165,25,50,15,178,311,convergent_swarm,manhattan,4,,35,48,48.0000,32,41,true,0.0157,45.0000
E1,mixed,4165,25,50,15,178,311,zero_one_bfs,manhattan,4,,763,2,48.0000,36,230,true,0.3140,45.0000
E1,mixed,4284,25,50,15,196,295,bfs,manhattan,4,,763,31,61.0000,32,47,true,0.1948,44.0000
E1,mixed,4284,25,50,15,196,295,dfs,manhattan,4,,490,347,856.0000,348,365,true,0.1434,44.0000
E1,mixed,4284,25,50,15,196,295,dijkstra,manhattan,4,,741,44,44.0000,40,73,true,0.2860,44.0000
E1,mixed,4284,25,50,15,196,295,a_star,manhattan,4,,217,44,44.0000,40,75,true,0.0901,44.0000
E1,mixed,4284,25,50,15,196,295,greedy,manhattan,4,,36,82,82.0000,34,44,true,0.0174,44.0000
E1,mixed,4284,25,50,15,196,295,swarm,manhattan,4,,76,46,46.0000,36,53,true,0.0298,44.0000
E1,mixed,4284,25,50,15,196,295,convergent_swarm,manhattan,4,,40,57,57.0000,34,46,true,0.0176,44.0000
E1,mixed,4284,25,50,15,196,295,zero_one_bfs,manhattan,4,,257,1,54.0000,50,126,true,0.1061,44.0000
E1,mixed,4528,25,50,15,191,313,bfs,manhattan,4,,737,29,78.0000,30,47,true,0.1802,37.0000
E1,mixed,4528,25,50,15,191,313,dfs,manhattan,4,,480,383,947.0000,384,388,true,0.1562,37.0000
E1,mixed,4528,25,50,15,191,313,dijkstra,manhattan,4,,732,37,37.0000,36,79,true,0.2764,37.0000
E1,mixed,4528,25,50,15,191,313,a_star,manhattan,4,,141,37,37.0000,36,65,true,0.0580,37.0000
E1,mixed,4528,25,50,15,191,313,greedy,manhattan,4,,35,101,101.0000,32,42,true,0.0150,37.0000
E1,mixed,4528,25,50,15,191,313,swarm,manhattan,4,,94,37,37.0000,36,66,true,0.0401,37.0000
E1,mixed,4528,25,50,15,191,313,convergent_swarm,manhattan,4,,43,79,79.0000,30,42,true,0.0170,37.0000
E1,mixed,4528,25,50,15,191,313,zero_one_bfs,manhattan,4,,219,1,62.0000,62,116,true,0.0888,37.0000
E1,mixed,4817,25,50,15,197,323,bfs,manhattan,4,,755,31,93.0000,32,47,true,0.1842,47.0000
E1,mixed,4817,25,50,15,197,323,dfs,manhattan,4,,163,109,256.0000,110,133,true,0.0491,47.0000
E1,mixed,4817,25,50,15,197,323,dijkstra,manhattan,4,,771,47,47.0000,40,79,true,0.2852,47.0000
E1,mixed,4817,25,50,15,197,323,a_star,manhattan,4,,303,47,47.0000,40,100,true,0.1257,47.0000
E1,mixed,4817,25,50,15,197,323,greedy,manhattan,4,,34,98,98.0000,34,45,true,0.0153,47.0000
E1,mixed,4817,25,50,15,197,323,swarm,manhattan,4,,109,54,54.0000,44,68,true,0.0502,47.0000
E1,mixed,4817,25,50,15,197,323,convergent_swarm,manhattan,4,,44,76,76.0000,34,49,true,0.0180,47.0000
E1,mixed,4817,25,50,15,197,323,zero_one_bfs,manhattan,4,,584,2,84.0000,74,191,true,0.2510,47.0000
E1,mixed,5077,25,50,15,177,327,bfs,manhattan,4,,727,29,115.0000,30,45,true,0.2551,44.0000
E1,mixed,5077,25,50,15,177,327,dfs,manhattan,4,,590,423,1035.0000,424,451,true,0.2203,44.0000
E1,mixed,5077,25,50,15,177,327,dijkstra,manhattan,4,,653,44,44.0000,38,91,true,0.2768,44.0000
E1,mixed,5077,25,50,15,177,327,a_star,manhattan,4,,80,44,44.0000,38,59,true,0.0366,44.0000
E1,mixed,5077,25,50,15,177,327,greedy,manhattan,4,,32,73,73.0000,30,41,true,0.0157,44.0000
E1,mixed,5077,25,50,15,177,327,swarm,manhattan,4,,59,51,51.0000,32,46,true,0.0263,44.0000
E1,mixed,5077,25,50,15,177,327,convergent_swarm,manhattan,4,,34,67,67.0000,30,41,true,0.0158,44.0000
E1,mixed,5077,25,50,15,177,327,zero_one_bfs,manhattan,4,,103,1,50.0000,42,83,true,0.0514,44.0000
E1,mixed,5172,25,50,15,182,337,bfs,manhattan,4,,756,31,81.0000,32,45,true,0.2574,47.0000
E1,mixed,5172,25,50,15,182,337,dfs,manhattan,4,,202,193,543.0000,194,225,true,0.0683,47.0000
E1,mixed,5172,25,50,15,182,337,dijkstra,manhattan,4,,710,47,47.0000,32,69,true,0.2908,47.0000
E1,mixed,5172,25,50,15,182,337,a_star,manhattan,4,,258,47,47.0000,32,72,true,0.1175,47.0000
E1,mixed,5172,25,50,15,182,337,greedy,manhattan,4,,33,64,64.0000,32,41,true,0.0155,47.0000
E1,mixed,5172,25,50,15,182,337,swarm,manhattan,4,,102,49,49.0000,34,67,true,0.0449,47.0000
E1,mixed,5172,25,50,15,182,337,convergent_swarm,manhattan,4,,35,63,63.0000,32,42,true,0.0158,47.0000
E1,mixed,5172,25,50,15,182,337,zero_one_bfs,manhattan,4,,700,3,58.0000,40,157,true,0.2762,47.0000
E1,mixed,5291,25,50,15,181,326,bfs,manhattan,4,,765,31,65.0000,32,45,true,0.2547,38.0000
E1,mixed,5291,25,50,15,181,326,dfs,manhattan,4,,33,33,76.0000,34,47,true,0.0121,38.0000
E1,mixed,5291,25,50,15,181,326,dijkstra,manhattan,4,,755,38,38.0000,36,98,true,0.3073,38.0000
E1,mixed,5291,25,50,15,181,326,a_star,manhattan,4,,195,38,38.0000,36,81,true,0.0901,38.0000
E1,mixed,5291,25,50,15,181,326,greedy,manhattan,4,,34,65,65.0000,32,42,true,0.0171,38.0000
E1,mixed,5291,25,50,15,181,326,swarm,manhattan,4,,60,40,40.0000,38,55,true,0.0265,38.0000
E1,mixed,5291,25,50,15,181,326,convergent_swarm,manhattan,4,,42,58,58.0000,32,49,true,0.0402,38.0000
E1,mixed,5291,25,50,15,181,326,zero_one_bfs,manhattan,4,,655,1,62.0000,58,225,true,0.2919,38.0000
E1,mixed,5535,25,50,15,177,301,bfs,manhattan,4,,769,31,67.0000,32,41,true,0.1867,41.0000
E1,mixed,5535,25,50,15,177,301,dfs,manhattan,4,,219,167,399.0000,168,195,true,0.0638,41.0000
E1,mixed,5535,25,50,15,177,301,dijkstra,manhattan,4,,751,41,41.0000,34,63,true,0.2940,41.0000
E1,mixed,5535,25,50,15,177,301,a_star,manhattan,4,,190,41,41.0000,34,88,true,0.0869,41.0000
E1,mixed,5535,25,50,15,177,301,greedy,manhattan,4,,33,71,71.0000,32,43,true,0.0156,41.0000
E1,mixed,5535,25,50,15,177,301,swarm,manhattan,4,,86,44,44.0000,38,69,true,0.0366,41.0000
E1,mixed,5535,25,50,15,177,301,convergent_swarm,manhattan,4,,39,62,62.0000,32,46,true,0.0164,41.0000
E1,mixed,5535,25,50,15,177,301,zero_one_bfs,manhattan,4,,630,1,98.0000,94,260,true,0.2631,41.0000
E1,mixed,5824,25,50,15,165,313,bfs,manhattan,4,,787,31,61.0000,32,47,true,0.2072,43.0000
E1,mixed,5824,25,50,15,165,313,dfs,manhattan,4,,1074,101,277.0000,102,498,true,0.3878,43.0000
E1,mixed,5824,25,50,15,165,313,dijkstra,manhattan,4,,840,43,43.0000,36,92,true,0.4856,43.0000
E1,mixed,5824,25,50,15,165,313,a_star,manhattan,4,,254,43,43.0000,36,85,true,0.1065,43.0000
E1,mixed,5824,25,50,15,165,313,greedy,manhattan,4,,37,69,69.0000,34,42,true,0.0157,43.0000
E1,mixed,5824,25,50,15,165,313,swarm,manhattan,4,,57,43,43.0000,36,57,true,0.0240,43.0000
E1,mixed,5824,25,50,15,165,313,convergent_swarm,manhattan,4,,37,63,63.0000,34,44,true,0.0181,43.0000
E1,mixed,5824,25,50,15,165,313,zero_one_bfs,manhattan,4,,751,1,105.0000,98,283,true,0.3242,43.0000
E1,mixed,42,25,50,30,359,292,bfs,manhattan,4,,589,37,75.0000,38,43,true,0.1515,60.0000
E1,mixed,42,25,50,30,359,292,dfs,manhattan,4,,326,137,445.0000,138,145,true,0.1043,60.0000
E1,mixed,42,25,50,30,359,292,dijkstra,manhattan,4,,547,60,60.0000,38,47,true,0.2401,60.0000
E1,mixed,42,25,50,30,359,292,a_star,manhattan,4,,318,60,60.0000,38,69,true,0.1281,60.0000
E1,mixed,42,25,50,30,359,292,greedy,manhattan,4,,76,94,94.0000,40,38,true,0.0398,60.0000
E1,mixed,42,25,50,30,359,292,swarm,manhattan,4,,152,60,60.0000,38,46,true,0.0587,60.0000
E1,mixed,42,25,50,30,359,292,convergent_swarm,manhattan,4,,87,61,61.0000,38,40,true,0.0314,60.0000
E1,mixed,42,25,50,30,359,292,zero_one_bfs,manhattan,4,,495,4,63.0000,52,57,true,0.1800,60.0000
E1,mixed,137,25,50,30,383,238,bfs,manhattan,4,,732,91,196.0000,92,25,true,0.1645,155.0000
E1,mixed,137,25,50,30,383,238,dfs,manhattan,4,,343,277,666.0000,278,209,true,0.0956,155.0000
E1,mixed,137,25,50,30,383,238,dijkstra,manhattan,4,,702,155,155.0000,104,24,true,0.2328,155.0000
E1,mixed,137,25,50,30,383,238,a_star,manhattan,4,,644,155,155.0000,104,30,true,0.2228,155.0000
E1,mixed,137,25,50,30,383,238,greedy,manhattan,4,,221,234,231.0000,98,56,true,0.0781,155.0000
E1,mixed,137,25,50,30,383,238,swarm,manhattan,4,,622,158,158.0000,102,37,true,0.2165,155.0000
E1,mixed,137,25,50,30,383,238,convergent_swarm,manhattan,4,,493,187,187.0000,96,41,true,0.1744,155.0000
E1,mixed,137,25,50,30,383,238,zero_one_bfs,manhattan,4,,643,16,170.0000,112,37,true,0.2154,155.0000
E1,mixed,256,25,50,30,343,288,bfs,manhattan,4,,617,33,81.0000,34,40,true,0.1496,44.0000
E1,mixed,256,25,50,30,343,288,dfs,manhattan,4,,855,75,200.0000,76,213,true,0.2377,44.0000
E1,mixed,256,25,50,30,343,288,dijkstra,manhattan,4,,539,44,44.0000,40,62,true,0.1988,44.0000
E1,mixed,256,25,50,30,343,288,a_star,manhattan,4,,157,44,44.0000,40,50,true,0.0610,44.0000
E1,mixed,256,25,50,30,343,288,greedy,manhattan,4,,47,92,92.0000,36,36,true,0.0196,44.0000
E1,mixed,256,25,50,30,343,288,swarm,manhattan,4,,70,45,45.0000,40,44,true,0.0268,44.0000
E1,mixed,256,25,50,30,343,288,convergent_swarm,manhattan,4,,55,73,73.0000,38,37,true,0.0216,44.0000
E1,mixed,256,25,50,30,343,288,zero_one_bfs,manhattan,4,,227,2,44.0000,40,78,true,0.0865,44.0000
E1,mixed,500,25,50,30,349,257,bfs,manhattan,4,,599,31,57.0000,32,37,true,0.1436,55.0000
E1,mixed,500,25,50,30,349,257,dfs,manhattan,4,,492,217,516.0000,218,176,true,0.5967,55.0000
E1,mixed,500,25,50,30,349,257,dijkstra,manhattan,4,,596,55,55.0000,32,47,true,0.2275,55.0000
E1,mixed,500,25,50,30,349,257,a_star,manhattan,4,,235,55,55.0000,32,53,true,0.0884,55.0000
E1,mixed,500,25,50,30,349,257,greedy,manhattan,4,,36,71,71.0000,34,34,true,0.0156,55.0000
E1,mixed,500,25,50,30,349,257,swarm,manhattan,4,,59,55,55.0000,32,32,true,0.0238,55.0000
E1,mixed,500,25,50,30,349,257,convergent_swarm,manhattan,4,,34,61,61.0000,32,35,true,0.0142,55.0000
E1,mixed,500,25,50,30,349,257,zero_one_bfs,manhattan,4,,476,4,65.0000,52,68,true,0.2023,55.0000
E1,mixed,789,25,50,30,349,261,bfs,manhattan,4,,578,31,76.0000,32,37,true,0.1921,38.0000
E1,mixed,789,25,50,30,349,261,dfs,manhattan,4,,54,49,106.0000,50,50,true,0.0175,38.0000
E1,mixed,789,25,50,30,349,261,dijkstra,manhattan,4,,420,38,38.0000,36,52,true,0.1546,38.0000
E1,mixed,789,25,50,30,349,261,a_star,manhattan,4,,121,38,38.0000,34,49,true,0.0493,38.0000
E1,mixed,789,25,50,30,349,261,greedy,manhattan,4,,47,75,75.0000,42,38,true,0.0183,38.0000
E1,mixed,789,25,50,30,349,261,swarm,manhattan,4,,56,38,38.0000,34,41,true,0.0227,38.0000
E1,mixed,789,25,50,30,349,261,convergent_swarm,manhattan,4,,59,57,57.0000,36,42,true,0.0231,38.0000
E1,mixed,789,25,50,30,349,261,zero_one_bfs,manhattan,4,,211,2,61.0000,52,86,true,0.0833,38.0000
E1,mixed,1049,25,50,30,353,285,bfs,manhattan,4,,629,31,65.0000,32,31,true,0.1684,59.0000
E1,mixed,1049,25,50,30,353,285,dfs,manhattan,4,,159,115,267.0000,116,109,true,0.0562,59.0000
E1,mixed,1049,25,50,30,353,285,dijkstra,manhattan,4,,618,59,59.0000,34,41,true,0.2219,59.0000
E1,mixed,1049,25,50,30,353,285,a_star,manhattan,4,,349,59,59.0000,34,63,true,0.1381,59.0000
E1,mixed,1049,25,50,30,353,285,greedy,manhattan,4,,33,67,67.0000,34,37,true,0.0148,59.0000
E1,mixed,1049,25,50,30,353,285,swarm,manhattan,4,,126,62,62.0000,32,36,true,0.0479,59.0000
E1,mixed,1049,25,50,30,353,285,convergent_swarm,manhattan,4,,34,62,62.0000,32,38,true,0.0142,59.0000
E1,mixed,1049,25,50,30,353,285,zero_one_bfs,manhattan,4,,666,6,72.0000,42,55,true,0.2361,59.0000
E1,mixed,1144,25,50,30,380,256,bfs,manhattan,4,,439,33,67.0000,34,28,true,0.1312,58.0000
E1,mixed,1144,25,50,30,380,256,dfs,manhattan,4,,169,115,371.0000,116,111,true,0.0579,58.0000
E1,mixed,1144,25,50,30,380,256,dijkstra,manhattan,4,,417,58,58.0000,54,42,true,0.1423,58.0000
E1,mixed,1144,25,50,30,380,256,a_star,manhattan,4,,230,58,58.0000,54,39,true,0.0835,58.0000
E1,mixed,1144,25,50,30,380,256,greedy,manhattan,4,,46,87,87.0000,36,26,true,0.0167,58.0000
E1,mixed,1144,25,50,30,380,256,swarm,manhattan,4,,113,61,61.0000,34,36,true,0.0433,58.0000
E1,mixed,1144,25,50,30,380,256,convergent_swarm,manhattan,4,,47,61,61.0000,34,26,true,0.0166,58.0000
E1,mixed,1144,25,50,30,380,256,zero_one_bfs,manhattan,4,,295,2,64.0000,60,54,true,0.1055,58.0000
E1,mixed,1263,25,50,30,382,271,bfs,manhattan,4,,681,45,124.0000,46,32,true,0.1719,92.0000
E1,mixed,1263,25,50,30,382,271,dfs,manhattan,4,,352,207,577.0000,208,164,true,0.1010,92.0000
E1,mixed,1263,25,50,30,382,271,dijkstra,manhattan,4,,735,92,92.0000,50,51,true,0.3772,92.0000
E1,mixed,1263,25,50,30,382,271,a_star,manhattan,4,,683,92,92.0000,50,49,true,0.3131,92.0000
E1,mixed,1263,25,50,30,382,271,greedy,manhattan,4,,108,148,148.0000,58,43,true,0.0421,92.0000
E1,mixed,1263,25,50,30,382,271,swarm,manhattan,4,,522,92,92.0000,50,57,true,0.2180,92.0000
E1,mixed,1263,25,50,30,382,271,convergent_swarm,manhattan,4,,160,111,111.0000,46,41,true,0.0621,92.0000
E1,mixed,1263,25,50,30,382,271,zero_one_bfs,manhattan,4,,680,8,93.0000,58,61,true,0.2477,92.0000
E1,mixed,1507,25,50,30,376,270,bfs,manhattan,4,,540,31,79.0000,32,32,true,0.1563,51.0000
E1,mixed,1507,25,50,30,376,270,dfs,manhattan,4,,31,31,77.0000,32,38,true,0.0106,51.0000
E1,mixed,1507,25,50,30,376,270,dijkstra,manhattan,4,,490,51,51.0000,38,45,true,0.2285,51.0000
E1,mixed,1507,25,50,30,376,270,a_star,manhattan,4,,180,51,51.0000,38,32,true,0.0729,51.0000
E1,mixed,1507,25,50,30,376,270,greedy,manhattan,4,,33,74,74.0000,32,34,true,0.0163,51.0000
E1,mixed,1507,25,50,30,376,270,swarm,manhattan,4,,101,51,51.0000,38,44,true,0.0455,51.0000
E1,mixed,1507,25,50,30,376,270,convergent_swarm,manhattan,4,,37,73,73.0000,34,36,true,0.0162,51.0000
E1,mixed,1507,25,50,30,376,270,zero_one_bfs,manhattan,4,,483,5,56.0000,38,52,true,0.1912,51.0000
E1,mixed,1796,25,50,30,377,248,bfs,manhattan,4,,595,41,74.0000,42,31,true,0.1522,63.0000
E1,mixed,1796,25,50,30,377,248,dfs,manhattan,4,,240,169,392.0000,170,125,true,0.0690,63.0000
E1,mixed,1796,25,50,30,377,248,dijkstra,manhattan,4,,487,63,63.0000,44,42,true,0.1553,63.0000
E1,mixed,1796,25,50,30,377,248,a_star,manhattan,4,,155,63,63.0000,44,42,true,0.0558,63.0000
E1,mixed,1796,25,50,30,377,248,greedy,manhattan,4,,69,102,93.0000,44,33,true,0.0248,63.0000
E1,mixed,1796,25,50,30,377,248,swarm,manhattan,4,,105,63,63.0000,44,41,true,0.0853,63.0000
E1,mixed,1796,25,50,30,377,248,convergent_swarm,manhattan,4,,63,80,80.0000,44,28,true,0.0269,63.0000
E1,mixed,1796,25,50,30,377,248,zero_one_bfs,manhattan,4,,483,6,78.0000,50,63,true,0.1788,63.0000
E1,mixed,2056,25,50,30,363,250,bfs,manhattan,4,,873,,,,36,false,0.2355,
E1,mixed,2056,25,50,30,363,250,dfs,manhattan,4,,873,,,,280,false,0.2539,
E1,mixed,2056,25,50,30,363,250,dijkstra,manhattan,4,,873,,,,36,false,0.2959,
E1,mixed,2056,25,50,30,363,250,a_star,manhattan,4,,873,,,,62,false,0.3068,
E1,mixed,2056,25,50,30,363,250,greedy,manhattan,4,,873,,,,60,false,0.3044,
E1,mixed,2056,25,50,30,363,250,swarm,manhattan,4,,873,,,,60,false,0.3176,
E1,mixed,2056,25,50,30,363,250,convergent_swarm,manhattan,4,,873,,,,50,false,0.3161,
E1,mixed,2056,25,50,30,363,250,zero_one_bfs,manhattan,4,,873,,,,48,false,0.2890,
E1,mixed,2151,25,50,30,388,261,bfs,manhattan,4,,540,61,127.0000,62,21,true,0.1375,116.0000
E1,mixed,2151,25,50,30,388,261,dfs,manhattan,4,,225,125,337.0000,126,96,true,0.0636,116.0000
E1,mixed,2151,25,50,30,388,261,dijkstra,manhattan,4,,561,116,116.0000,64,30,true,0.1984,116.0000
E1,mixed,2151,25,50,30,388,261,a_star,manhattan,4,,450,116,116.0000,64,30,true,0.1635,116.0000
E1,mixed,2151,25,50,30,388,261,greedy,manhattan,4,,195,179,179.0000,70,48,true,0.0697,116.0000
E1,mixed,2151,25,50,30,388,261,swarm,manhattan,4,,295,116,116.0000,64,52,true,0.1486,116.0000
E1,mixed,2151,25,50,30,388,261,convergent_swarm,manhattan,4,,228,123,123.0000,66,52,true,0.0917,116.0000
E1,mixed,2151,25,50,30,388,261,zero_one_bfs,manhattan,4,,637,13,128.0000,76,44,true,0.2414,116.0000
E1,mixed,2270,25,50,30,370,245,bfs,manhattan,4,,558,31,62.0000,32,33,true,0.1342,52.0000
E1,mixed,2270,25,50,30,370,245,dfs,manhattan,4,,175,107,220.0000,108,84,true,0.0488,52.0000
E1,mixed,2270,25,50,30,370,245,dijkstra,manhattan,4,,553,52,52.0000,42,44,true,0.1959,52.0000
E1,mixed,2270,25,50,30,370,245,a_star,manhattan,4,,230,52,52.0000,42,65,true,0.0909,52.0000
E1,mixed,2270,25,50,30,370,245,greedy,manhattan,4,,37,87,87.0000,36,33,true,0.0154,52.0000
E1,mixed,2270,25,50,30,370,245,swarm,manhattan,4,,77,60,60.0000,34,29,true,0.0282,52.0000
E1,mixed,2270,25,50,30,370,245,convergent_swarm,manhattan,4,,43,62,62.0000,34,33,true,0.0166,52.0000
E1,mixed,2270,25,50,30,370,245,zero_one_bfs,manhattan,4,,315,2,56.0000,48,69,true,0.1187,52.0000
E1,mixed,2514,25,50,30,358,305,bfs,manhattan,4,,581,31,63.0000,32,40,true,0.1460,52.0000
E1,mixed,2514,25,50,30,358,305,dfs,manhattan,4,,858,43,112.0000,44,233,true,0.2495,52.0000
E1,mixed,2514,25,50,30,358,305,dijkstra,manhattan,4,,578,52,52.0000,36,59,true,0.2111,52.0000
E1,mixed,2514,25,50,30,358,305,a_star,manhattan,4,,267,52,52.0000,36,65,true,0.1054,52.0000
E1,mixed,2514,25,50,30,358,305,greedy,manhattan,4,,35,69,69.0000,32,28,true,0.0131,52.0000
E1,mixed,2514,25,50,30,358,305,swarm,manhattan,4,,103,52,52.0000,36,33,true,0.0400,52.0000
E1,mixed,2514,25,50,30,358,305,convergent_swarm,manhattan,4,,39,59,59.0000,34,32,true,0.0154,52.0000
E1,mixed,2514,25,50,30,358,305,zero_one_bfs,manhattan,4,,553,4,54.0000,34,109,true,0.2039,52.0000
E1,mixed,2803,25,50,30,349,281,bfs,manhattan,4,,694,41,130.0000,42,37,true,0.1814,83.0000
E1,mixed,2803,25,50,30,349,281,dfs,manhattan,4,,699,137,371.0000,138,256,true,0.2114,83.0000
E1,mixed,2803,25,50,30,349,281,dijkstra,manhattan,4,,639,83,83.0000,46,37,true,0.2296,83.0000
E1,mixed,2803,25,50,30,349,281,a_star,manhattan,4,,477,83,83.0000,46,56,true,0.1834,83.0000
E1,mixed,2803,25,50,30,349,281,greedy,manhattan,4,,99,201,201.0000,52,39,true,0.0461,83.0000
E1,mixed,2803,25,50,30,349,281,swarm,manhattan,4,,180,83,83.0000,46,57,true,0.0769,83.0000
E1,mixed,2803,25,50,30,349,281,convergent_swarm,manhattan,4,,113,105,105.0000,44,36,true,0.0446,83.0000
E1,mixed,2803,25,50,30,349,281,zero_one_bfs,manhattan,4,,682,8,105.0000,66,71,true,0.2522,83.0000
E1,mixed,3063,25,50,30,349,296,bfs,manhattan,4,,537,29,84.0000,30,33,true,0.1275,50.0000
E1,mixed,3063,25,50,30,349,296,dfs,manhattan,4,,343,149,347.0000,150,131,true,0.0933,50.0000
E1,mixed,3063,25,50,30,349,296,dijkstra,manhattan,4,,499,50,50.0000,40,43,true,0.1923,50.0000
E1,mixed,3063,25,50,30,349,296,a_star,manhattan,4,,215,50,50.0000,40,38,true,0.0825,50.0000
E1,mixed,3063,25,50,30,349,296,greedy,manhattan,4,,34,69,69.0000,32,33,true,0.0151,50.0000
E1,mixed,3063,25,50,30,349,296,swarm,manhattan,4,,94,52,52.0000,38,52,true,0.0501,50.0000
E1,mixed,3063,25,50,30,349,296,convergent_swarm,manhattan,4,,35,67,67.0000,34,33,true,0.0215,50.0000
E1,mixed,3063,25,50,30,349,296,zero_one_bfs,manhattan,4,,446,4,67.0000,50,75,true,0.1566,50.0000
E1,mixed,3158,25,50,30,369,246,bfs,manhattan,4,,683,39,100.0000,40,35,true,0.2310,87.0000
E1,mixed,3158,25,50,30,369,246,dfs,manhattan,4,,818,91,231.0000,92,205,true,0.2903,87.0000
E1,mixed,3158,25,50,30,369,246,dijkstra,manhattan,4,,766,87,87.0000,40,48,true,0.2667,87.0000
E1,mixed,3158,25,50,30,369,246,a_star,manhattan,4,,586,87,87.0000,40,65,true,0.2202,87.0000
E1,mixed,3158,25,50,30,369,246,greedy,manhattan,4,,94,111,111.0000,46,28,true,0.0327,87.0000
E1,mixed,3158,25,50,30,369,246,swarm,manhattan,4,,233,88,88.0000,40,44,true,0.0897,87.0000
E1,mixed,3158,25,50,30,369,246,convergent_swarm,manhattan,4,,122,92,92.0000,44,34,true,0.0434,87.0000
E1,mixed,3158,25,50,30,369,246,zero_one_bfs,manhattan,4,,508,4,92.0000,66,80,true,0.6064,87.0000
E1,mixed,3277,25,50,30,354,269,bfs,manhattan,4,,642,33,101.0000,34,36,true,0.1573,68.0000
E1,mixed,3277,25,50,30,354,269,dfs,manhattan,4,,163,87,250.0000,88,98,true,0.0501,68.0000
E1,mixed,3277,25,50,30,354,269,dijkstra,manhattan,4,,608,68,68.0000,38,41,true,0.2181,68.0000
E1,mixed,3277,25,50,30,354,269,a_star,manhattan,4,,368,68,68.0000,38,51,true,0.1294,68.0000
E1,mixed,3277,25,50,30,354,269,greedy,manhattan,4,,40,84,84.0000,36,37,true,0.0168,68.0000
E1,mixed,3277,25,50,30,354,269,swarm,manhattan,4,,181,69,69.0000,38,38,true,0.0640,68.0000
E1,mixed,3277,25,50,30,354,269,convergent_swarm,manhattan,4,,47,83,83.0000,36,36,true,0.0183,68.0000
E1,mixed,3277,25,50,30,354,269,zero_one_bfs,manhattan,4,,636,6,68.0000,38,62,true,0.2158,68.0000
E1,mixed,3521,25,50,30,377,282,bfs,manhattan,4,,560,37,63.0000,38,31,true,0.1379,57.0000
E1,mixed,3521,25,50,30,377,282,dfs,manhattan,4,,310,211,507.0000,212,161,true,0.1075,57.0000
E1,mixed,3521,25,50,30,377,282,dijkstra,manhattan,4,,517,57,57.0000,38,43,true,0.1903,57.0000
E1,mixed,3521,25,50,30,377,282,a_star,manhattan,4,,270,57,57.0000,38,47,true,0.1073,57.0000
E1,mixed,3521,25,50,30,377,282,greedy,manhattan,4,,63,105,105.0000,46,37,true,0.0439,57.0000
E1,mixed,3521,25,50,30,377,282,swarm,manhattan,4,,82,57,57.0000,38,33,true,0.0433,57.0000
E1,mixed,3521,25,50,30,377,282,convergent_swarm,manhattan,4,,65,57,57.0000,38,38,true,0.0367,57.0000
E1,mixed,3521,25,50,30,377,282,zero_one_bfs,manhattan,4,,537,8,67.0000,38,60,true,0.2814,57.0000
E1,mixed,3810,25,50,30,373,286,bfs,manhattan,4,,580,33,71.0000,34,38,true,0.1481,57.0000
E1,mixed,3810,25,50,30,373,286,dfs,manhattan,4,,656,69,166.0000,70,157,true,0.1915,57.0000
E1,mixed,3810,25,50,30,373,286,dijkstra,manhattan,4,,575,57,57.0000,38,54,true,0.2086,57.0000
E1,mixed,3810,25,50,30,373,286,a_star,manhattan,4,,284,57,57.0000,38,55,true,0.1037,57.0000
E1,mixed,3810,25,50,30,373,286,greedy,manhattan,4,,54,89,89.0000,42,38,true,0.0200,57.0000
E1,mixed,3810,25,50,30,373,286,swarm,manhattan,4,,94,57,57.0000,38,39,true,0.0363,57.0000
E1,mixed,3810,25,50,30,373,286,convergent_swarm,manhattan,4,,61,72,72.0000,40,38,true,0.0217,57.0000
E1,mixed,3810,25,50,30,373,286,zero_one_bfs,manhattan,4,,573,4,57.0000,38,92,true,0.2047,57.0000
E1,mixed,4070,25,50,30,402,249,bfs,manhattan,4,,500,,,,40,false,0.1231,
E1,mixed,4070,25,50,30,402,249,dfs,manhattan,4,,500,,,,132,false,0.1404,
E1,mixed,4070,25,50,30,402,249,dijkstra,manhattan,4,,500,,,,64,false,0.1700,
E1,mixed,4070,25,50,30,402,249,a_star,manhattan,4,,500,,,,40,false,0.1672,
E1,mixed,4070,25,50,30,402,249,greedy,manhattan,4,,500,,,,29,false,0.1590,
E1,mixed,4070,25,50,30,402,249,swarm,manhattan,4,,500,,,,33,false,0.1643,
E1,mixed,4070,25,50,30,402,249,convergent_swarm,manhattan,4,,500,,,,27,false,0.1592,
E1,mixed,4070,25,50,30,402,249,zero_one_bfs,manhattan,4,,500,,,,52,false,0.1625,
E1,mixed,4165,25,50,30,363,252,bfs,manhattan,4,,592,35,79.0000,36,31,true,0.1873,60.0000
E1,mixed,4165,25,50,30,363,252,dfs,manhattan,4,,255,81,206.0000,82,101,true,0.1014,60.0000
E1,mixed,4165,25,50,30,363,252,dijkstra,manhattan,4,,650,60,60.0000,36,50,true,0.3027,60.0000
E1,mixed,4165,25,50,30,363,252,a_star,manhattan,4,,386,60,60.0000,36,61,true,0.2045,60.0000
E1,mixed,4165,25,50,30,363,252,greedy,manhattan,4,,46,78,78.0000,38,32,true,0.0232,60.0000
E1,mixed,4165,25,50,30,363,252,swarm,manhattan,4,,103,60,60.0000,36,38,true,0.0465,60.0000
E1,mixed,4165,25,50,30,363,252,convergent_swarm,manhattan,4,,46,61,61.0000,36,34,true,0.0274,60.0000
E1,mixed,4165,25,50,30,363,252,zero_one_bfs,manhattan,4,,682,6,60.0000,36,63,true,0.3237,60.0000
E1,mixed,4284,25,50,30,376,243,bfs,manhattan,4,,572,33,66.0000,34,39,true,0.2620,54.0000
E1,mixed,4284,25,50,30,376,243,dfs,manhattan,4,,800,127,327.0000,128,231,true,0.2304,54.0000
E1,mixed,4284,25,50,30,376,243,dijkstra,manhattan,4,,534,54,54.0000,40,39,true,0.1884,54.0000
E1,mixed,4284,25,50,30,376,243,a_star,manhattan,4,,249,54,54.0000,40,49,true,0.0935,54.0000
E1,mixed,4284,25,50,30,376,243,greedy,manhattan,4,,38,74,74.0000,36,36,true,0.0166,54.0000
E1,mixed,4284,25,50,30,376,243,swarm,manhattan,4,,89,57,57.0000,34,32,true,0.0325,54.0000
E1,mixed,4284,25,50,30,376,243,convergent_swarm,manhattan,4,,43,74,74.0000,36,36,true,0.0168,54.0000
E1,mixed,4284,25,50,30,376,243,zero_one_bfs,manhattan,4,,447,4,57.0000,40,54,true,0.1521,54.0000
E1,mixed,4528,25,50,30,380,261,bfs,manhattan,4,,585,45,98.0000,46,33,true,0.1369,72.0000
E1,mixed,4528,25,50,30,380,261,dfs,manhattan,4,,246,171,447.0000,172,133,true,0.0686,72.0000
E1,mixed,4528,25,50,30,380,261,dijkstra,manhattan,4,,545,72,72.0000,46,46,true,0.2238,72.0000
E1,mixed,4528,25,50,30,380,261,a_star,manhattan,4,,402,72,72.0000,46,59,true,0.1524,72.0000
E1,mixed,4528,25,50,30,380,261,greedy,manhattan,4,,86,125,125.0000,50,39,true,0.0338,72.0000
E1,mixed,4528,25,50,30,380,261,swarm,manhattan,4,,228,72,72.0000,46,53,true,0.0846,72.0000
E1,mixed,4528,25,50,30,380,261,convergent_swarm,manhattan,4,,142,103,103.0000,48,37,true,0.0528,72.0000
E1,mixed,4528,25,50,30,380,261,zero_one_bfs,manhattan,4,,529,7,84.0000,50,63,true,0.1935,72.0000
E1,mixed,4817,25,50,30,388,266,bfs,manhattan,4,,606,45,123.0000,46,27,true,0.1612,74.0000
E1,mixed,4817,25,50,30,388,266,dfs,manhattan,4,,248,149,397.0000,150,134,true,0.0749,74.0000
E1,mixed,4817,25,50,30,388,266,dijkstra,manhattan,4,,554,74,74.0000,52,33,true,0.2004,74.0000
E1,mixed,4817,25,50,30,388,266,a_star,manhattan,4,,352,74,74.0000,52,46,true,0.1295,74.0000
E1,mixed,4817,25,50,30,388,266,greedy,manhattan,4,,89,126,126.0000,50,45,true,0.0337,74.0000
E1,mixed,4817,25,50,30,388,266,swarm,manhattan,4,,245,74,74.0000,52,54,true,0.0872,74.0000
E1,mixed,4817,25,50,30,388,266,convergent_swarm,manhattan,4,,91,98,98.0000,50,47,true,0.0403,74.0000
E1,mixed,4817,25,50,30,388,266,zero_one_bfs,manhattan,4,,562,8,93.0000,60,59,true,0.2546,74.0000
E1,mixed,5077,25,50,30,372,268,bfs,manhattan,4,,696,41,89.0000,42,29,true,0.1670,72.0000
E1,mixed,5077,25,50,30,372,268,dfs,manhattan,4,,819,57,130.0000,58,173,true,0.2239,72.0000
E1,mixed,5077,25,50,30,372,268,dijkstra,manhattan,4,,751,72,72.0000,46,45,true,0.2663,72.0000
E1,mixed,5077,25,50,30,372,268,a_star,manhattan,4,,557,72,72.0000,46,62,true,0.2103,72.0000
E1,mixed,5077,25,50,30,372,268,greedy,manhattan,4,,66,83,83.0000,46,39,true,0.0252,72.0000
E1,mixed,5077,25,50,30,372,268,swarm,manhattan,4,,329,72,72.0000,46,58,true,0.1239,72.0000
E1,mixed,5077,25,50,30,372,268,convergent_swarm,manhattan,4,,104,72,72.0000,46,37,true,0.0399,72.0000
E1,mixed,5077,25,50,30,372,268,zero_one_bfs,manhattan,4,,626,4,81.0000,56,64,true,0.2289,72.0000
E1,mixed,5172,25,50,30,365,283,bfs,manhattan,4,,662,39,75.0000,40,32,true,0.1502,68.0000
E1,mixed,5172,25,50,30,365,283,dfs,manhattan,4,,590,319,902.0000,320,281,true,0.1656,68.0000
E1,mixed,5172,25,50,30,365,283,dijkstra,manhattan,4,,595,68,68.0000,48,37,true,0.2034,68.0000
E1,mixed,5172,25,50,30,365,283,a_star,manhattan,4,,420,68,68.0000,48,55,true,0.1524,68.0000
E1,mixed,5172,25,50,30,365,283,greedy,manhattan,4,,50,89,89.0000,40,32,true,0.0193,68.0000
E1,mixed,5172,25,50,30,365,283,swarm,manhattan,4,,144,70,70.0000,42,45,true,0.0544,68.0000
E1,mixed,5172,25,50,30,365,283,convergent_swarm,manhattan,4,,65,87,87.0000,44,37,true,0.0240,68.0000
E1,mixed,5172,25,50,30,365,283,zero_one_bfs,manhattan,4,,618,7,76.0000,54,49,true,0.2178,68.0000
E1,mixed,5291,25,50,30,373,266,bfs,manhattan,4,,725,51,101.0000,52,38,true,0.1666,90.0000
E1,mixed,5291,25,50,30,373,266,dfs,manhattan,4,,209,143,335.0000,144,119,true,0.0591,90.0000
E1,mixed,5291,25,50,30,373,266,dijkstra,manhattan,4,,651,90,90.0000,52,48,true,0.2361,90.0000
E1,mixed,5291,25,50,30,373,266,a_star,manhattan,4,,587,90,90.0000,52,56,true,0.2210,90.0000
E1,mixed,5291,25,50,30,373,266,greedy,manhattan,4,,350,122,122.0000,62,36,true,0.1257,90.0000
E1,mixed,5291,25,50,30,373,266,swarm,manhattan,4,,497,90,90.0000,52,41,true,0.3462,90.0000
E1,mixed,5291,25,50,30,373,266,convergent_swarm,manhattan,4,,375,96,96.0000,56,36,true,0.2207,90.0000
E1,mixed,5291,25,50,30,373,266,zero_one_bfs,manhattan,4,,584,7,94.0000,56,58,true,0.3170,90.0000
E1,mixed,5535,25,50,30,373,249,bfs,manhattan,4,,626,33,90.0000,34,35,true,0.1574,49.0000
E1,mixed,5535,25,50,30,373,249,dfs,manhattan,4,,58,55,130.0000,56,56,true,0.0208,49.0000
E1,mixed,5535,25,50,30,373,249,dijkstra,manhattan,4,,495,49,49.0000,38,40,true,0.1893,49.0000
E1,mixed,5535,25,50,30,373,249,a_star,manhattan,4,,176,49,49.0000,38,62,true,0.0721,49.0000
E1,mixed,5535,25,50,30,373,249,greedy,manhattan,4,,54,102,102.0000,40,38,true,0.0216,49.0000
E1,mixed,5535,25,50,30,373,249,swarm,manhattan,4,,96,49,49.0000,38,54,true,0.0397,49.0000
E1,mixed,5535,25,50,30,373,249,convergent_swarm,manhattan,4,,58,67,67.0000,36,36,true,0.0222,49.0000
E1,mixed,5535,25,50,30,373,249,zero_one_bfs,manhattan,4,,425,3,55.0000,48,91,true,0.2322,49.0000
E1,mixed,5824,25,50,30,359,261,bfs,manhattan,4,,626,41,133.0000,42,31,true,0.1504,91.0000
E1,mixed,5824,25,50,30,359,261,dfs,manhattan,4,,256,155,399.0000,156,146,true,0.0769,91.0000
E1,mixed,5824,25,50,30,359,261,dijkstra,manhattan,4,,706,91,91.0000,60,43,true,0.2593,91.0000
E1,mixed,5824,25,50,30,359,261,a_star,manhattan,4,,592,91,91.0000,54,42,true,0.2166,91.0000
E1,mixed,5824,25,50,30,359,261,greedy,manhattan,4,,75,132,132.0000,46,35,true,0.0262,91.0000
E1,mixed,5824,25,50,30,359,261,swarm,manhattan,4,,384,91,91.0000,54,61,true,0.1339,91.0000
E1,mixed,5824,25,50,30,359,261,convergent_swarm,manhattan,4,,124,94,94.0000,52,39,true,0.0427,91.0000
E1,mixed,5824,25,50,30,359,261,zero_one_bfs,manhattan,4,,503,4,99.0000,76,59,true,0.1789,91.0000
E1,mixed,42,25,50,45,533,237,bfs,manhattan,4,,239,,,,21,false,0.0519,
E1,mixed,42,25,50,45,533,237,dfs,manhattan,4,,239,,,,41,false,0.0696,
E1,mixed,42,25,50,45,533,237,dijkstra,manhattan,4,,239,,,,19,false,0.4378,
E1,mixed,42,25,50,45,533,237,a_star,manhattan,4,,239,,,,17,false,0.0743,
E1,mixed,42,25,50,45,533,237,greedy,manhattan,4,,239,,,,14,false,0.0685,
E1,mixed,42,25,50,45,533,237,swarm,manhattan,4,,239,,,,14,false,0.0697,
E1,mixed,42,25,50,45,533,237,convergent_swarm,manhattan,4,,239,,,,14,false,0.0682,
E1,mixed,42,25,50,45,533,237,zero_one_bfs,manhattan,4,,239,,,,22,false,0.0748,
E1,mixed,137,25,50,45,546,197,bfs,manhattan,4,,98,,,,10,false,0.0218,
E1,mixed,137,25,50,45,546,197,dfs,manhattan,4,,98,,,,20,false,0.0259,
E1,mixed,137,25,50,45,546,197,dijkstra,manhattan,4,,98,,,,11,false,0.0274,
E1,mixed,137,25,50,45,546,197,a_star,manhattan,4,,98,,,,10,false,0.0278,
E1,mixed,137,25,50,45,546,197,greedy,manhattan,4,,98,,,,10,false,0.0283,
E1,mixed,137,25,50,45,546,197,swarm,manhattan,4,,98,,,,10,false,0.0276,
E1,mixed,137,25,50,45,546,197,convergent_swarm,manhattan,4,,98,,,,10,false,0.0259,
E1,mixed,137,25,50,45,546,197,zero_one_bfs,manhattan,4,,98,,,,12,false,0.0331,
E1,mixed,256,25,50,45,555,224,bfs,manhattan,4,,18,,,,4,false,0.0041,
E1,mixed,256,25,50,45,555,224,dfs,manhattan,4,,18,,,,5,false,0.0045,
E1,mixed,256,25,50,45,555,224,dijkstra,manhattan,4,,18,,,,3,false,0.0043,
E1,mixed,256,25,50,45,555,224,a_star,manhattan,4,,18,,,,3,false,0.0045,
E1,mixed,256,25,50,45,555,224,greedy,manhattan,4,,18,,,,3,false,0.0047,
E1,mixed,256,25,50,45,555,224,swarm,manhattan,4,,18,,,,3,false,0.0051,
E1,mixed,256,25,50,45,555,224,convergent_swarm,manhattan,4,,18,,,,3,false,0.0047,
E1,mixed,256,25,50,45,555,224,zero_one_bfs,manhattan,4,,18,,,,4,false,0.0060,
E1,mixed,500,25,50,45,527,212,bfs,manhattan,4,,1,,,,1,false,0.0002,
E1,mixed,500,25,50,45,527,212,dfs,manhattan,4,,1,,,,1,false,0.0003,
E1,mixed,500,25,50,45,527,212,dijkstra,manhattan,4,,1,,,,1,false,0.0002,
E1,mixed,500,25,50,45,527,212,a_star,manhattan,4,,1,,,,1,false,0.0002,
E1,mixed,500,25,50,45,527,212,greedy,manhattan,4,,1,,,,1,false,0.0002,
E1,mixed,500,25,50,45,527,212,swarm,manhattan,4,,1,,,,1,false,0.0002,
E1,mixed,500,25,50,45,527,212,convergent_swarm,manhattan,4,,1,,,,1,false,0.0002,
E1,mixed,500,25,50,45,527,212,zero_one_bfs,manhattan,4,,1,,,,1,false,0.0003,
E1,mixed,789,25,50,45,529,205,bfs,manhattan,4,,253,37,92.0000,38,16,true,0.0540,61.0000
E1,mixed,789,25,50,45,529,205,dfs,manhattan,4,,224,47,90.0000,48,35,true,0.0576,61.0000
E1,mixed,789,25,50,45,529,205,dijkstra,manhattan,4,,246,61,61.0000,38,19,true,0.0720,61.0000
E1,mixed,789,25,50,45,529,205,a_star,manhattan,4,,188,61,61.0000,38,24,true,0.0619,61.0000
E1,mixed,789,25,50,45,529,205,greedy,manhattan,4,,68,82,82.0000,42,29,true,0.0242,61.0000
E1,mixed,789,25,50,45,529,205,swarm,manhattan,4,,122,61,61.0000,38,22,true,0.0423,61.0000
E1,mixed,789,25,50,45,529,205,convergent_swarm,manhattan,4,,77,63,63.0000,40,27,true,0.0250,61.0000
E1,mixed,789,25,50,45,529,205,zero_one_bfs,manhattan,4,,215,7,61.0000,38,23,true,0.0771,61.0000
E1,mixed,1049,25,50,45,531,226,bfs,manhattan,4,,189,55,120.0000,56,9,true,0.0388,116.0000
E1,mixed,1049,25,50,45,531,226,dfs,manhattan,4,,104,65,170.0000,66,35,true,0.0257,116.0000
E1,mixed,1049,25,50,45,531,226,dijkstra,manhattan,4,,204,116,116.0000,56,10,true,0.0552,116.0000
E1,mixed,1049,25,50,45,531,226,a_star,manhattan,4,,189,116,116.0000,56,17,true,0.0555,116.0000
E1,mixed,1049,25,50,45,531,226,greedy,manhattan,4,,94,146,146.0000,56,24,true,0.0301,116.0000
E1,mixed,1049,25,50,45,531,226,swarm,manhattan,4,,155,117,117.0000,56,17,true,0.0511,116.0000
E1,mixed,1049,25,50,45,531,226,convergent_swarm,manhattan,4,,123,117,117.0000,56,15,true,0.0396,116.0000
E1,mixed,1049,25,50,45,531,226,zero_one_bfs,manhattan,4,,219,14,116.0000,56,14,true,0.0674,116.0000
E1,mixed,1144,25,50,45,573,200,bfs,manhattan,4,,86,,,,6,false,0.0176,
E1,mixed,1144,25,50,45,573,200,dfs,manhattan,4,,86,,,,22,false,0.0216,
E1,mixed,1144,25,50,45,573,200,dijkstra,manhattan,4,,86,,,,6,false,0.0219,
E1,mixed,1144,25,50,45,573,200,a_star,manhattan,4,,86,,,,6,false,0.0233,
E1,mixed,1144,25,50,45,573,200,greedy,manhattan,4,,86,,,,12,false,0.0248,
E1,mixed,1144,25,50,45,573,200,swarm,manhattan,4,,86,,,,7,false,0.0222,
E1,mixed,1144,25,50,45,573,200,convergent_swarm,manhattan,4,,86,,,,9,false,0.0240,
E1,mixed,1144,25,50,45,573,200,zero_one_bfs,manhattan,4,,86,,,,7,false,0.0266,
E1,mixed,1263,25,50,45,571,209,bfs,manhattan,4,,258,,,,14,false,0.0568,
E1,mixed,1263,25,50,45,571,209,dfs,manhattan,4,,258,,,,36,false,0.0629,
E1,mixed,1263,25,50,45,571,209,dijkstra,manhattan,4,,258,,,,19,false,0.0768,
E1,mixed,1263,25,50,45,571,209,a_star,manhattan,4,,258,,,,16,false,0.0789,
E1,mixed,1263,25,50,45,571,209,greedy,manhattan,4,,258,,,,22,false,0.0787,
E1,mixed,1263,25,50,45,571,209,swarm,manhattan,4,,258,,,,17,false,0.0832,
E1,mixed,1263,25,50,45,571,209,convergent_swarm,manhattan,4,,258,,,,19,false,0.1464,
E1,mixed,1263,25,50,45,571,209,zero_one_bfs,manhattan,4,,258,,,,19,false,0.1287,
E1,mixed,1507,25,50,45,586,212,bfs,manhattan,4,,109,,,,8,false,0.0332,
E1,mixed,1507,25,50,45,586,212,dfs,manhattan,4,,109,,,,31,false,0.0415,
E1,mixed,1507,25,50,45,586,212,dijkstra,manhattan,4,,109,,,,12,false,0.0455,
E1,mixed,1507,25,50,45,586,212,a_star,manhattan,4,,109,,,,13,false,0.0476,
E1,mixed,1507,25,50,45,586,212,greedy,manhattan,4,,109,,,,13,false,0.0458,
E1,mixed,1507,25,50,45,586,212,swarm,manhattan,4,,109,,,,12,false,0.0470,
E1,mixed,1507,25,50,45,586,212,convergent_swarm,manhattan,4,,109,,,,15,false,0.0455,
E1,mixed,1507,25,50,45,586,212,zero_one_bfs,manhattan,4,,109,,,,17,false,0.0523,
E1,mixed,1796,25,50,45,546,199,bfs,manhattan,4,,241,55,101.0000,56,12,true,0.0675,100.0000
E1,mixed,1796,25,50,45,546,199,dfs,manhattan,4,,168,59,109.0000,60,34,true,0.0482,100.0000
E1,mixed,1796,25,50,45,546,199,dijkstra,manhattan,4,,226,100,100.0000,58,11,true,0.0704,100.0000
E1,mixed,1796,25,50,45,546,199,a_star,manhattan,4,,188,100,100.0000,58,16,true,0.0586,100.0000
E1,mixed,1796,25,50,45,546,199,greedy,manhattan,4,,74,101,101.0000,56,23,true,0.0237,100.0000
E1,mixed,1796,25,50,45,546,199,swarm,manhattan,4,,137,100,100.0000,58,19,true,0.0446,100.0000
E1,mixed,1796,25,50,45,546,199,convergent_swarm,manhattan,4,,88,101,101.0000,56,22,true,0.0267,100.0000
E1,mixed,1796,25,50,45,546,199,zero_one_bfs,manhattan,4,,184,7,101.0000,56,25,true,0.0642,100.0000
E1,mixed,2056,25,50,45,551,194,bfs,manhattan,4,,131,,,,10,false,0.0322,
E1,mixed,2056,25,50,45,551,194,dfs,manhattan,4,,131,,,,29,false,0.0370,
E1,mixed,2056,25,50,45,551,194,dijkstra,manhattan,4,,131,,,,13,false,0.0397,
E1,mixed,2056,25,50,45,551,194,a_star,manhattan,4,,131,,,,13,false,0.0443,
E1,mixed,2056,25,50,45,551,194,greedy,manhattan,4,,131,,,,8,false,0.0617,
E1,mixed,2056,25,50,45,551,194,swarm,manhattan,4,,131,,,,11,false,0.0469,
E1,mixed,2056,25,50,45,551,194,convergent_swarm,manhattan,4,,131,,,,8,false,0.0449,
E1,mixed,2056,25,50,45,551,194,zero_one_bfs,manhattan,4,,131,,,,12,false,0.0481,
E1,mixed,2151,25,50,45,552,201,bfs,manhattan,4,,24,,,,5,false,0.0063,
E1,mixed,2151,25,50,45,552,201,dfs,manhattan,4,,24,,,,7,false,0.0064,
E1,mixed,2151,25,50,45,552,201,dijkstra,manhattan,4,,24,,,,5,false,0.0074,
E1,mixed,2151,25,50,45,552,201,a_star,manhattan,4,,24,,,,5,false,0.0065,
E1,mixed,2151,25,50,45,552,201,greedy,manhattan,4,,24,,,,5,false,0.0063,
E1,mixed,2151,25,50,45,552,201,swarm,manhattan,4,,24,,,,5,false,0.0056,
E1,mixed,2151,25,50,45,552,201,convergent_swarm,manhattan,4,,24,,,,4,false,0.0058,
E1,mixed,2151,25,50,45,552,201,zero_one_bfs,manhattan,4,,24,,,,4,false,0.0082,
E1,mixed,2270,25,50,45,558,194,bfs,manhattan,4,,319,,,,9,false,0.0653,
E1,mixed,2270,25,50,45,558,194,dfs,manhattan,4,,319,,,,54,false,0.0815,
E1,mixed,2270,25,50,45,558,194,dijkstra,manhattan,4,,319,,,,11,false,0.0930,
E1,mixed,2270,25,50,45,558,194,a_star,manhattan,4,,319,,,,12,false,0.0925,
E1,mixed,2270,25,50,45,558,194,greedy,manhattan,4,,319,,,,32,false,0.0981,
E1,mixed,2270,25,50,45,558,194,swarm,manhattan,4,,319,,,,18,false,0.0948,
E1,mixed,2270,25,50,45,558,194,convergent_swarm,manhattan,4,,319,,,,23,false,0.0948,
E1,mixed,2270,25,50,45,558,194,zero_one_bfs,manhattan,4,,319,,,,11,false,0.1011,
E1,mixed,2514,25,50,45,549,246,bfs,manhattan,4,,92,,,,10,false,0.0218,
E1,mixed,2514,25,50,45,549,246,dfs,manhattan,4,,92,,,,18,false,0.0232,
E1,mixed,2514,25,50,45,549,246,dijkstra,manhattan,4,,92,,,,12,false,0.0236,
E1,mixed,2514,25,50,45,549,246,a_star,manhattan,4,,92,,,,11,false,0.0291,
E1,mixed,2514,25,50,45,549,246,greedy,manhattan,4,,92,,,,10,false,0.0270,
E1,mixed,2514,25,50,45,549,246,swarm,manhattan,4,,92,,,,11,false,0.0273,
E1,mixed,2514,25,50,45,549,246,convergent_swarm,manhattan,4,,92,,,,10,false,0.0255,
E1,mixed,2514,25,50,45,549,246,zero_one_bfs,manhattan,4,,92,,,,12,false,0.0292,
E1,mixed,2803,25,50,45,533,221,bfs,manhattan,4,,239,51,154.0000,52,9,true,0.0485,137.0000
E1,mixed,2803,25,50,45,533,221,dfs,manhattan,4,,152,59,174.0000,60,45,true,0.0373,137.0000
E1,mixed,2803,25,50,45,533,221,dijkstra,manhattan,4,,233,137,137.0000,54,13,true,0.0730,137.0000
E1,mixed,2803,25,50,45,533,221,a_star,manhattan,4,,221,137,137.0000,54,18,true,0.0647,137.0000
E1,mixed,2803,25,50,45,533,221,greedy,manhattan,4,,129,198,198.0000,70,34,true,0.0421,137.0000
E1,mixed,2803,25,50,45,533,221,swarm,manhattan,4,,215,137,137.0000,54,19,true,0.0636,137.0000
E1,mixed,2803,25,50,45,533,221,convergent_swarm,manhattan,4,,154,140,140.0000,52,24,true,0.0498,137.0000
E1,mixed,2803,25,50,45,533,221,zero_one_bfs,manhattan,4,,232,16,140.0000,52,15,true,0.0714,137.0000
E1,mixed,3063,25,50,45,563,233,bfs,manhattan,4,,87,,,,6,false,0.0196,
E1,mixed,3063,25,50,45,563,233,dfs,manhattan,4,,87,,,,17,false,0.0266,
E1,mixed,3063,25,50,45,563,233,dijkstra,manhattan,4,,87,,,,8,false,0.0262,
E1,mixed,3063,25,50,45,563,233,a_star,manhattan,4,,87,,,,7,false,0.0277,
E1,mixed,3063,25,50,45,563,233,greedy,manhattan,4,,87,,,,7,false,0.0245,
E1,mixed,3063,25,50,45,563,233,swarm,manhattan,4,,87,,,,7,false,0.0225,
E1,mixed,3063,25,50,45,563,233,convergent_swarm,manhattan,4,,87,,,,6,false,0.0291,
E1,mixed,3063,25,50,45,563,233,zero_one_bfs,manhattan,4,,87,,,,8,false,0.0291,
E1,mixed,3158,25,50,45,569,190,bfs,manhattan,4,,230,,,,10,false,0.0561,
E1,mixed,3158,25,50,45,569,190,dfs,manhattan,4,,230,,,,55,false,0.0589,
E1,mixed,3158,25,50,45,569,190,dijkstra,manhattan,4,,230,,,,11,false,0.0652,
E1,mixed,3158,25,50,45,569,190,a_star,manhattan,4,,230,,,,12,false,0.0695,
E1,mixed,3158,25,50,45,569,190,greedy,manhattan,4,,230,,,,14,false,0.0695,
E1,mixed,3158,25,50,45,569,190,swarm,manhattan,4,,230,,,,11,false,0.0715,
E1,mixed,3158,25,50,45,569,190,convergent_swarm,manhattan,4,,230,,,,15,false,0.0727,
E1,mixed,3158,25,50,45,569,190,zero_one_bfs,manhattan,4,,230,,,,13,false,0.0776,
E1,mixed,3277,25,50,45,526,218,bfs,manhattan,4,,48,,,,7,false,0.0128,
E1,mixed,3277,25,50,45,526,218,dfs,manhattan,4,,48,,,,12,false,0.0130,
E1,mixed,3277,25,50,45,526,218,dijkstra,manhattan,4,,48,,,,6,false,0.0139,
E1,mixed,3277,25,50,45,526,218,a_star,manhattan,4,,48,,,,6,false,0.0139,
E1,mixed,3277,25,50,45,526,218,greedy,manhattan,4,,48,,,,7,false,0.0160,
E1,mixed,3277,25,50,45,526,218,swarm,manhattan,4,,48,,,,6,false,0.0153,
E1,mixed,3277,25,50,45,526,218,convergent_swarm,manhattan,4,,48,,,,7,false,0.0152,
E1,mixed,3277,25,50,45,526,218,zero_one_bfs,manhattan,4,,48,,,,7,false,0.0151,
E1,mixed,3521,25,50,45,549,217,bfs,manhattan,4,,142,,,,12,false,0.0378,
E1,mixed,3521,25,50,45,549,217,dfs,manhattan,4,,142,,,,25,false,0.0392,
E1,mixed,3521,25,50,45,549,217,dijkstra,manhattan,4,,142,,,,15,false,0.0566,
E1,mixed,3521,25,50,45,549,217,a_star,manhattan,4,,142,,,,16,false,0.0538,
E1,mixed,3521,25,50,45,549,217,greedy,manhattan,4,,142,,,,12,false,0.0422,
E1,mixed,3521,25,50,45,549,217,swarm,manhattan,4,,142,,,,17,false,0.0454,
E1,mixed,3521,25,50,45,549,217,convergent_swarm,manhattan,4,,142,,,,19,false,0.0460,
E1,mixed,3521,25,50,45,549,217,zero_one_bfs,manhattan,4,,142,,,,14,false,0.0487,
E1,mixed,3810,25,50,45,572,225,bfs,manhattan,4,,163,,,,10,false,0.0380,
E1,mixed,3810,25,50,45,572,225,dfs,manhattan,4,,163,,,,46,false,0.0450,
E1,mixed,3810,25,50,45,572,225,dijkstra,manhattan,4,,163,,,,9,false,0.0493,
E1,mixed,3810,25,50,45,572,225,a_star,manhattan,4,,163,,,,11,false,0.0530,
E1,mixed,3810,25,50,45,572,225,greedy,manhattan,4,,163,,,,19,false,0.0531,
E1,mixed,3810,25,50,45,572,225,swarm,manhattan,4,,163,,,,14,false,0.0538,
E1,mixed,3810,25,50,45,572,225,convergent_swarm,manhattan,4,,163,,,,21,false,0.0551,
E1,mixed,3810,25,50,45,572,225,zero_one_bfs,manhattan,4,,163,,,,9,false,0.0608,
E1,mixed,4070,25,50,45,566,209,bfs,manhattan,4,,228,,,,15,false,0.0493,
E1,mixed,4070,25,50,45,566,209,dfs,manhattan,4,,228,,,,38,false,0.0600,
E1,mixed,4070,25,50,45,566,209,dijkstra,manhattan,4,,228,,,,17,false,0.0637,
E1,mixed,4070,25,50,45,566,209,a_star,manhattan,4,,228,,,,14,false,0.1151,
E1,mixed,4070,25,50,45,566,209,greedy,manhattan,4,,228,,,,17,false,0.0656,
E1,mixed,4070,25,50,45,566,209,swarm,manhattan,4,,228,,,,15,false,0.0658,
E1,mixed,4070,25,50,45,566,209,convergent_swarm,manhattan,4,,228,,,,16,false,0.0678,
E1,mixed,4070,25,50,45,566,209,zero_one_bfs,manhattan,4,,228,,,,19,false,0.0738,
E1,mixed,4165,25,50,45,545,196,bfs,manhattan,4,,118,,,,10,false,0.0260,
E1,mixed,4165,25,50,45,545,196,dfs,manhattan,4,,118,,,,21,false,0.0320,
E1,mixed,4165,25,50,45,545,196,dijkstra,manhattan,4,,118,,,,12,false,0.0341,
E1,mixed,4165,25,50,45,545,196,a_star,manhattan,4,,118,,,,12,false,0.0551,
E1,mixed,4165,25,50,45,545,196,greedy,manhattan,4,,118,,,,14,false,0.0397,
E1,mixed,4165,25,50,45,545,196,swarm,manhattan,4,,118,,,,12,false,0.0381,
E1,mixed,4165,25,50,45,545,196,convergent_swarm,manhattan,4,,118,,,,13,false,0.0332,
E1,mixed,4165,25,50,45,545,196,zero_one_bfs,manhattan,4,,118,,,,13,false,0.0422,
E1,mixed,4284,25,50,45,554,195,bfs,manhattan,4,,48,,,,8,false,0.0123,
E1,mixed,4284,25,50,45,554,195,dfs,manhattan,4,,48,,,,20,false,0.0151,
E1,mixed,4284,25,50,45,554,195,dijkstra,manhattan,4,,48,,,,9,false,0.0151,
E1,mixed,4284,25,50,45,554,195,a_star,manhattan,4,,48,,,,10,false,0.0152,
E1,mixed,4284,25,50,45,554,195,greedy,manhattan,4,,48,,,,10,false,0.0154,
E1,mixed,4284,25,50,45,554,195,swarm,manhattan,4,,48,,,,15,false,0.0170,
E1,mixed,4284,25,50,45,554,195,convergent_swarm,manhattan,4,,48,,,,11,false,0.0144,
E1,mixed,4284,25,50,45,554,195,zero_one_bfs,manhattan,4,,48,,,,12,false,0.0170,
E1,mixed,4528,25,50,45,578,211,bfs,manhattan,4,,93,,,,8,false,0.0208,
E1,mixed,4528,25,50,45,578,211,dfs,manhattan,4,,93,,,,12,false,0.0234,
E1,mixed,4528,25,50,45,578,211,dijkstra,manhattan,4,,93,,,,10,false,0.0275,
E1,mixed,4528,25,50,45,578,211,a_star,manhattan,4,,93,,,,10,false,0.0277,
E1,mixed,4528,25,50,45,578,211,greedy,manhattan,4,,93,,,,13,false,0.0263,
E1,mixed,4528,25,50,45,578,211,swarm,manhattan,4,,93,,,,10,false,0.0257,
E1,mixed,4528,25,50,45,578,211,convergent_swarm,manhattan,4,,93,,,,10,false,0.0256,
E1,mixed,4528,25,50,45,578,211,zero_one_bfs,manhattan,4,,93,,,,9,false,0.0312,
E1,mixed,4817,25,50,45,582,203,bfs,manhattan,4,,63,,,,9,false,0.0144,
E1,mixed,4817,25,50,45,582,203,dfs,manhattan,4,,63,,,,18,false,0.0222,
E1,mixed,4817,25,50,45,582,203,dijkstra,manhattan,4,,63,,,,12,false,0.0185,
E1,mixed,4817,25,50,45,582,203,a_star,manhattan,4,,63,,,,10,false,0.0188,
E1,mixed,4817,25,50,45,582,203,greedy,manhattan,4,,63,,,,8,false,0.0176,
E1,mixed,4817,25,50,45,582,203,swarm,manhattan,4,,63,,,,10,false,0.0224,
E1,mixed,4817,25,50,45,582,203,convergent_swarm,manhattan,4,,63,,,,9,false,0.0165,
E1,mixed,4817,25,50,45,582,203,zero_one_bfs,manhattan,4,,63,,,,13,false,0.0192,
E1,mixed,5077,25,50,45,553,216,bfs,manhattan,4,,79,,,,8,false,0.0179,
E1,mixed,5077,25,50,45,553,216,dfs,manhattan,4,,79,,,,22,false,0.0211,
E1,mixed,5077,25,50,45,553,216,dijkstra,manhattan,4,,79,,,,8,false,0.0234,
E1,mixed,5077,25,50,45,553,216,a_star,manhattan,4,,79,,,,8,false,0.0247,
E1,mixed,5077,25,50,45,553,216,greedy,manhattan,4,,79,,,,11,false,0.0248,
E1,mixed,5077,25,50,45,553,216,swarm,manhattan,4,,79,,,,9,false,0.0233,
E1,mixed,5077,25,50,45,553,216,convergent_swarm,manhattan,4,,79,,,,10,false,0.0224,
E1,mixed,5077,25,50,45,553,216,zero_one_bfs,manhattan,4,,79,,,,12,false,0.0290,
E1,mixed,5172,25,50,45,541,219,bfs,manhattan,4,,137,,,,11,false,0.0312,
E1,mixed,5172,25,50,45,541,219,dfs,manhattan,4,,137,,,,23,false,0.0383,
E1,mixed,5172,25,50,45,541,219,dijkstra,manhattan,4,,137,,,,12,false,0.0421,
E1,mixed,5172,25,50,45,541,219,a_star,manhattan,4,,137,,,,14,false,0.0431,
E1,mixed,5172,25,50,45,541,219,greedy,manhattan,4,,137,,,,15,false,0.0413,
E1,mixed,5172,25,50,45,541,219,swarm,manhattan,4,,137,,,,13,false,0.0393,
E1,mixed,5172,25,50,45,541,219,convergent_swarm,manhattan,4,,137,,,,15,false,0.0388,
E1,mixed,5172,25,50,45,541,219,zero_one_bfs,manhattan,4,,137,,,,10,false,0.0449,
E1,mixed,5291,25,50,45,583,204,bfs,manhattan,4,,26,,,,3,false,0.0052,
E1,mixed,5291,25,50,45,583,204,dfs,manhattan,4,,26,,,,5,false,0.0059,
E1,mixed,5291,25,50,45,583,204,dijkstra,manhattan,4,,26,,,,3,false,0.0063,
E1,mixed,5291,25,50,45,583,204,a_star,manhattan,4,,26,,,,4,false,0.0242,
E1,mixed,5291,25,50,45,583,204,greedy,manhattan,4,,26,,,,5,false,0.0100,
E1,mixed,5291,25,50,45,583,204,swarm,manhattan,4,,26,,,,5,false,0.0090,
E1,mixed,5291,25,50,45,583,204,convergent_swarm,manhattan,4,,26,,,,5,false,0.0073,
E1,mixed,5291,25,50,45,583,204,zero_one_bfs,manhattan,4,,26,,,,3,false,0.0097,
E1,mixed,5535,25,50,45,565,189,bfs,manhattan,4,,203,47,91.0000,48,14,true,0.0451,81.0000
E1,mixed,5535,25,50,45,565,189,dfs,manhattan,4,,188,59,121.0000,60,62,true,0.0483,81.0000
E1,mixed,5535,25,50,45,565,189,dijkstra,manhattan,4,,184,81,81.0000,48,13,true,0.0555,81.0000
E1,mixed,5535,25,50,45,565,189,a_star,manhattan,4,,162,81,81.0000,48,14,true,0.0497,81.0000
E1,mixed,5535,25,50,45,565,189,greedy,manhattan,4,,105,86,86.0000,50,26,true,0.0363,81.0000
E1,mixed,5535,25,50,45,565,189,swarm,manhattan,4,,121,81,81.0000,48,21,true,0.0398,81.0000
E1,mixed,5535,25,50,45,565,189,convergent_swarm,manhattan,4,,113,86,86.0000,50,24,true,0.0355,81.0000
E1,mixed,5535,25,50,45,565,189,zero_one_bfs,manhattan,4,,186,8,88.0000,50,17,true,0.0616,81.0000
E1,mixed,5824,25,50,45,528,202,bfs,manhattan,4,,113,,,,10,false,0.0244,
E1,mixed,5824,25,50,45,528,202,dfs,manhattan,4,,113,,,,22,false,0.0292,
E1,mixed,5824,25,50,45,528,202,dijkstra,manhattan,4,,113,,,,11,false,0.0324,
E1,mixed,5824,25,50,45,528,202,a_star,manhattan,4,,113,,,,10,false,0.0326,
E1,mixed,5824,25,50,45,528,202,greedy,manhattan,4,,113,,,,11,false,0.0316,
E1,mixed,5824,25,50,45,528,202,swarm,manhattan,4,,113,,,,9,false,0.0314,
E1,mixed,5824,25,50,45,528,202,convergent_swarm,manhattan,4,,113,,,,11,false,0.0312,
E1,mixed,5824,25,50,45,528,202,zero_one_bfs,manhattan,4,,113,,,,11,false,0.0369,
E1,bottleneck,42,25,50,0,159,0,bfs,manhattan,4,,956,51,51.0000,52,26,true,0.2445,51.0000
E1,bottleneck,42,25,50,0,159,0,dfs,manhattan,4,,836,99,99.0000,100,444,true,0.2801,51.0000
E1,bottleneck,42,25,50,0,159,0,dijkstra,manhattan,4,,952,51,51.0000,52,32,true,0.3419,51.0000
E1,bottleneck,42,25,50,0,159,0,a_star,manhattan,4,,158,51,51.0000,52,90,true,0.0630,51.0000
E1,bottleneck,42,25,50,0,159,0,greedy,manhattan,4,,59,55,55.0000,56,81,true,0.0285,51.0000
E1,bottleneck,42,25,50,0,159,0,swarm,manhattan,4,,62,55,55.0000,56,82,true,0.0290,51.0000
E1,bottleneck,42,25,50,0,159,0,convergent_swarm,manhattan,4,,59,55,55.0000,56,81,true,0.0269,51.0000
E1,bottleneck,42,25,50,0,159,0,zero_one_bfs,manhattan,4,,238,0,55.0000,56,152,true,0.0966,51.0000
E1,bottleneck,137,25,50,0,155,0,bfs,manhattan,4,,989,55,55.0000,56,27,true,0.2418,55.0000
E1,bottleneck,137,25,50,0,155,0,dfs,manhattan,4,,812,147,147.0000,148,497,true,0.2629,55.0000
E1,bottleneck,137,25,50,0,155,0,dijkstra,manhattan,4,,971,55,55.0000,56,34,true,0.3514,55.0000
E1,bottleneck,137,25,50,0,155,0,a_star,manhattan,4,,258,55,55.0000,56,93,true,0.1057,55.0000
E1,bottleneck,137,25,50,0,155,0,greedy,manhattan,4,,76,61,61.0000,62,90,true,0.0366,55.0000
E1,bottleneck,137,25,50,0,155,0,swarm,manhattan,4,,96,59,59.0000,60,86,true,0.0431,55.0000
E1,bottleneck,137,25,50,0,155,0,convergent_swarm,manhattan,4,,80,61,61.0000,62,86,true,0.0345,55.0000
E1,bottleneck,137,25,50,0,155,0,zero_one_bfs,manhattan,4,,355,0,155.0000,156,202,true,0.1549,55.0000
E1,bottleneck,256,25,50,0,152,0,bfs,manhattan,4,,1006,63,63.0000,64,27,true,0.3427,63.0000
E1,bottleneck,256,25,50,0,152,0,dfs,manhattan,4,,352,281,281.0000,282,324,true,0.1165,63.0000
E1,bottleneck,256,25,50,0,152,0,dijkstra,manhattan,4,,1004,63,63.0000,64,33,true,0.3882,63.0000
E1,bottleneck,256,25,50,0,152,0,a_star,manhattan,4,,470,63,63.0000,64,94,true,0.2003,63.0000
E1,bottleneck,256,25,50,0,152,0,greedy,manhattan,4,,115,65,65.0000,66,95,true,0.0533,63.0000
E1,bottleneck,256,25,50,0,152,0,swarm,manhattan,4,,217,65,65.0000,66,86,true,0.1210,63.0000
E1,bottleneck,256,25,50,0,152,0,convergent_swarm,manhattan,4,,141,65,65.0000,66,89,true,0.0659,63.0000
E1,bottleneck,256,25,50,0,152,0,zero_one_bfs,manhattan,4,,486,0,161.0000,162,217,true,0.2220,63.0000
E1,bottleneck,500,25,50,0,149,0,bfs,manhattan,4,,998,55,55.0000,56,26,true,0.3082,55.0000
E1,bottleneck,500,25,50,0,149,0,dfs,manhattan,4,,351,267,267.0000,268,306,true,0.1290,55.0000
E1,bottleneck,500,25,50,0,149,0,dijkstra,manhattan,4,,988,55,55.0000,56,31,true,1.2050,55.0000
E1,bottleneck,500,25,50,0,149,0,a_star,manhattan,4,,244,55,55.0000,56,89,true,0.1053,55.0000
E1,bottleneck,500,25,50,0,149,0,greedy,manhattan,4,,68,59,59.0000,60,88,true,0.0364,55.0000
E1,bottleneck,500,25,50,0,149,0,swarm,manhattan,4,,95,57,57.0000,58,88,true,0.0426,55.0000
E1,bottleneck,500,25,50,0,149,0,convergent_swarm,manhattan,4,,78,59,59.0000,60,88,true,0.0343,55.0000
E1,bottleneck,500,25,50,0,149,0,zero_one_bfs,manhattan,4,,347,0,109.0000,110,142,true,0.1444,55.0000
E1,bottleneck,789,25,50,0,157,0,bfs,manhattan,4,,991,55,55.0000,56,26,true,0.2394,55.0000
E1,bottleneck,789,25,50,0,157,0,dfs,manhattan,4,,369,251,251.0000,252,290,true,0.1119,55.0000
E1,bottleneck,789,25,50,0,157,0,dijkstra,manhattan,4,,989,55,55.0000,56,34,true,0.3884,55.0000
E1,bottleneck,789,25,50,0,157,0,a_star,manhattan,4,,230,55,55.0000,56,82,true,0.0961,55.0000
E1,bottleneck,789,25,50,0,157,0,greedy,manhattan,4,,72,63,63.0000,64,82,true,0.0352,55.0000
E1,bottleneck,789,25,50,0,157,0,swarm,manhattan,4,,87,59,59.0000,60,81,true,0.0392,55.0000
E1,bottleneck,789,25,50,0,157,0,convergent_swarm,manhattan,4,,74,63,63.0000,64,82,true,0.0323,55.0000
E1,bottleneck,789,25,50,0,157,0,zero_one_bfs,manhattan,4,,336,0,121.0000,122,160,true,0.1487,55.0000
E1,bottleneck,1049,25,50,0,146,0,bfs,manhattan,4,,1017,63,63.0000,64,29,true,0.2891,63.0000
E1,bottleneck,1049,25,50,0,146,0,dfs,manhattan,4,,809,217,217.0000,218,506,true,0.2667,63.0000
E1,bottleneck,1049,25,50,0,146,0,dijkstra,manhattan,4,,1009,63,63.0000,64,34,true,0.3842,63.0000
E1,bottleneck,1049,25,50,0,146,0,a_star,manhattan,4,,446,63,63.0000,64,103,true,0.1820,63.0000
E1,bottleneck,1049,25,50,0,146,0,greedy,manhattan,4,,115,65,65.0000,66,98,true,0.0511,63.0000
E1,bottleneck,1049,25,50,0,146,0,swarm,manhattan,4,,214,63,63.0000,64,93,true,0.0898,63.0000
E1,bottleneck,1049,25,50,0,146,0,convergent_swarm,manhattan,4,,139,65,65.0000,66,92,true,0.0589,63.0000
E1,bottleneck,1049,25,50,0,146,0,zero_one_bfs,manhattan,4,,336,0,181.0000,182,238,true,0.1529,63.0000
E1,bottleneck,1144,25,50,0,169,0,bfs,manhattan,4,,933,49,49.0000,50,29,true,0.2273,49.0000
E1,bottleneck,1144,25,50,0,169,0,dfs,manhattan,4,,510,387,387.0000,388,420,true,0.1569,49.0000
E1,bottleneck,1144,25,50,0,169,0,dijkstra,manhattan,4,,931,49,49.0000,50,35,true,0.3273,49.0000
E1,bottleneck,1144,25,50,0,169,0,a_star,manhattan,4,,107,49,49.0000,50,116,true,0.0451,49.0000
E1,bottleneck,1144,25,50,0,169,0,greedy,manhattan,4,,51,51,51.0000,52,89,true,0.0319,49.0000
E1,bottleneck,1144,25,50,0,169,0,swarm,manhattan,4,,51,51,51.0000,52,89,true,0.0255,49.0000
E1,bottleneck,1144,25,50,0,169,0,convergent_swarm,manhattan,4,,51,51,51.0000,52,89,true,0.0240,49.0000
E1,bottleneck,1144,25,50,0,169,0,zero_one_bfs,manhattan,4,,503,0,51.0000,52,202,true,0.2028,49.0000
E1,bottleneck,1263,25,50,0,173,0,bfs,manhattan,4,,992,63,63.0000,64,29,true,0.2386,63.0000
E1,bottleneck,1263,25,50,0,173,0,dfs,manhattan,4,,272,221,221.0000,222,285,true,0.0908,63.0000
E1,bottleneck,1263,25,50,0,173,0,dijkstra,manhattan,4,,991,63,63.0000,64,35,true,0.3452,63.0000
E1,bottleneck,1263,25,50,0,173,0,a_star,manhattan,4,,478,63,63.0000,64,104,true,0.2338,63.0000
E1,bottleneck,1263,25,50,0,173,0,greedy,manhattan,4,,109,67,67.0000,68,92,true,0.0480,63.0000
E1,bottleneck,1263,25,50,0,173,0,swarm,manhattan,4,,226,63,63.0000,64,93,true,0.0956,63.0000
E1,bottleneck,1263,25,50,0,173,0,convergent_swarm,manhattan,4,,135,67,67.0000,68,91,true,0.0560,63.0000
E1,bottleneck,1263,25,50,0,173,0,zero_one_bfs,manhattan,4,,261,0,239.0000,240,287,true,0.1358,63.0000
E1,bottleneck,1507,25,50,0,154,0,bfs,manhattan,4,,1006,65,65.0000,66,28,true,0.2487,65.0000
E1,bottleneck,1507,25,50,0,154,0,dfs,manhattan,4,,303,229,229.0000,230,299,true,0.0952,65.0000
E1,bottleneck,1507,25,50,0,154,0,dijkstra,manhattan,4,,998,65,65.0000,66,34,true,0.3554,65.0000
E1,bottleneck,1507,25,50,0,154,0,a_star,manhattan,4,,583,65,65.0000,66,137,true,0.2366,65.0000
E1,bottleneck,1507,25,50,0,154,0,greedy,manhattan,4,,136,67,67.0000,68,96,true,0.0623,65.0000
E1,bottleneck,1507,25,50,0,154,0,swarm,manhattan,4,,230,67,67.0000,68,86,true,0.0948,65.0000
E1,bottleneck,1507,25,50,0,154,0,convergent_swarm,manhattan,4,,159,67,67.0000,68,88,true,0.0633,65.0000
E1,bottleneck,1507,25,50,0,154,0,zero_one_bfs,manhattan,4,,467,0,203.0000,204,337,true,0.2093,65.0000
E1,bottleneck,1796,25,50,0,170,0,bfs,manhattan,4,,994,53,53.0000,54,28,true,0.2553,53.0000
E1,bottleneck,1796,25,50,0,170,0,dfs,manhattan,4,,520,69,69.0000,70,244,true,0.1758,53.0000
E1,bottleneck,1796,25,50,0,170,0,dijkstra,manhattan,4,,982,53,53.0000,54,34,true,0.3694,53.0000
E1,bottleneck,1796,25,50,0,170,0,a_star,manhattan,4,,173,53,53.0000,54,113,true,0.0763,53.0000
E1,bottleneck,1796,25,50,0,170,0,greedy,manhattan,4,,65,59,59.0000,60,77,true,0.0305,53.0000
E1,bottleneck,1796,25,50,0,170,0,swarm,manhattan,4,,67,57,57.0000,58,79,true,0.0311,53.0000
E1,bottleneck,1796,25,50,0,170,0,convergent_swarm,manhattan,4,,65,59,59.0000,60,77,true,0.0300,53.0000
E1,bottleneck,1796,25,50,0,170,0,zero_one_bfs,manhattan,4,,483,0,89.0000,90,185,true,0.1943,53.0000
E1,bottleneck,2056,25,50,0,172,0,bfs,manhattan,4,,988,57,57.0000,58,26,true,0.2481,57.0000
E1,bottleneck,2056,25,50,0,172,0,dfs,manhattan,4,,419,125,125.0000,126,228,true,0.1314,57.0000
E1,bottleneck,2056,25,50,0,172,0,dijkstra,manhattan,4,,983,57,57.0000,58,32,true,0.4040,57.0000
E1,bottleneck,2056,25,50,0,172,0,a_star,manhattan,4,,301,57,57.0000,58,94,true,0.1386,57.0000
E1,bottleneck,2056,25,50,0,172,0,greedy,manhattan,4,,92,63,63.0000,64,88,true,0.0473,57.0000
E1,bottleneck,2056,25,50,0,172,0,swarm,manhattan,4,,105,61,61.0000,62,87,true,0.0596,57.0000
E1,bottleneck,2056,25,50,0,172,0,convergent_swarm,manhattan,4,,95,63,63.0000,64,88,true,0.0439,57.0000
E1,bottleneck,2056,25,50,0,172,0,zero_one_bfs,manhattan,4,,644,0,187.0000,188,284,true,0.3267,57.0000
E1,bottleneck,2151,25,50,0,156,0,bfs,manhattan,4,,1003,57,57.0000,58,26,true,0.2899,57.0000
E1,bottleneck,2151,25,50,0,156,0,dfs,manhattan,4,,427,169,169.0000,170,216,true,0.1328,57.0000
E1,bottleneck,2151,25,50,0,156,0,dijkstra,manhattan,4,,1002,57,57.0000,58,33,true,0.3645,57.0000
E1,bottleneck,2151,25,50,0,156,0,a_star,manhattan,4,,319,57,57.0000,58,97,true,0.1278,57.0000
E1,bottleneck,2151,25,50,0,156,0,greedy,manhattan,4,,83,63,63.0000,64,86,true,0.0384,57.0000
E1,bottleneck,2151,25,50,0,156,0,swarm,manhattan,4,,126,61,61.0000,62,82,true,0.0532,57.0000
E1,bottleneck,2151,25,50,0,156,0,convergent_swarm,manhattan,4,,95,63,63.0000,64,83,true,0.0385,57.0000
E1,bottleneck,2151,25,50,0,156,0,zero_one_bfs,manhattan,4,,583,0,161.0000,162,272,true,0.2430,57.0000
E1,bottleneck,2270,25,50,0,162,0,bfs,manhattan,4,,997,67,67.0000,68,28,true,0.2336,67.0000
E1,bottleneck,2270,25,50,0,162,0,dfs,manhattan,4,,509,411,411.0000,412,480,true,0.1526,67.0000
E1,bottleneck,2270,25,50,0,162,0,dijkstra,manhattan,4,,998,67,67.0000,68,35,true,0.3556,67.0000
E1,bottleneck,2270,25,50,0,162,0,a_star,manhattan,4,,593,67,67.0000,68,105,true,0.3840,67.0000
E1,bottleneck,2270,25,50,0,162,0,greedy,manhattan,4,,218,75,73.0000,74,101,true,0.1361,67.0000
E1,bottleneck,2270,25,50,0,162,0,swarm,manhattan,4,,361,69,69.0000,70,99,true,0.7268,67.0000
E1,bottleneck,2270,25,50,0,162,0,convergent_swarm,manhattan,4,,259,73,73.0000,74,93,true,0.1101,67.0000
E1,bottleneck,2270,25,50,0,162,0,zero_one_bfs,manhattan,4,,703,0,259.0000,260,391,true,0.2979,67.0000
E1,bottleneck,2514,25,50,0,151,0,bfs,manhattan,4,,1008,63,63.0000,64,25,true,0.2438,63.0000
E1,bottleneck,2514,25,50,0,151,0,dfs,manhattan,4,,438,163,163.0000,164,240,true,0.1430,63.0000
E1,bottleneck,2514,25,50,0,151,0,dijkstra,manhattan,4,,999,63,63.0000,64,32,true,0.4095,63.0000
E1,bottleneck,2514,25,50,0,151,0,a_star,manhattan,4,,476,63,63.0000,64,128,true,0.2070,63.0000
E1,bottleneck,2514,25,50,0,151,0,greedy,manhattan,4,,101,67,67.0000,68,90,true,0.0446,63.0000
E1,bottleneck,2514,25,50,0,151,0,swarm,manhattan,4,,219,67,67.0000,68,91,true,0.0923,63.0000
E1,bottleneck,2514,25,50,0,151,0,convergent_swarm,manhattan,4,,124,67,67.0000,68,88,true,0.0516,63.0000
E1,bottleneck,2514,25,50,0,151,0,zero_one_bfs,manhattan,4,,573,0,161.0000,162,259,true,0.2534,63.0000
E1,bottleneck,2803,25,50,0,152,0,bfs,manhattan,4,,1003,57,57.0000,58,28,true,0.2413,57.0000
E1,bottleneck,2803,25,50,0,152,0,dfs,manhattan,4,,428,185,185.0000,186,251,true,0.1570,57.0000
E1,bottleneck,2803,25,50,0,152,0,dijkstra,manhattan,4,,994,57,57.0000,58,35,true,0.4416,57.0000
E1,bottleneck,2803,25,50,0,152,0,a_star,manhattan,4,,324,57,57.0000,58,92,true,0.1442,57.0000
E1,bottleneck,2803,25,50,0,152,0,greedy,manhattan,4,,87,59,59.0000,60,90,true,0.0402,57.0000
E1,bottleneck,2803,25,50,0,152,0,swarm,manhattan,4,,119,59,59.0000,60,90,true,0.0497,57.0000
E1,bottleneck,2803,25,50,0,152,0,convergent_swarm,manhattan,4,,94,59,59.0000,60,86,true,0.0390,57.0000
E1,bottleneck,2803,25,50,0,152,0,zero_one_bfs,manhattan,4,,787,0,131.0000,132,298,true,0.4278,57.0000
E1,bottleneck,3063,25,50,0,171,0,bfs,manhattan,4,,914,49,49.0000,50,26,true,0.2246,49.0000
E1,bottleneck,3063,25,50,0,171,0,dfs,manhattan,4,,282,143,143.0000,144,186,true,0.0939,49.0000
E1,bottleneck,3063,25,50,0,171,0,dijkstra,manhattan,4,,906,49,49.0000,50,33,true,0.3349,49.0000
E1,bottleneck,3063,25,50,0,171,0,a_star,manhattan,4,,62,49,49.0000,50,88,true,0.0287,49.0000
E1,bottleneck,3063,25,50,0,171,0,greedy,manhattan,4,,49,49,49.0000,50,84,true,0.0247,49.0000
E1,bottleneck,3063,25,50,0,171,0,swarm,manhattan,4,,49,49,49.0000,50,84,true,0.0243,49.0000
E1,bottleneck,3063,25,50,0,171,0,convergent_swarm,manhattan,4,,49,49,49.0000,50,84,true,0.0225,49.0000
E1,bottleneck,3063,25,50,0,171,0,zero_one_bfs,manhattan,4,,525,0,53.0000,54,162,true,0.2085,49.0000
E1,bottleneck,3158,25,50,0,144,0,bfs,manhattan,4,,1015,57,57.0000,58,26,true,0.2681,57.0000
E1,bottleneck,3158,25,50,0,144,0,dfs,manhattan,4,,385,203,203.0000,204,259,true,0.1223,57.0000
E1,bottleneck,3158,25,50,0,144,0,dijkstra,manhattan,4,,1015,57,57.0000,58,32,true,0.4049,57.0000
E1,bottleneck,3158,25,50,0,144,0,a_star,manhattan,4,,304,57,57.0000,58,98,true,0.1244,57.0000
E1,bottleneck,3158,25,50,0,144,0,greedy,manhattan,4,,75,61,61.0000,62,92,true,0.0365,57.0000
E1,bottleneck,3158,25,50,0,144,0,swarm,manhattan,4,,119,61,61.0000,62,87,true,0.0494,57.0000
E1,bottleneck,3158,25,50,0,144,0,convergent_swarm,manhattan,4,,84,61,61.0000,62,87,true,0.0403,57.0000
E1,bottleneck,3158,25,50,0,144,0,zero_one_bfs,manhattan,4,,426,0,111.0000,112,265,true,0.1846,57.0000
E1,bottleneck,3277,25,50,0,162,0,bfs,manhattan,4,,986,53,53.0000,54,28,true,0.2335,53.0000
E1,bottleneck,3277,25,50,0,162,0,dfs,manhattan,4,,71,71,71.0000,72,108,true,0.0243,53.0000
E1,bottleneck,3277,25,50,0,162,0,dijkstra,manhattan,4,,980,53,53.0000,54,32,true,0.3985,53.0000
E1,bottleneck,3277,25,50,0,162,0,a_star,manhattan,4,,165,53,53.0000,54,85,true,0.0737,53.0000
E1,bottleneck,3277,25,50,0,162,0,greedy,manhattan,4,,65,57,57.0000,58,86,true,0.0345,53.0000
E1,bottleneck,3277,25,50,0,162,0,swarm,manhattan,4,,69,55,55.0000,56,83,true,0.0375,53.0000
E1,bottleneck,3277,25,50,0,162,0,convergent_swarm,manhattan,4,,65,57,57.0000,58,86,true,0.0327,53.0000
E1,bottleneck,3277,25,50,0,162,0,zero_one_bfs,manhattan,4,,337,0,55.0000,56,184,true,0.1528,53.0000
E1,bottleneck,3521,25,50,0,157,0,bfs,manhattan,4,,1005,63,63.0000,64,26,true,0.2585,63.0000
E1,bottleneck,3521,25,50,0,157,0,dfs,manhattan,4,,252,217,217.0000,218,293,true,0.0853,63.0000
E1,bottleneck,3521,25,50,0,157,0,dijkstra,manhattan,4,,1004,63,63.0000,64,34,true,0.3822,63.0000
E1,bottleneck,3521,25,50,0,157,0,a_star,manhattan,4,,461,63,63.0000,64,111,true,0.2152,63.0000
E1,bottleneck,3521,25,50,0,157,0,greedy,manhattan,4,,123,69,67.0000,68,102,true,0.0628,63.0000
E1,bottleneck,3521,25,50,0,157,0,swarm,manhattan,4,,237,67,67.0000,68,99,true,0.1063,63.0000
E1,bottleneck,3521,25,50,0,157,0,convergent_swarm,manhattan,4,,146,67,67.0000,68,95,true,0.0636,63.0000
E1,bottleneck,3521,25,50,0,157,0,zero_one_bfs,manhattan,4,,454,0,153.0000,154,330,true,0.2036,63.0000
E1,bottleneck,3810,25,50,0,153,0,bfs,manhattan,4,,1009,63,63.0000,64,27,true,0.2497,63.0000
E1,bottleneck,3810,25,50,0,153,0,dfs,manhattan,4,,401,153,153.0000,154,217,true,0.1282,63.0000
E1,bottleneck,3810,25,50,0,153,0,dijkstra,manhattan,4,,1006,63,63.0000,64,33,true,0.4014,63.0000
E1,bottleneck,3810,25,50,0,153,0,a_star,manhattan,4,,450,63,63.0000,64,114,true,0.2564,63.0000
E1,bottleneck,3810,25,50,0,153,0,greedy,manhattan,4,,117,73,73.0000,74,98,true,0.0712,63.0000
E1,bottleneck,3810,25,50,0,153,0,swarm,manhattan,4,,200,69,69.0000,70,91,true,0.0981,63.0000
E1,bottleneck,3810,25,50,0,153,0,convergent_swarm,manhattan,4,,139,73,73.0000,74,93,true,0.0587,63.0000
E1,bottleneck,3810,25,50,0,153,0,zero_one_bfs,manhattan,4,,671,0,167.0000,168,328,true,0.2797,63.0000
E1,bottleneck,4070,25,50,0,176,0,bfs,manhattan,4,,982,57,57.0000,58,26,true,0.2555,57.0000
E1,bottleneck,4070,25,50,0,176,0,dfs,manhattan,4,,401,177,177.0000,178,223,true,0.1270,57.0000
E1,bottleneck,4070,25,50,0,176,0,dijkstra,manhattan,4,,978,57,57.0000,58,33,true,0.3512,57.0000
E1,bottleneck,4070,25,50,0,176,0,a_star,manhattan,4,,316,57,57.0000,58,83,true,0.1243,57.0000
E1,bottleneck,4070,25,50,0,176,0,greedy,manhattan,4,,108,63,63.0000,64,89,true,0.0461,57.0000
E1,bottleneck,4070,25,50,0,176,0,swarm,manhattan,4,,112,59,59.0000,60,89,true,0.0470,57.0000
E1,bottleneck,4070,25,50,0,176,0,convergent_swarm,manhattan,4,,109,63,63.0000,64,87,true,0.0433,57.0000
E1,bottleneck,4070,25,50,0,176,0,zero_one_bfs,manhattan,4,,595,0,87.0000,88,239,true,0.2358,57.0000
E1,bottleneck,4165,25,50,0,155,0,bfs,manhattan,4,,1014,63,63.0000,64,28,true,0.2604,63.0000
E1,bottleneck,4165,25,50,0,155,0,dfs,manhattan,4,,316,289,289.0000,290,362,true,0.1014,63.0000
E1,bottleneck,4165,25,50,0,155,0,dijkstra,manhattan,4,,1008,63,63.0000,64,32,true,0.3713,63.0000
E1,bottleneck,4165,25,50,0,155,0,a_star,manhattan,4,,528,63,63.0000,64,137,true,0.2180,63.0000
E1,bottleneck,4165,25,50,0,155,0,greedy,manhattan,4,,117,67,67.0000,68,95,true,0.0503,63.0000
E1,bottleneck,4165,25,50,0,155,0,swarm,manhattan,4,,234,65,65.0000,66,91,true,0.0986,63.0000
E1,bottleneck,4165,25,50,0,155,0,convergent_swarm,manhattan,4,,144,67,67.0000,68,89,true,0.0651,63.0000
E1,bottleneck,4165,25,50,0,155,0,zero_one_bfs,manhattan,4,,170,0,159.0000,160,232,true,0.0971,63.0000
E1,bottleneck,4284,25,50,0,161,0,bfs,manhattan,4,,996,59,59.0000,60,27,true,0.2452,59.0000
E1,bottleneck,4284,25,50,0,161,0,dfs,manhattan,4,,753,97,97.0000,98,490,true,0.2430,59.0000
E1,bottleneck,4284,25,50,0,161,0,dijkstra,manhattan,4,,996,59,59.0000,60,33,true,0.3611,59.0000
E1,bottleneck,4284,25,50,0,161,0,a_star,manhattan,4,,335,59,59.0000,60,87,true,0.1374,59.0000
E1,bottleneck,4284,25,50,0,161,0,greedy,manhattan,4,,81,65,65.0000,66,90,true,0.0381,59.0000
E1,bottleneck,4284,25,50,0,161,0,swarm,manhattan,4,,147,63,63.0000,64,93,true,0.0629,59.0000
E1,bottleneck,4284,25,50,0,161,0,convergent_swarm,manhattan,4,,104,65,65.0000,66,89,true,0.0433,59.0000
E1,bottleneck,4284,25,50,0,161,0,zero_one_bfs,manhattan,4,,378,0,61.0000,62,193,true,0.2523,59.0000
E1,bottleneck,4528,25,50,0,170,0,bfs,manhattan,4,,988,69,69.0000,70,28,true,0.2689,69.0000
E1,bottleneck,4528,25,50,0,170,0,dfs,manhattan,4,,292,215,215.0000,216,272,true,0.0947,69.0000
E1,bottleneck,4528,25,50,0,170,0,dijkstra,manhattan,4,,979,69,69.0000,70,35,true,0.3590,69.0000
E1,bottleneck,4528,25,50,0,170,0,a_star,manhattan,4,,629,69,69.0000,70,107,true,0.3417,69.0000
E1,bottleneck,4528,25,50,0,170,0,greedy,manhattan,4,,202,81,81.0000,82,101,true,0.1001,69.0000
E1,bottleneck,4528,25,50,0,170,0,swarm,manhattan,4,,338,73,73.0000,74,89,true,0.1501,69.0000
E1,bottleneck,4528,25,50,0,170,0,convergent_swarm,manhattan,4,,235,75,75.0000,76,96,true,0.0988,69.0000
E1,bottleneck,4528,25,50,0,170,0,zero_one_bfs,manhattan,4,,457,0,171.0000,172,330,true,0.2071,69.0000
E1,bottleneck,4817,25,50,0,159,0,bfs,manhattan,4,,1003,65,65.0000,66,27,true,0.2406,65.0000
E1,bottleneck,4817,25,50,0,159,0,dfs,manhattan,4,,262,223,223.0000,224,276,true,0.0847,65.0000
E1,bottleneck,4817,25,50,0,159,0,dijkstra,manhattan,4,,1002,65,65.0000,66,36,true,0.3542,65.0000
E1,bottleneck,4817,25,50,0,159,0,a_star,manhattan,4,,519,65,65.0000,66,106,true,0.2082,65.0000
E1,bottleneck,4817,25,50,0,159,0,greedy,manhattan,4,,136,65,65.0000,66,102,true,0.0587,65.0000
E1,bottleneck,4817,25,50,0,159,0,swarm,manhattan,4,,262,65,65.0000,66,93,true,0.1095,65.0000
E1,bottleneck,4817,25,50,0,159,0,convergent_swarm,manhattan,4,,172,65,65.0000,66,92,true,0.0722,65.0000
E1,bottleneck,4817,25,50,0,159,0,zero_one_bfs,manhattan,4,,425,0,175.0000,176,201,true,0.1786,65.0000
E1,bottleneck,5077,25,50,0,145,0,bfs,manhattan,4,,1014,65,65.0000,66,28,true,0.2603,65.0000
E1,bottleneck,5077,25,50,0,145,0,dfs,manhattan,4,,495,283,283.0000,284,366,true,0.1584,65.0000
E1,bottleneck,5077,25,50,0,145,0,dijkstra,manhattan,4,,1004,65,65.0000,66,34,true,0.3755,65.0000
E1,bottleneck,5077,25,50,0,145,0,a_star,manhattan,4,,576,65,65.0000,66,114,true,0.2314,65.0000
E1,bottleneck,5077,25,50,0,145,0,greedy,manhattan,4,,105,69,69.0000,70,93,true,0.0460,65.0000
E1,bottleneck,5077,25,50,0,145,0,swarm,manhattan,4,,248,67,67.0000,68,95,true,0.1046,65.0000
E1,bottleneck,5077,25,50,0,145,0,convergent_swarm,manhattan,4,,144,69,69.0000,70,93,true,0.0582,65.0000
E1,bottleneck,5077,25,50,0,145,0,zero_one_bfs,manhattan,4,,481,0,261.0000,262,317,true,0.2166,65.0000
E1,bottleneck,5172,25,50,0,167,0,bfs,manhattan,4,,967,53,53.0000,54,30,true,0.4509,53.0000
E1,bottleneck,5172,25,50,0,167,0,dfs,manhattan,4,,794,93,93.0000,94,447,true,0.2742,53.0000
E1,bottleneck,5172,25,50,0,167,0,dijkstra,manhattan,4,,963,53,53.0000,54,36,true,0.3698,53.0000
E1,bottleneck,5172,25,50,0,167,0,a_star,manhattan,4,,196,53,53.0000,54,83,true,0.0862,53.0000
E1,bottleneck,5172,25,50,0,167,0,greedy,manhattan,4,,72,61,61.0000,62,86,true,0.0401,53.0000
E1,bottleneck,5172,25,50,0,167,0,swarm,manhattan,4,,90,59,59.0000,60,85,true,0.0415,53.0000
E1,bottleneck,5172,25,50,0,167,0,convergent_swarm,manhattan,4,,74,61,61.0000,62,87,true,0.0346,53.0000
E1,bottleneck,5172,25,50,0,167,0,zero_one_bfs,manhattan,4,,483,0,107.0000,108,203,true,0.2140,53.0000
E1,bottleneck,5291,25,50,0,159,0,bfs,manhattan,4,,1001,63,63.0000,64,26,true,0.2802,63.0000
E1,bottleneck,5291,25,50,0,159,0,dfs,manhattan,4,,600,285,285.0000,286,434,true,0.1906,63.0000
E1,bottleneck,5291,25,50,0,159,0,dijkstra,manhattan,4,,1001,63,63.0000,64,32,true,0.3583,63.0000
E1,bottleneck,5291,25,50,0,159,0,a_star,manhattan,4,,481,63,63.0000,64,92,true,0.1933,63.0000
E1,bottleneck,5291,25,50,0,159,0,greedy,manhattan,4,,127,71,71.0000,72,93,true,0.0557,63.0000
E1,bottleneck,5291,25,50,0,159,0,swarm,manhattan,4,,241,67,67.0000,68,91,true,0.1007,63.0000
E1,bottleneck,5291,25,50,0,159,0,convergent_swarm,manhattan,4,,143,71,71.0000,72,85,true,0.0624,63.0000
E1,bottleneck,5291,25,50,0,159,0,zero_one_bfs,manhattan,4,,900,0,145.0000,146,323,true,0.5818,63.0000
E1,bottleneck,5535,25,50,0,154,0,bfs,manhattan,4,,1013,65,65.0000,66,28,true,0.2453,65.0000
E1,bottleneck,5535,25,50,0,154,0,dfs,manhattan,4,,621,305,305.0000,306,354,true,0.2498,65.0000
E1,bottleneck,5535,25,50,0,154,0,dijkstra,manhattan,4,,1006,65,65.0000,66,35,true,0.3628,65.0000
E1,bottleneck,5535,25,50,0,154,0,a_star,manhattan,4,,520,65,65.0000,66,102,true,0.2091,65.0000
E1,bottleneck,5535,25,50,0,154,0,greedy,manhattan,4,,139,69,69.0000,70,109,true,0.0616,65.0000
E1,bottleneck,5535,25,50,0,154,0,swarm,manhattan,4,,270,67,67.0000,68,101,true,0.1118,65.0000
E1,bottleneck,5535,25,50,0,154,0,convergent_swarm,manhattan,4,,172,69,69.0000,70,100,true,0.0733,65.0000
E1,bottleneck,5535,25,50,0,154,0,zero_one_bfs,manhattan,4,,442,0,155.0000,156,205,true,0.1968,65.0000
E1,bottleneck,5824,25,50,0,151,0,bfs,manhattan,4,,1010,65,65.0000,66,27,true,0.2478,65.0000
E1,bottleneck,5824,25,50,0,151,0,dfs,manhattan,4,,780,481,481.0000,482,695,true,0.4069,65.0000
E1,bottleneck,5824,25,50,0,151,0,dijkstra,manhattan,4,,1008,65,65.0000,66,32,true,0.3890,65.0000
E1,bottleneck,5824,25,50,0,151,0,a_star,manhattan,4,,578,65,65.0000,66,133,true,0.2486,65.0000
E1,bottleneck,5824,25,50,0,151,0,greedy,manhattan,4,,131,69,69.0000,70,97,true,0.0595,65.0000
E1,bottleneck,5824,25,50,0,151,0,swarm,manhattan,4,,275,69,69.0000,70,89,true,0.1210,65.0000
E1,bottleneck,5824,25,50,0,151,0,convergent_swarm,manhattan,4,,155,69,69.0000,70,92,true,0.0671,65.0000
E1,bottleneck,5824,25,50,0,151,0,zero_one_bfs,manhattan,4,,628,0,159.0000,160,318,true,0.2840,65.0000
E1,city,42,25,50,0,798,0,bfs,manhattan,4,,451,,,,10,false,0.0830,
E1,city,42,25,50,0,798,0,dfs,manhattan,4,,451,,,,75,false,0.0964,
E1,city,42,25,50,0,798,0,dijkstra,manhattan,4,,451,,,,10,false,0.1182,
E1,city,42,25,50,0,798,0,a_star,manhattan,4,,451,,,,71,false,0.1235,
E1,city,42,25,50,0,798,0,greedy,manhattan,4,,451,,,,22,false,0.1218,
E1,city,42,25,50,0,798,0,swarm,manhattan,4,,451,,,,28,false,0.1276,
E1,city,42,25,50,0,798,0,convergent_swarm,manhattan,4,,451,,,,24,false,0.1472,
E1,city,42,25,50,0,798,0,zero_one_bfs,manhattan,4,,451,,,,75,false,0.6890,
E1,city,137,25,50,0,798,0,bfs,manhattan,4,,450,73,73.0000,74,10,true,0.1365,73.0000
E1,city,137,25,50,0,798,0,dfs,manhattan,4,,176,163,163.0000,164,59,true,0.0689,73.0000
E1,city,137,25,50,0,798,0,dijkstra,manhattan,4,,450,73,73.0000,74,10,true,0.1172,73.0000
E1,city,137,25,50,0,798,0,a_star,manhattan,4,,428,73,73.0000,74,57,true,0.1199,73.0000
E1,city,137,25,50,0,798,0,greedy,manhattan,4,,81,73,73.0000,74,20,true,0.0230,73.0000
E1,city,137,25,50,0,798,0,swarm,manhattan,4,,81,73,73.0000,74,20,true,0.0211,73.0000
E1,city,137,25,50,0,798,0,convergent_swarm,manhattan,4,,81,73,73.0000,74,20,true,0.0208,73.0000
E1,city,137,25,50,0,798,0,zero_one_bfs,manhattan,4,,176,0,163.0000,164,59,true,0.0529,73.0000
E1,city,256,25,50,0,798,0,bfs,manhattan,4,,450,73,73.0000,74,10,true,0.0799,73.0000
E1,city,256,25,50,0,798,0,dfs,manhattan,4,,176,163,163.0000,164,59,true,0.0680,73.0000
E1,city,256,25,50,0,798,0,dijkstra,manhattan,4,,450,73,73.0000,74,10,true,0.1251,73.0000
E1,city,256,25,50,0,798,0,a_star,manhattan,4,,428,73,73.0000,74,57,true,0.1173,73.0000
E1,city,256,25,50,0,798,0,greedy,manhattan,4,,81,73,73.0000,74,20,true,0.0227,73.0000
E1,city,256,25,50,0,798,0,swarm,manhattan,4,,81,73,73.0000,74,20,true,0.0222,73.0000
E1,city,256,25,50,0,798,0,convergent_swarm,manhattan,4,,81,73,73.0000,74,20,true,0.0207,73.0000
E1,city,256,25,50,0,798,0,zero_one_bfs,manhattan,4,,176,0,163.0000,164,59,true,0.0546,73.0000
E1,city,500,25,50,0,737,0,bfs,manhattan,4,,510,71,71.0000,72,11,true,0.1028,71.0000
E1,city,500,25,50,0,737,0,dfs,manhattan,4,,268,263,263.0000,264,84,true,0.0594,71.0000
E1,city,500,25,50,0,737,0,dijkstra,manhattan,4,,510,71,71.0000,72,11,true,0.1301,71.0000
E1,city,500,25,50,0,737,0,a_star,manhattan,4,,248,71,71.0000,72,65,true,0.0733,71.0000
E1,city,500,25,50,0,737,0,greedy,manhattan,4,,79,73,73.0000,74,22,true,0.0230,71.0000
E1,city,500,25,50,0,737,0,swarm,manhattan,4,,92,71,71.0000,72,28,true,0.0273,71.0000
E1,city,500,25,50,0,737,0,convergent_swarm,manhattan,4,,79,73,73.0000,74,22,true,0.0216,71.0000
E1,city,500,25,50,0,737,0,zero_one_bfs,manhattan,4,,268,0,263.0000,264,84,true,0.0818,71.0000
E1,city,789,25,50,0,665,0,bfs,manhattan,4,,582,71,71.0000,72,13,true,0.1887,71.0000
E1,city,789,25,50,0,665,0,dfs,manhattan,4,,268,263,263.0000,264,124,true,0.0807,71.0000
E1,city,789,25,50,0,665,0,dijkstra,manhattan,4,,582,71,71.0000,72,13,true,0.2006,71.0000
E1,city,789,25,50,0,665,0,a_star,manhattan,4,,285,71,71.0000,72,86,true,0.0838,71.0000
E1,city,789,25,50,0,665,0,greedy,manhattan,4,,83,73,73.0000,74,26,true,0.0247,71.0000
E1,city,789,25,50,0,665,0,swarm,manhattan,4,,104,71,71.0000,72,36,true,0.0318,71.0000
E1,city,789,25,50,0,665,0,convergent_swarm,manhattan,4,,83,73,73.0000,74,26,true,0.0231,71.0000
E1,city,789,25,50,0,665,0,zero_one_bfs,manhattan,4,,268,0,263.0000,264,124,true,0.0905,71.0000
E1,city,1049,25,50,0,819,0,bfs,manhattan,4,,428,71,71.0000,72,9,true,0.0791,71.0000
E1,city,1049,25,50,0,819,0,dfs,manhattan,4,,170,167,167.0000,168,52,true,0.0388,71.0000
E1,city,1049,25,50,0,819,0,dijkstra,manhattan,4,,428,71,71.0000,72,9,true,0.1434,71.0000
E1,city,1049,25,50,0,819,0,a_star,manhattan,4,,243,71,71.0000,72,43,true,0.0701,71.0000
E1,city,1049,25,50,0,819,0,greedy,manhattan,4,,79,73,73.0000,74,18,true,0.0225,71.0000
E1,city,1049,25,50,0,819,0,swarm,manhattan,4,,79,73,73.0000,74,18,true,0.0227,71.0000
E1,city,1049,25,50,0,819,0,convergent_swarm,manhattan,4,,79,73,73.0000,74,18,true,0.0212,71.0000
E1,city,1049,25,50,0,819,0,zero_one_bfs,manhattan,4,,170,0,167.0000,168,52,true,0.0524,71.0000
E1,city,1144,25,50,0,739,0,bfs,manhattan,4,,509,71,71.0000,72,11,true,0.0906,71.0000
E1,city,1144,25,50,0,739,0,dfs,manhattan,4,,315,167,167.0000,168,99,true,0.0698,71.0000
E1,city,1144,25,50,0,739,0,dijkstra,manhattan,4,,509,71,71.0000,72,12,true,0.1354,71.0000
E1,city,1144,25,50,0,739,0,a_star,manhattan,4,,293,71,71.0000,72,90,true,0.0873,71.0000
E1,city,1144,25,50,0,739,0,greedy,manhattan,4,,115,71,71.0000,72,23,true,0.0338,71.0000
E1,city,1144,25,50,0,739,0,swarm,manhattan,4,,104,71,71.0000,72,34,true,0.0321,71.0000
E1,city,1144,25,50,0,739,0,convergent_swarm,manhattan,4,,115,71,71.0000,72,23,true,0.0334,71.0000
E1,city,1144,25,50,0,739,0,zero_one_bfs,manhattan,4,,303,0,167.0000,168,99,true,0.0913,71.0000
E1,city,1263,25,50,0,739,0,bfs,manhattan,4,,508,71,71.0000,72,11,true,0.1184,71.0000
E1,city,1263,25,50,0,739,0,dfs,manhattan,4,,170,167,167.0000,168,76,true,0.0443,71.0000
E1,city,1263,25,50,0,739,0,dijkstra,manhattan,4,,508,71,71.0000,72,11,true,0.1546,71.0000
E1,city,1263,25,50,0,739,0,a_star,manhattan,4,,392,71,71.0000,72,71,true,0.1244,71.0000
E1,city,1263,25,50,0,739,0,greedy,manhattan,4,,83,73,73.0000,74,22,true,0.0244,71.0000
E1,city,1263,25,50,0,739,0,swarm,manhattan,4,,83,73,73.0000,74,22,true,0.0268,71.0000
E1,city,1263,25,50,0,739,0,convergent_swarm,manhattan,4,,83,73,73.0000,74,22,true,0.0219,71.0000
E1,city,1263,25,50,0,739,0,zero_one_bfs,manhattan,4,,170,0,167.0000,168,76,true,0.0575,71.0000
E1,city,1507,25,50,0,819,0,bfs,manhattan,4,,428,71,71.0000,72,9,true,0.0824,71.0000
E1,city,1507,25,50,0,819,0,dfs,manhattan,4,,170,167,167.0000,168,52,true,0.0401,71.0000
E1,city,1507,25,50,0,819,0,dijkstra,manhattan,4,,428,71,71.0000,72,9,true,0.1139,71.0000
E1,city,1507,25,50,0,819,0,a_star,manhattan,4,,243,71,71.0000,72,43,true,0.0749,71.0000
E1,city,1507,25,50,0,819,0,greedy,manhattan,4,,79,73,73.0000,74,18,true,0.0245,71.0000
E1,city,1507,25,50,0,819,0,swarm,manhattan,4,,79,73,73.0000,74,18,true,0.0214,71.0000
E1,city,1507,25,50,0,819,0,convergent_swarm,manhattan,4,,79,73,73.0000,74,18,true,0.0204,71.0000
E1,city,1507,25,50,0,819,0,zero_one_bfs,manhattan,4,,170,0,167.0000,168,52,true,0.0508,71.0000
E1,city,1796,25,50,0,819,0,bfs,manhattan,4,,429,71,71.0000,72,10,true,0.0744,71.0000
E1,city,1796,25,50,0,819,0,dfs,manhattan,4,,283,167,167.0000,168,67,true,0.0629,71.0000
E1,city,1796,25,50,0,819,0,dijkstra,manhattan,4,,429,71,71.0000,72,10,true,0.1054,71.0000
E1,city,1796,25,50,0,819,0,a_star,manhattan,4,,198,71,71.0000,72,40,true,0.0528,71.0000
E1,city,1796,25,50,0,819,0,greedy,manhattan,4,,99,71,71.0000,72,19,true,0.0270,71.0000
E1,city,1796,25,50,0,819,0,swarm,manhattan,4,,92,71,71.0000,72,26,true,0.0254,71.0000
E1,city,1796,25,50,0,819,0,convergent_swarm,manhattan,4,,99,71,71.0000,72,19,true,0.0252,71.0000
E1,city,1796,25,50,0,819,0,zero_one_bfs,manhattan,4,,275,0,167.0000,168,67,true,0.0824,71.0000
E1,city,2056,25,50,0,665,0,bfs,manhattan,4,,582,71,71.0000,72,13,true,0.1124,71.0000
E1,city,2056,25,50,0,665,0,dfs,manhattan,4,,268,263,263.0000,264,124,true,0.0648,71.0000
E1,city,2056,25,50,0,665,0,dijkstra,manhattan,4,,582,71,71.0000,72,13,true,0.1640,71.0000
E1,city,2056,25,50,0,665,0,a_star,manhattan,4,,285,71,71.0000,72,86,true,0.0864,71.0000
E1,city,2056,25,50,0,665,0,greedy,manhattan,4,,83,73,73.0000,74,26,true,0.0274,71.0000
E1,city,2056,25,50,0,665,0,swarm,manhattan,4,,104,71,71.0000,72,36,true,0.0340,71.0000
E1,city,2056,25,50,0,665,0,convergent_swarm,manhattan,4,,83,73,73.0000,74,26,true,0.0233,71.0000
E1,city,2056,25,50,0,665,0,zero_one_bfs,manhattan,4,,268,0,263.0000,264,124,true,0.0934,71.0000
E1,city,2151,25,50,0,665,0,bfs,manhattan,4,,582,71,71.0000,72,13,true,0.1178,71.0000
E1,city,2151,25,50,0,665,0,dfs,manhattan,4,,268,263,263.0000,264,124,true,0.0648,71.0000
E1,city,2151,25,50,0,665,0,dijkstra,manhattan,4,,582,71,71.0000,72,13,true,0.1613,71.0000
E1,city,2151,25,50,0,665,0,a_star,manhattan,4,,285,71,71.0000,72,86,true,0.0855,71.0000
E1,city,2151,25,50,0,665,0,greedy,manhattan,4,,83,73,73.0000,74,26,true,0.0269,71.0000
E1,city,2151,25,50,0,665,0,swarm,manhattan,4,,104,71,71.0000,72,36,true,0.0320,71.0000
E1,city,2151,25,50,0,665,0,convergent_swarm,manhattan,4,,83,73,73.0000,74,26,true,0.0254,71.0000
E1,city,2151,25,50,0,665,0,zero_one_bfs,manhattan,4,,268,0,263.0000,264,124,true,0.1169,71.0000
E1,city,2270,25,50,0,737,0,bfs,manhattan,4,,510,71,71.0000,72,11,true,0.1806,71.0000
E1,city,2270,25,50,0,737,0,dfs,manhattan,4,,268,263,263.0000,264,84,true,0.0928,71.0000
E1,city,2270,25,50,0,737,0,dijkstra,manhattan,4,,510,71,71.0000,72,11,true,0.2106,71.0000
E1,city,2270,25,50,0,737,0,a_star,manhattan,4,,248,71,71.0000,72,65,true,0.1226,71.0000
E1,city,2270,25,50,0,737,0,greedy,manhattan,4,,79,73,73.0000,74,22,true,0.0464,71.0000
E1,city,2270,25,50,0,737,0,swarm,manhattan,4,,92,71,71.0000,72,28,true,0.0552,71.0000
E1,city,2270,25,50,0,737,0,convergent_swarm,manhattan,4,,79,73,73.0000,74,22,true,0.0352,71.0000
E1,city,2270,25,50,0,737,0,zero_one_bfs,manhattan,4,,268,0,263.0000,264,84,true,0.1160,71.0000
E1,city,2514,25,50,0,718,0,bfs,manhattan,4,,530,73,73.0000,74,12,true,0.1833,73.0000
E1,city,2514,25,50,0,718,0,dfs,manhattan,4,,274,253,253.0000,254,95,true,0.1055,73.0000
E1,city,2514,25,50,0,718,0,dijkstra,manhattan,4,,530,73,73.0000,74,12,true,0.1902,73.0000
E1,city,2514,25,50,0,718,0,a_star,manhattan,4,,520,73,73.0000,74,71,true,0.1580,73.0000
E1,city,2514,25,50,0,718,0,greedy,manhattan,4,,81,73,73.0000,74,24,true,0.0232,73.0000
E1,city,2514,25,50,0,718,0,swarm,manhattan,4,,100,73,73.0000,74,32,true,0.0309,73.0000
E1,city,2514,25,50,0,718,0,convergent_swarm,manhattan,4,,81,73,73.0000,74,24,true,0.0239,73.0000
E1,city,2514,25,50,0,718,0,zero_one_bfs,manhattan,4,,274,0,253.0000,254,95,true,0.0885,73.0000
E1,city,2803,25,50,0,737,0,bfs,manhattan,4,,510,71,71.0000,72,11,true,0.0946,71.0000
E1,city,2803,25,50,0,737,0,dfs,manhattan,4,,268,263,263.0000,264,84,true,0.0688,71.0000
E1,city,2803,25,50,0,737,0,dijkstra,manhattan,4,,510,71,71.0000,72,11,true,0.1367,71.0000
E1,city,2803,25,50,0,737,0,a_star,manhattan,4,,248,71,71.0000,72,65,true,0.0716,71.0000
E1,city,2803,25,50,0,737,0,greedy,manhattan,4,,79,73,73.0000,74,22,true,0.0233,71.0000
E1,city,2803,25,50,0,737,0,swarm,manhattan,4,,92,71,71.0000,72,28,true,0.0279,71.0000
E1,city,2803,25,50,0,737,0,convergent_swarm,manhattan,4,,79,73,73.0000,74,22,true,0.0211,71.0000
E1,city,2803,25,50,0,737,0,zero_one_bfs,manhattan,4,,268,0,263.0000,264,84,true,0.1074,71.0000
E1,city,3063,25,50,0,739,0,bfs,manhattan,4,,509,71,71.0000,72,11,true,0.1168,71.0000
E1,city,3063,25,50,0,739,0,dfs,manhattan,4,,315,167,167.0000,168,99,true,0.0917,71.0000
E1,city,3063,25,50,0,739,0,dijkstra,manhattan,4,,509,71,71.0000,72,12,true,0.1426,71.0000
E1,city,3063,25,50,0,739,0,a_star,manhattan,4,,293,71,71.0000,72,90,true,0.0977,71.0000
E1,city,3063,25,50,0,739,0,greedy,manhattan,4,,115,71,71.0000,72,23,true,0.0359,71.0000
E1,city,3063,25,50,0,739,0,swarm,manhattan,4,,104,71,71.0000,72,34,true,0.0342,71.0000
E1,city,3063,25,50,0,739,0,convergent_swarm,manhattan,4,,115,71,71.0000,72,23,true,0.0344,71.0000
E1,city,3063,25,50,0,739,0,zero_one_bfs,manhattan,4,,303,0,167.0000,168,99,true,0.0961,71.0000
E1,city,3158,25,50,0,737,0,bfs,manhattan,4,,510,71,71.0000,72,11,true,0.1009,71.0000
E1,city,3158,25,50,0,737,0,dfs,manhattan,4,,268,263,263.0000,264,84,true,0.0874,71.0000
E1,city,3158,25,50,0,737,0,dijkstra,manhattan,4,,510,71,71.0000,72,11,true,0.1558,71.0000
E1,city,3158,25,50,0,737,0,a_star,manhattan,4,,248,71,71.0000,72,65,true,0.0803,71.0000
E1,city,3158,25,50,0,737,0,greedy,manhattan,4,,79,73,73.0000,74,22,true,0.0251,71.0000
E1,city,3158,25,50,0,737,0,swarm,manhattan,4,,92,71,71.0000,72,28,true,0.0344,71.0000
E1,city,3158,25,50,0,737,0,convergent_swarm,manhattan,4,,79,73,73.0000,74,22,true,0.0231,71.0000
E1,city,3158,25,50,0,737,0,zero_one_bfs,manhattan,4,,268,0,263.0000,264,84,true,0.0935,71.0000
E1,city,3277,25,50,0,798,0,bfs,manhattan,4,,451,,,,10,false,0.0902,
E1,city,3277,25,50,0,798,0,dfs,manhattan,4,,451,,,,75,false,0.0985,
E1,city,3277,25,50,0,798,0,dijkstra,manhattan,4,,451,,,,10,false,0.1259,
E1,city,3277,25,50,0,798,0,a_star,manhattan,4,,451,,,,71,false,0.2041,
E1,city,3277,25,50,0,798,0,greedy,manhattan,4,,451,,,,22,false,0.1401,
E1,city,3277,25,50,0,798,0,swarm,manhattan,4,,451,,,,28,false,0.1314,
E1,city,3277,25,50,0,798,0,convergent_swarm,manhattan,4,,451,,,,24,false,0.1326,
E1,city,3277,25,50,0,798,0,zero_one_bfs,manhattan,4,,451,,,,75,false,0.1324,
E1,city,3521,25,50,0,798,0,bfs,manhattan,4,,450,73,73.0000,74,10,true,0.0833,73.0000
E1,city,3521,25,50,0,798,0,dfs,manhattan,4,,176,163,163.0000,164,59,true,0.0397,73.0000
E1,city,3521,25,50,0,798,0,dijkstra,manhattan,4,,450,73,73.0000,74,10,true,0.1299,73.0000
E1,city,3521,25,50,0,798,0,a_star,manhattan,4,,428,73,73.0000,74,57,true,0.1232,73.0000
E1,city,3521,25,50,0,798,0,greedy,manhattan,4,,81,73,73.0000,74,20,true,0.0240,73.0000
E1,city,3521,25,50,0,798,0,swarm,manhattan,4,,81,73,73.0000,74,20,true,0.0214,73.0000
E1,city,3521,25,50,0,798,0,convergent_swarm,manhattan,4,,81,73,73.0000,74,20,true,0.0217,73.0000
E1,city,3521,25,50,0,798,0,zero_one_bfs,manhattan,4,,176,0,163.0000,164,59,true,0.0575,73.0000
E1,city,3810,25,50,0,718,0,bfs,manhattan,4,,530,73,73.0000,74,12,true,0.1353,73.0000
E1,city,3810,25,50,0,718,0,dfs,manhattan,4,,274,253,253.0000,254,95,true,0.0641,73.0000
E1,city,3810,25,50,0,718,0,dijkstra,manhattan,4,,530,73,73.0000,74,12,true,0.1540,73.0000
E1,city,3810,25,50,0,718,0,a_star,manhattan,4,,520,73,73.0000,74,71,true,0.1544,73.0000
E1,city,3810,25,50,0,718,0,greedy,manhattan,4,,81,73,73.0000,74,24,true,0.0234,73.0000
E1,city,3810,25,50,0,718,0,swarm,manhattan,4,,100,73,73.0000,74,32,true,0.0303,73.0000
E1,city,3810,25,50,0,718,0,convergent_swarm,manhattan,4,,81,73,73.0000,74,24,true,0.0219,73.0000
E1,city,3810,25,50,0,718,0,zero_one_bfs,manhattan,4,,274,0,253.0000,254,95,true,0.0866,73.0000
E1,city,4070,25,50,0,665,0,bfs,manhattan,4,,582,71,71.0000,72,13,true,0.1168,71.0000
E1,city,4070,25,50,0,665,0,dfs,manhattan,4,,268,263,263.0000,264,124,true,0.0636,71.0000
E1,city,4070,25,50,0,665,0,dijkstra,manhattan,4,,582,71,71.0000,72,13,true,0.5673,71.0000
E1,city,4070,25,50,0,665,0,a_star,manhattan,4,,285,71,71.0000,72,86,true,0.0897,71.0000
E1,city,4070,25,50,0,665,0,greedy,manhattan,4,,83,73,73.0000,74,26,true,0.0242,71.0000
E1,city,4070,25,50,0,665,0,swarm,manhattan,4,,104,71,71.0000,72,36,true,0.0324,71.0000
E1,city,4070,25,50,0,665,0,convergent_swarm,manhattan,4,,83,73,73.0000,74,26,true,0.0231,71.0000
E1,city,4070,25,50,0,665,0,zero_one_bfs,manhattan,4,,268,0,263.0000,264,124,true,0.0915,71.0000
E1,city,4165,25,50,0,739,0,bfs,manhattan,4,,508,71,71.0000,72,11,true,0.0890,71.0000
E1,city,4165,25,50,0,739,0,dfs,manhattan,4,,170,167,167.0000,168,76,true,0.0385,71.0000
E1,city,4165,25,50,0,739,0,dijkstra,manhattan,4,,508,71,71.0000,72,11,true,0.1329,71.0000
E1,city,4165,25,50,0,739,0,a_star,manhattan,4,,392,71,71.0000,72,71,true,0.1068,71.0000
E1,city,4165,25,50,0,739,0,greedy,manhattan,4,,83,73,73.0000,74,22,true,0.0237,71.0000
E1,city,4165,25,50,0,739,0,swarm,manhattan,4,,83,73,73.0000,74,22,true,0.0250,71.0000
E1,city,4165,25,50,0,739,0,convergent_swarm,manhattan,4,,83,73,73.0000,74,22,true,0.0219,71.0000
E1,city,4165,25,50,0,739,0,zero_one_bfs,manhattan,4,,170,0,167.0000,168,76,true,0.0584,71.0000
E1,city,4284,25,50,0,739,0,bfs,manhattan,4,,508,71,71.0000,72,11,true,0.1108,71.0000
E1,city,4284,25,50,0,739,0,dfs,manhattan,4,,170,167,167.0000,168,76,true,0.0628,71.0000
E1,city,4284,25,50,0,739,0,dijkstra,manhattan,4,,508,71,71.0000,72,11,true,0.1421,71.0000
E1,city,4284,25,50,0,739,0,a_star,manhattan,4,,392,71,71.0000,72,71,true,0.1179,71.0000
E1,city,4284,25,50,0,739,0,greedy,manhattan,4,,83,73,73.0000,74,22,true,0.0319,71.0000
E1,city,4284,25,50,0,739,0,swarm,manhattan,4,,83,73,73.0000,74,22,true,0.0269,71.0000
E1,city,4284,25,50,0,739,0,convergent_swarm,manhattan,4,,83,73,73.0000,74,22,true,0.0257,71.0000
E1,city,4284,25,50,0,739,0,zero_one_bfs,manhattan,4,,170,0,167.0000,168,76,true,0.0644,71.0000
E1,city,4528,25,50,0,739,0,bfs,manhattan,4,,508,71,71.0000,72,11,true,0.1021,71.0000
E1,city,4528,25,50,0,739,0,dfs,manhattan,4,,170,167,167.0000,168,76,true,0.0426,71.0000
E1,city,4528,25,50,0,739,0,dijkstra,manhattan,4,,508,71,71.0000,72,11,true,0.1555,71.0000
E1,city,4528,25,50,0,739,0,a_star,manhattan,4,,392,71,71.0000,72,71,true,0.1653,71.0000
E1,city,4528,25,50,0,739,0,greedy,manhattan,4,,83,73,73.0000,74,22,true,0.0322,71.0000
E1,city,4528,25,50,0,739,0,swarm,manhattan,4,,83,73,73.0000,74,22,true,0.0228,71.0000
E1,city,4528,25,50,0,739,0,convergent_swarm,manhattan,4,,83,73,73.0000,74,22,true,0.0204,71.0000
E1,city,4528,25,50,0,739,0,zero_one_bfs,manhattan,4,,170,0,167.0000,168,76,true,0.0551,71.0000
E1,city,4817,25,50,0,798,0,bfs,manhattan,4,,450,73,73.0000,74,10,true,0.0826,73.0000
E1,city,4817,25,50,0,798,0,dfs,manhattan,4,,176,163,163.0000,164,59,true,0.0392,73.0000
E1,city,4817,25,50,0,798,0,dijkstra,manhattan,4,,450,73,73.0000,74,10,true,0.2195,73.0000
E1,city,4817,25,50,0,798,0,a_star,manhattan,4,,428,73,73.0000,74,57,true,0.2118,73.0000
E1,city,4817,25,50,0,798,0,greedy,manhattan,4,,81,73,73.0000,74,20,true,0.0361,73.0000
E1,city,4817,25,50,0,798,0,swarm,manhattan,4,,81,73,73.0000,74,20,true,0.0351,73.0000
E1,city,4817,25,50,0,798,0,convergent_swarm,manhattan,4,,81,73,73.0000,74,20,true,0.0335,73.0000
E1,city,4817,25,50,0,798,0,zero_one_bfs,manhattan,4,,176,0,163.0000,164,59,true,0.0855,73.0000
E1,city,5077,25,50,0,718,0,bfs,manhattan,4,,530,73,73.0000,74,12,true,0.1210,73.0000
E1,city,5077,25,50,0,718,0,dfs,manhattan,4,,274,253,253.0000,254,95,true,0.0674,73.0000
E1,city,5077,25,50,0,718,0,dijkstra,manhattan,4,,530,73,73.0000,74,12,true,0.1611,73.0000
E1,city,5077,25,50,0,718,0,a_star,manhattan,4,,520,73,73.0000,74,71,true,0.1626,73.0000
E1,city,5077,25,50,0,718,0,greedy,manhattan,4,,81,73,73.0000,74,24,true,0.0252,73.0000
E1,city,5077,25,50,0,718,0,swarm,manhattan,4,,100,73,73.0000,74,32,true,0.0322,73.0000
E1,city,5077,25,50,0,718,0,convergent_swarm,manhattan,4,,81,73,73.0000,74,24,true,0.0233,73.0000
E1,city,5077,25,50,0,718,0,zero_one_bfs,manhattan,4,,274,0,253.0000,254,95,true,0.0905,73.0000
E1,city,5172,25,50,0,798,0,bfs,manhattan,4,,450,73,73.0000,74,10,true,0.0817,73.0000
E1,city,5172,25,50,0,798,0,dfs,manhattan,4,,176,163,163.0000,164,59,true,0.0464,73.0000
E1,city,5172,25,50,0,798,0,dijkstra,manhattan,4,,450,73,73.0000,74,10,true,0.1239,73.0000
E1,city,5172,25,50,0,798,0,a_star,manhattan,4,,428,73,73.0000,74,57,true,0.1324,73.0000
E1,city,5172,25,50,0,798,0,greedy,manhattan,4,,81,73,73.0000,74,20,true,0.0224,73.0000
E1,city,5172,25,50,0,798,0,swarm,manhattan,4,,81,73,73.0000,74,20,true,0.0286,73.0000
E1,city,5172,25,50,0,798,0,convergent_swarm,manhattan,4,,81,73,73.0000,74,20,true,0.0208,73.0000
E1,city,5172,25,50,0,798,0,zero_one_bfs,manhattan,4,,176,0,163.0000,164,59,true,0.0612,73.0000
E1,city,5291,25,50,0,737,0,bfs,manhattan,4,,510,71,71.0000,72,11,true,0.0886,71.0000
E1,city,5291,25,50,0,737,0,dfs,manhattan,4,,268,263,263.0000,264,84,true,0.0697,71.0000
E1,city,5291,25,50,0,737,0,dijkstra,manhattan,4,,510,71,71.0000,72,11,true,0.1288,71.0000
E1,city,5291,25,50,0,737,0,a_star,manhattan,4,,248,71,71.0000,72,65,true,0.0705,71.0000
E1,city,5291,25,50,0,737,0,greedy,manhattan,4,,79,73,73.0000,74,22,true,0.0225,71.0000
E1,city,5291,25,50,0,737,0,swarm,manhattan,4,,92,71,71.0000,72,28,true,0.0266,71.0000
E1,city,5291,25,50,0,737,0,convergent_swarm,manhattan,4,,79,73,73.0000,74,22,true,0.0216,71.0000
E1,city,5291,25,50,0,737,0,zero_one_bfs,manhattan,4,,268,0,263.0000,264,84,true,0.0817,71.0000
E1,city,5535,25,50,0,665,0,bfs,manhattan,4,,582,71,71.0000,72,13,true,0.1111,71.0000
E1,city,5535,25,50,0,665,0,dfs,manhattan,4,,268,263,263.0000,264,124,true,0.0624,71.0000
E1,city,5535,25,50,0,665,0,dijkstra,manhattan,4,,582,71,71.0000,72,13,true,0.1660,71.0000
E1,city,5535,25,50,0,665,0,a_star,manhattan,4,,285,71,71.0000,72,86,true,0.0824,71.0000
E1,city,5535,25,50,0,665,0,greedy,manhattan,4,,83,73,73.0000,74,26,true,0.0248,71.0000
E1,city,5535,25,50,0,665,0,swarm,manhattan,4,,104,71,71.0000,72,36,true,0.0316,71.0000
E1,city,5535,25,50,0,665,0,convergent_swarm,manhattan,4,,83,73,73.0000,74,26,true,0.0241,71.0000
E1,city,5535,25,50,0,665,0,zero_one_bfs,manhattan,4,,268,0,263.0000,264,124,true,0.0999,71.0000
E1,city,5824,25,50,0,718,0,bfs,manhattan,4,,530,73,73.0000,74,12,true,0.1140,73.0000
E1,city,5824,25,50,0,718,0,dfs,manhattan,4,,274,253,253.0000,254,95,true,0.0813,73.0000
E1,city,5824,25,50,0,718,0,dijkstra,manhattan,4,,530,73,73.0000,74,12,true,0.1778,73.0000
E1,city,5824,25,50,0,718,0,a_star,manhattan,4,,520,73,73.0000,74,71,true,0.1651,73.0000
E1,city,5824,25,50,0,718,0,greedy,manhattan,4,,81,73,73.0000,74,24,true,0.0294,73.0000
E1,city,5824,25,50,0,718,0,swarm,manhattan,4,,100,73,73.0000,74,32,true,0.0319,73.0000
E1,city,5824,25,50,0,718,0,convergent_swarm,manhattan,4,,81,73,73.0000,74,24,true,0.0285,73.0000
E1,city,5824,25,50,0,718,0,zero_one_bfs,manhattan,4,,274,0,253.0000,254,95,true,0.1089,73.0000
E1,open,42,25,50,0,0,0,bfs,manhattan,4,,793,25,25.0000,26,50,true,0.2417,25.0000
E1,open,42,25,50,0,0,0,dfs,manhattan,4,,25,25,25.0000,26,52,true,0.0103,25.0000
E1,open,42,25,50,0,0,0,dijkstra,manhattan,4,,781,25,25.0000,26,63,true,0.4608,25.0000
E1,open,42,25,50,0,0,0,a_star,manhattan,4,,25,25,25.0000,26,52,true,0.0194,25.0000
E1,open,42,25,50,0,0,0,greedy,manhattan,4,,25,25,25.0000,26,52,true,0.0192,25.0000
E1,open,42,25,50,0,0,0,swarm,manhattan,4,,25,25,25.0000,26,52,true,0.0188,25.0000
E1,open,42,25,50,0,0,0,convergent_swarm,manhattan,4,,25,25,25.0000,26,52,true,0.0185,25.0000
E1,open,42,25,50,0,0,0,zero_one_bfs,manhattan,4,,25,0,25.0000,26,52,true,0.0212,25.0000
E1,open,137,25,50,0,0,0,bfs,manhattan,4,,793,25,25.0000,26,50,true,0.2348,25.0000
E1,open,137,25,50,0,0,0,dfs,manhattan,4,,25,25,25.0000,26,52,true,0.0090,25.0000
E1,open,137,25,50,0,0,0,dijkstra,manhattan,4,,781,25,25.0000,26,63,true,0.3043,25.0000
E1,open,137,25,50,0,0,0,a_star,manhattan,4,,25,25,25.0000,26,52,true,0.0123,25.0000
E1,open,137,25,50,0,0,0,greedy,manhattan,4,,25,25,25.0000,26,52,true,0.0125,25.0000
E1,open,137,25,50,0,0,0,swarm,manhattan,4,,25,25,25.0000,26,52,true,0.0145,25.0000
E1,open,137,25,50,0,0,0,convergent_swarm,manhattan,4,,25,25,25.0000,26,52,true,0.0112,25.0000
E1,open,137,25,50,0,0,0,zero_one_bfs,manhattan,4,,25,0,25.0000,26,52,true,0.0139,25.0000
E1,open,256,25,50,0,0,0,bfs,manhattan,4,,793,25,25.0000,26,50,true,0.1994,25.0000
E1,open,256,25,50,0,0,0,dfs,manhattan,4,,25,25,25.0000,26,52,true,0.0089,25.0000
E1,open,256,25,50,0,0,0,dijkstra,manhattan,4,,781,25,25.0000,26,63,true,0.3051,25.0000
E1,open,256,25,50,0,0,0,a_star,manhattan,4,,25,25,25.0000,26,52,true,0.0125,25.0000
E1,open,256,25,50,0,0,0,greedy,manhattan,4,,25,25,25.0000,26,52,true,0.0132,25.0000
E1,open,256,25,50,0,0,0,swarm,manhattan,4,,25,25,25.0000,26,52,true,0.0125,25.0000
E1,open,256,25,50,0,0,0,convergent_swarm,manhattan,4,,25,25,25.0000,26,52,true,0.0127,25.0000
E1,open,256,25,50,0,0,0,zero_one_bfs,manhattan,4,,25,0,25.0000,26,52,true,0.0141,25.0000
E1,open,500,25,50,0,0,0,bfs,manhattan,4,,793,25,25.0000,26,50,true,0.2035,25.0000
E1,open,500,25,50,0,0,0,dfs,manhattan,4,,25,25,25.0000,26,52,true,0.0086,25.0000
E1,open,500,25,50,0,0,0,dijkstra,manhattan,4,,781,25,25.0000,26,63,true,0.3067,25.0000
E1,open,500,25,50,0,0,0,a_star,manhattan,4,,25,25,25.0000,26,52,true,0.0198,25.0000
E1,open,500,25,50,0,0,0,greedy,manhattan,4,,25,25,25.0000,26,52,true,0.0122,25.0000
E1,open,500,25,50,0,0,0,swarm,manhattan,4,,25,25,25.0000,26,52,true,0.0143,25.0000
E1,open,500,25,50,0,0,0,convergent_swarm,manhattan,4,,25,25,25.0000,26,52,true,0.0127,25.0000
E1,open,500,25,50,0,0,0,zero_one_bfs,manhattan,4,,25,0,25.0000,26,52,true,0.0144,25.0000
E1,open,789,25,50,0,0,0,bfs,manhattan,4,,793,25,25.0000,26,50,true,0.1925,25.0000
E1,open,789,25,50,0,0,0,dfs,manhattan,4,,25,25,25.0000,26,52,true,0.0086,25.0000
E1,open,789,25,50,0,0,0,dijkstra,manhattan,4,,781,25,25.0000,26,63,true,0.2930,25.0000
E1,open,789,25,50,0,0,0,a_star,manhattan,4,,25,25,25.0000,26,52,true,0.0135,25.0000
E1,open,789,25,50,0,0,0,greedy,manhattan,4,,25,25,25.0000,26,52,true,0.0137,25.0000
E1,open,789,25,50,0,0,0,swarm,manhattan,4,,25,25,25.0000,26,52,true,0.0131,25.0000
E1,open,789,25,50,0,0,0,convergent_swarm,manhattan,4,,25,25,25.0000,26,52,true,0.0142,25.0000
E1,open,789,25,50,0,0,0,zero_one_bfs,manhattan,4,,25,0,25.0000,26,52,true,0.0142,25.0000
E1,open,1049,25,50,0,0,0,bfs,manhattan,4,,793,25,25.0000,26,50,true,0.2538,25.0000
E1,open,1049,25,50,0,0,0,dfs,manhattan,4,,25,25,25.0000,26,52,true,0.0130,25.0000
E1,open,1049,25,50,0,0,0,dijkstra,manhattan,4,,781,25,25.0000,26,63,true,0.3995,25.0000
E1,open,1049,25,50,0,0,0,a_star,manhattan,4,,25,25,25.0000,26,52,true,0.0179,25.0000
E1,open,1049,25,50,0,0,0,greedy,manhattan,4,,25,25,25.0000,26,52,true,0.0182,25.0000
E1,open,1049,25,50,0,0,0,swarm,manhattan,4,,25,25,25.0000,26,52,true,0.0223,25.0000
E1,open,1049,25,50,0,0,0,convergent_swarm,manhattan,4,,25,25,25.0000,26,52,true,0.0195,25.0000
E1,open,1049,25,50,0,0,0,zero_one_bfs,manhattan,4,,25,0,25.0000,26,52,true,0.0174,25.0000
E1,open,1144,25,50,0,0,0,bfs,manhattan,4,,793,25,25.0000,26,50,true,0.1950,25.0000
E1,open,1144,25,50,0,0,0,dfs,manhattan,4,,25,25,25.0000,26,52,true,0.0085,25.0000
E1,open,1144,25,50,0,0,0,dijkstra,manhattan,4,,781,25,25.0000,26,63,true,0.2855,25.0000
E1,open,1144,25,50,0,0,0,a_star,manhattan,4,,25,25,25.0000,26,52,true,0.0128,25.0000
E1,open,1144,25,50,0,0,0,greedy,manhattan,4,,25,25,25.0000,26,52,true,0.0136,25.0000
E1,open,1144,25,50,0,0,0,swarm,manhattan,4,,25,25,25.0000,26,52,true,0.0131,25.0000
E1,open,1144,25,50,0,0,0,convergent_swarm,manhattan,4,,25,25,25.0000,26,52,true,0.0119,25.0000
E1,open,1144,25,50,0,0,0,zero_one_bfs,manhattan,4,,25,0,25.0000,26,52,true,0.0136,25.0000
E1,open,1263,25,50,0,0,0,bfs,manhattan,4,,793,25,25.0000,26,50,true,0.3321,25.0000
E1,open,1263,25,50,0,0,0,dfs,manhattan,4,,25,25,25.0000,26,52,true,0.0137,25.0000
E1,open,1263,25,50,0,0,0,dijkstra,manhattan,4,,781,25,25.0000,26,63,true,0.4661,25.0000
E1,open,1263,25,50,0,0,0,a_star,manhattan,4,,25,25,25.0000,26,52,true,0.0143,25.0000
E1,open,1263,25,50,0,0,0,greedy,manhattan,4,,25,25,25.0000,26,52,true,0.0130,25.0000
E1,open,1263,25,50,0,0,0,swarm,manhattan,4,,25,25,25.0000,26,52,true,0.0130,25.0000
E1,open,1263,25,50,0,0,0,convergent_swarm,manhattan,4,,25,25,25.0000,26,52,true,0.0124,25.0000
E1,open,1263,25,50,0,0,0,zero_one_bfs,manhattan,4,,25,0,25.0000,26,52,true,0.0155,25.0000
E1,open,1507,25,50,0,0,0,bfs,manhattan,4,,793,25,25.0000,26,50,true,0.2175,25.0000
E1,open,1507,25,50,0,0,0,dfs,manhattan,4,,25,25,25.0000,26,52,true,0.0091,25.0000
E1,open,1507,25,50,0,0,0,dijkstra,manhattan,4,,781,25,25.0000,26,63,true,0.3053,25.0000
E1,open,1507,25,50,0,0,0,a_star,manhattan,4,,25,25,25.0000,26,52,true,0.0125,25.0000
E1,open,1507,25,50,0,0,0,greedy,manhattan,4,,25,25,25.0000,26,52,true,0.0126,25.0000
E1,open,1507,25,50,0,0,0,swarm,manhattan,4,,25,25,25.0000,26,52,true,0.0128,25.0000
E1,open,1507,25,50,0,0,0,convergent_swarm,manhattan,4,,25,25,25.0000,26,52,true,0.0139,25.0000
E1,open,1507,25,50,0,0,0,zero_one_bfs,manhattan,4,,25,0,25.0000,26,52,true,0.0148,25.0000
E1,open,1796,25,50,0,0,0,bfs,manhattan,4,,793,25,25.0000,26,50,true,0.2010,25.0000
E1,open,1796,25,50,0,0,0,dfs,manhattan,4,,25,25,25.0000,26,52,true,0.0087,25.0000
E1,open,1796,25,50,0,0,0,dijkstra,manhattan,4,,781,25,25.0000,26,63,true,0.3019,25.0000
E1,open,1796,25,50,0,0,0,a_star,manhattan,4,,25,25,25.0000,26,52,true,0.0120,25.0000
E1,open,1796,25,50,0,0,0,greedy,manhattan,4,,25,25,25.0000,26,52,true,0.0123,25.0000
E1,open,1796,25,50,0,0,0,swarm,manhattan,4,,25,25,25.0000,26,52,true,0.0140,25.0000
E1,open,1796,25,50,0,0,0,convergent_swarm,manhattan,4,,25,25,25.0000,26,52,true,0.0122,25.0000
E1,open,1796,25,50,0,0,0,zero_one_bfs,manhattan,4,,25,0,25.0000,26,52,true,0.0133,25.0000
E1,open,2056,25,50,0,0,0,bfs,manhattan,4,,793,25,25.0000,26,50,true,0.2016,25.0000
E1,open,2056,25,50,0,0,0,dfs,manhattan,4,,25,25,25.0000,26,52,true,0.0083,25.0000
E1,open,2056,25,50,0,0,0,dijkstra,manhattan,4,,781,25,25.0000,26,63,true,0.3011,25.0000
E1,open,2056,25,50,0,0,0,a_star,manhattan,4,,25,25,25.0000,26,52,true,0.0124,25.0000
E1,open,2056,25,50,0,0,0,greedy,manhattan,4,,25,25,25.0000,26,52,true,0.0134,25.0000
E1,open,2056,25,50,0,0,0,swarm,manhattan,4,,25,25,25.0000,26,52,true,0.0125,25.0000
E1,open,2056,25,50,0,0,0,convergent_swarm,manhattan,4,,25,25,25.0000,26,52,true,0.0118,25.0000
E1,open,2056,25,50,0,0,0,zero_one_bfs,manhattan,4,,25,0,25.0000,26,52,true,0.0135,25.0000
E1,open,2151,25,50,0,0,0,bfs,manhattan,4,,793,25,25.0000,26,50,true,0.1971,25.0000
E1,open,2151,25,50,0,0,0,dfs,manhattan,4,,25,25,25.0000,26,52,true,0.0089,25.0000
E1,open,2151,25,50,0,0,0,dijkstra,manhattan,4,,781,25,25.0000,26,63,true,0.2952,25.0000
E1,open,2151,25,50,0,0,0,a_star,manhattan,4,,25,25,25.0000,26,52,true,0.0133,25.0000
E1,open,2151,25,50,0,0,0,greedy,manhattan,4,,25,25,25.0000,26,52,true,0.0129,25.0000
E1,open,2151,25,50,0,0,0,swarm,manhattan,4,,25,25,25.0000,26,52,true,0.0125,25.0000
E1,open,2151,25,50,0,0,0,convergent_swarm,manhattan,4,,25,25,25.0000,26,52,true,0.0168,25.0000
E1,open,2151,25,50,0,0,0,zero_one_bfs,manhattan,4,,25,0,25.0000,26,52,true,0.0144,25.0000
E1,open,2270,25,50,0,0,0,bfs,manhattan,4,,793,25,25.0000,26,50,true,0.1973,25.0000
E1,open,2270,25,50,0,0,0,dfs,manhattan,4,,25,25,25.0000,26,52,true,0.0082,25.0000
E1,open,2270,25,50,0,0,0,dijkstra,manhattan,4,,781,25,25.0000,26,63,true,0.2861,25.0000
E1,open,2270,25,50,0,0,0,a_star,manhattan,4,,25,25,25.0000,26,52,true,0.0123,25.0000
E1,open,2270,25,50,0,0,0,greedy,manhattan,4,,25,25,25.0000,26,52,true,0.0123,25.0000
E1,open,2270,25,50,0,0,0,swarm,manhattan,4,,25,25,25.0000,26,52,true,0.0125,25.0000
E1,open,2270,25,50,0,0,0,convergent_swarm,manhattan,4,,25,25,25.0000,26,52,true,0.0134,25.0000
E1,open,2270,25,50,0,0,0,zero_one_bfs,manhattan,4,,25,0,25.0000,26,52,true,0.0128,25.0000
E1,open,2514,25,50,0,0,0,bfs,manhattan,4,,793,25,25.0000,26,50,true,0.3678,25.0000
E1,open,2514,25,50,0,0,0,dfs,manhattan,4,,25,25,25.0000,26,52,true,0.0153,25.0000
E1,open,2514,25,50,0,0,0,dijkstra,manhattan,4,,781,25,25.0000,26,63,true,0.4549,25.0000
E1,open,2514,25,50,0,0,0,a_star,manhattan,4,,25,25,25.0000,26,52,true,0.0184,25.0000
E1,open,2514,25,50,0,0,0,greedy,manhattan,4,,25,25,25.0000,26,52,true,0.0186,25.0000
E1,open,2514,25,50,0,0,0,swarm,manhattan,4,,25,25,25.0000,26,52,true,0.0202,25.0000
E1,open,2514,25,50,0,0,0,convergent_swarm,manhattan,4,,25,25,25.0000,26,52,true,0.0166,25.0000
E1,open,2514,25,50,0,0,0,zero_one_bfs,manhattan,4,,25,0,25.0000,26,52,true,0.0225,25.0000
E1,open,2803,25,50,0,0,0,bfs,manhattan,4,,793,25,25.0000,26,50,true,0.2058,25.0000
E1,open,2803,25,50,0,0,0,dfs,manhattan,4,,25,25,25.0000,26,52,true,0.0095,25.0000
E1,open,2803,25,50,0,0,0,dijkstra,manhattan,4,,781,25,25.0000,26,63,true,0.4067,25.0000
E1,open,2803,25,50,0,0,0,a_star,manhattan,4,,25,25,25.0000,26,52,true,0.0137,25.0000
E1,open,2803,25,50,0,0,0,greedy,manhattan,4,,25,25,25.0000,26,52,true,0.0140,25.0000
E1,open,2803,25,50,0,0,0,swarm,manhattan,4,,25,25,25.0000,26,52,true,0.0131,25.0000
E1,open,2803,25,50,0,0,0,convergent_swarm,manhattan,4,,25,25,25.0000,26,52,true,0.0126,25.0000
E1,open,2803,25,50,0,0,0,zero_one_bfs,manhattan,4,,25,0,25.0000,26,52,true,0.0148,25.0000
E1,open,3063,25,50,0,0,0,bfs,manhattan,4,,793,25,25.0000,26,50,true,0.1996,25.0000
E1,open,3063,25,50,0,0,0,dfs,manhattan,4,,25,25,25.0000,26,52,true,0.0091,25.0000
E1,open,3063,25,50,0,0,0,dijkstra,manhattan,4,,781,25,25.0000,26,63,true,0.3049,25.0000
E1,open,3063,25,50,0,0,0,a_star,manhattan,4,,25,25,25.0000,26,52,true,0.0143,25.0000
E1,open,3063,25,50,0,0,0,greedy,manhattan,4,,25,25,25.0000,26,52,true,0.0131,25.0000
E1,open,3063,25,50,0,0,0,swarm,manhattan,4,,25,25,25.0000,26,52,true,0.0130,25.0000
E1,open,3063,25,50,0,0,0,convergent_swarm,manhattan,4,,25,25,25.0000,26,52,true,0.0128,25.0000
E1,open,3063,25,50,0,0,0,zero_one_bfs,manhattan,4,,25,0,25.0000,26,52,true,0.0185,25.0000
E1,open,3158,25,50,0,0,0,bfs,manhattan,4,,793,25,25.0000,26,50,true,0.2078,25.0000
E1,open,3158,25,50,0,0,0,dfs,manhattan,4,,25,25,25.0000,26,52,true,0.0086,25.0000
E1,open,3158,25,50,0,0,0,dijkstra,manhattan,4,,781,25,25.0000,26,63,true,0.2965,25.0000
E1,open,3158,25,50,0,0,0,a_star,manhattan,4,,25,25,25.0000,26,52,true,0.0123,25.0000
E1,open,3158,25,50,0,0,0,greedy,manhattan,4,,25,25,25.0000,26,52,true,0.0135,25.0000
E1,open,3158,25,50,0,0,0,swarm,manhattan,4,,25,25,25.0000,26,52,true,0.0128,25.0000
E1,open,3158,25,50,0,0,0,convergent_swarm,manhattan,4,,25,25,25.0000,26,52,true,0.0166,25.0000
E1,open,3158,25,50,0,0,0,zero_one_bfs,manhattan,4,,25,0,25.0000,26,52,true,0.0169,25.0000
E1,open,3277,25,50,0,0,0,bfs,manhattan,4,,793,25,25.0000,26,50,true,0.2662,25.0000
E1,open,3277,25,50,0,0,0,dfs,manhattan,4,,25,25,25.0000,26,52,true,0.0084,25.0000
E1,open,3277,25,50,0,0,0,dijkstra,manhattan,4,,781,25,25.0000,26,63,true,0.3138,25.0000
E1,open,3277,25,50,0,0,0,a_star,manhattan,4,,25,25,25.0000,26,52,true,0.0128,25.0000
E1,open,3277,25,50,0,0,0,greedy,manhattan,4,,25,25,25.0000,26,52,true,0.0137,25.0000
E1,open,3277,25,50,0,0,0,swarm,manhattan,4,,25,25,25.0000,26,52,true,0.0165,25.0000
E1,open,3277,25,50,0,0,0,convergent_swarm,manhattan,4,,25,25,25.0000,26,52,true,0.0144,25.0000
E1,open,3277,25,50,0,0,0,zero_one_bfs,manhattan,4,,25,0,25.0000,26,52,true,0.0142,25.0000
E1,open,3521,25,50,0,0,0,bfs,manhattan,4,,793,25,25.0000,26,50,true,0.2383,25.0000
E1,open,3521,25,50,0,0,0,dfs,manhattan,4,,25,25,25.0000,26,52,true,0.0085,25.0000
E1,open,3521,25,50,0,0,0,dijkstra,manhattan,4,,781,25,25.0000,26,63,true,0.3033,25.0000
E1,open,3521,25,50,0,0,0,a_star,manhattan,4,,25,25,25.0000,26,52,true,0.0127,25.0000
E1,open,3521,25,50,0,0,0,greedy,manhattan,4,,25,25,25.0000,26,52,true,0.0146,25.0000
E1,open,3521,25,50,0,0,0,swarm,manhattan,4,,25,25,25.0000,26,52,true,0.0133,25.0000
E1,open,3521,25,50,0,0,0,convergent_swarm,manhattan,4,,25,25,25.0000,26,52,true,0.0123,25.0000
E1,open,3521,25,50,0,0,0,zero_one_bfs,manhattan,4,,25,0,25.0000,26,52,true,0.0137,25.0000
E1,open,3810,25,50,0,0,0,bfs,manhattan,4,,793,25,25.0000,26,50,true,0.1919,25.0000
E1,open,3810,25,50,0,0,0,dfs,manhattan,4,,25,25,25.0000,26,52,true,0.0083,25.0000
E1,open,3810,25,50,0,0,0,dijkstra,manhattan,4,,781,25,25.0000,26,63,true,0.3163,25.0000
E1,open,3810,25,50,0,0,0,a_star,manhattan,4,,25,25,25.0000,26,52,true,0.0140,25.0000
E1,open,3810,25,50,0,0,0,greedy,manhattan,4,,25,25,25.0000,26,52,true,0.0128,25.0000
E1,open,3810,25,50,0,0,0,swarm,manhattan,4,,25,25,25.0000,26,52,true,0.0128,25.0000
E1,open,3810,25,50,0,0,0,convergent_swarm,manhattan,4,,25,25,25.0000,26,52,true,0.0123,25.0000
E1,open,3810,25,50,0,0,0,zero_one_bfs,manhattan,4,,25,0,25.0000,26,52,true,0.0143,25.0000
E1,open,4070,25,50,0,0,0,bfs,manhattan,4,,793,25,25.0000,26,50,true,0.2135,25.0000
E1,open,4070,25,50,0,0,0,dfs,manhattan,4,,25,25,25.0000,26,52,true,0.0084,25.0000
E1,open,4070,25,50,0,0,0,dijkstra,manhattan,4,,781,25,25.0000,26,63,true,0.3105,25.0000
E1,open,4070,25,50,0,0,0,a_star,manhattan,4,,25,25,25.0000,26,52,true,0.0162,25.0000
E1,open,4070,25,50,0,0,0,greedy,manhattan,4,,25,25,25.0000,26,52,true,0.0121,25.0000
E1,open,4070,25,50,0,0,0,swarm,manhattan,4,,25,25,25.0000,26,52,true,0.0125,25.0000
E1,open,4070,25,50,0,0,0,convergent_swarm,manhattan,4,,25,25,25.0000,26,52,true,0.0138,25.0000
E1,open,4070,25,50,0,0,0,zero_one_bfs,manhattan,4,,25,0,25.0000,26,52,true,0.0130,25.0000
E1,open,4165,25,50,0,0,0,bfs,manhattan,4,,793,25,25.0000,26,50,true,0.1971,25.0000
E1,open,4165,25,50,0,0,0,dfs,manhattan,4,,25,25,25.0000,26,52,true,0.0089,25.0000
E1,open,4165,25,50,0,0,0,dijkstra,manhattan,4,,781,25,25.0000,26,63,true,0.2967,25.0000
E1,open,4165,25,50,0,0,0,a_star,manhattan,4,,25,25,25.0000,26,52,true,0.0128,25.0000
E1,open,4165,25,50,0,0,0,greedy,manhattan,4,,25,25,25.0000,26,52,true,0.0124,25.0000
E1,open,4165,25,50,0,0,0,swarm,manhattan,4,,25,25,25.0000,26,52,true,0.0138,25.0000
E1,open,4165,25,50,0,0,0,convergent_swarm,manhattan,4,,25,25,25.0000,26,52,true,0.0124,25.0000
E1,open,4165,25,50,0,0,0,zero_one_bfs,manhattan,4,,25,0,25.0000,26,52,true,0.0132,25.0000
E1,open,4284,25,50,0,0,0,bfs,manhattan,4,,793,25,25.0000,26,50,true,0.2028,25.0000
E1,open,4284,25,50,0,0,0,dfs,manhattan,4,,25,25,25.0000,26,52,true,0.0083,25.0000
E1,open,4284,25,50,0,0,0,dijkstra,manhattan,4,,781,25,25.0000,26,63,true,0.3073,25.0000
E1,open,4284,25,50,0,0,0,a_star,manhattan,4,,25,25,25.0000,26,52,true,0.0123,25.0000
E1,open,4284,25,50,0,0,0,greedy,manhattan,4,,25,25,25.0000,26,52,true,0.0137,25.0000
E1,open,4284,25,50,0,0,0,swarm,manhattan,4,,25,25,25.0000,26,52,true,0.0126,25.0000
E1,open,4284,25,50,0,0,0,convergent_swarm,manhattan,4,,25,25,25.0000,26,52,true,0.0119,25.0000
E1,open,4284,25,50,0,0,0,zero_one_bfs,manhattan,4,,25,0,25.0000,26,52,true,0.0132,25.0000
E1,open,4528,25,50,0,0,0,bfs,manhattan,4,,793,25,25.0000,26,50,true,0.1978,25.0000
E1,open,4528,25,50,0,0,0,dfs,manhattan,4,,25,25,25.0000,26,52,true,0.0088,25.0000
E1,open,4528,25,50,0,0,0,dijkstra,manhattan,4,,781,25,25.0000,26,63,true,0.3116,25.0000
E1,open,4528,25,50,0,0,0,a_star,manhattan,4,,25,25,25.0000,26,52,true,0.0142,25.0000
E1,open,4528,25,50,0,0,0,greedy,manhattan,4,,25,25,25.0000,26,52,true,0.0129,25.0000
E1,open,4528,25,50,0,0,0,swarm,manhattan,4,,25,25,25.0000,26,52,true,0.0127,25.0000
E1,open,4528,25,50,0,0,0,convergent_swarm,manhattan,4,,25,25,25.0000,26,52,true,0.0124,25.0000
E1,open,4528,25,50,0,0,0,zero_one_bfs,manhattan,4,,25,0,25.0000,26,52,true,0.0142,25.0000
E1,open,4817,25,50,0,0,0,bfs,manhattan,4,,793,25,25.0000,26,50,true,0.2001,25.0000
E1,open,4817,25,50,0,0,0,dfs,manhattan,4,,25,25,25.0000,26,52,true,0.0093,25.0000
E1,open,4817,25,50,0,0,0,dijkstra,manhattan,4,,781,25,25.0000,26,63,true,0.2976,25.0000
E1,open,4817,25,50,0,0,0,a_star,manhattan,4,,25,25,25.0000,26,52,true,0.0126,25.0000
E1,open,4817,25,50,0,0,0,greedy,manhattan,4,,25,25,25.0000,26,52,true,0.0125,25.0000
E1,open,4817,25,50,0,0,0,swarm,manhattan,4,,25,25,25.0000,26,52,true,0.0125,25.0000
E1,open,4817,25,50,0,0,0,convergent_swarm,manhattan,4,,25,25,25.0000,26,52,true,0.0130,25.0000
E1,open,4817,25,50,0,0,0,zero_one_bfs,manhattan,4,,25,0,25.0000,26,52,true,0.0133,25.0000
E1,open,5077,25,50,0,0,0,bfs,manhattan,4,,793,25,25.0000,26,50,true,0.2031,25.0000
E1,open,5077,25,50,0,0,0,dfs,manhattan,4,,25,25,25.0000,26,52,true,0.0086,25.0000
E1,open,5077,25,50,0,0,0,dijkstra,manhattan,4,,781,25,25.0000,26,63,true,0.3382,25.0000
E1,open,5077,25,50,0,0,0,a_star,manhattan,4,,25,25,25.0000,26,52,true,0.0126,25.0000
E1,open,5077,25,50,0,0,0,greedy,manhattan,4,,25,25,25.0000,26,52,true,0.0128,25.0000
E1,open,5077,25,50,0,0,0,swarm,manhattan,4,,25,25,25.0000,26,52,true,0.0139,25.0000
E1,open,5077,25,50,0,0,0,convergent_swarm,manhattan,4,,25,25,25.0000,26,52,true,0.0120,25.0000
E1,open,5077,25,50,0,0,0,zero_one_bfs,manhattan,4,,25,0,25.0000,26,52,true,0.0142,25.0000
E1,open,5172,25,50,0,0,0,bfs,manhattan,4,,793,25,25.0000,26,50,true,0.2374,25.0000
E1,open,5172,25,50,0,0,0,dfs,manhattan,4,,25,25,25.0000,26,52,true,0.0112,25.0000
E1,open,5172,25,50,0,0,0,dijkstra,manhattan,4,,781,25,25.0000,26,63,true,0.4651,25.0000
E1,open,5172,25,50,0,0,0,a_star,manhattan,4,,25,25,25.0000,26,52,true,0.0144,25.0000
E1,open,5172,25,50,0,0,0,greedy,manhattan,4,,25,25,25.0000,26,52,true,0.0145,25.0000
E1,open,5172,25,50,0,0,0,swarm,manhattan,4,,25,25,25.0000,26,52,true,0.0136,25.0000
E1,open,5172,25,50,0,0,0,convergent_swarm,manhattan,4,,25,25,25.0000,26,52,true,0.0124,25.0000
E1,open,5172,25,50,0,0,0,zero_one_bfs,manhattan,4,,25,0,25.0000,26,52,true,0.0157,25.0000
E1,open,5291,25,50,0,0,0,bfs,manhattan,4,,793,25,25.0000,26,50,true,0.2074,25.0000
E1,open,5291,25,50,0,0,0,dfs,manhattan,4,,25,25,25.0000,26,52,true,0.0109,25.0000
E1,open,5291,25,50,0,0,0,dijkstra,manhattan,4,,781,25,25.0000,26,63,true,0.3365,25.0000
E1,open,5291,25,50,0,0,0,a_star,manhattan,4,,25,25,25.0000,26,52,true,0.0146,25.0000
E1,open,5291,25,50,0,0,0,greedy,manhattan,4,,25,25,25.0000,26,52,true,0.0137,25.0000
E1,open,5291,25,50,0,0,0,swarm,manhattan,4,,25,25,25.0000,26,52,true,0.0135,25.0000
E1,open,5291,25,50,0,0,0,convergent_swarm,manhattan,4,,25,25,25.0000,26,52,true,0.0117,25.0000
E1,open,5291,25,50,0,0,0,zero_one_bfs,manhattan,4,,25,0,25.0000,26,52,true,0.0154,25.0000
E1,open,5535,25,50,0,0,0,bfs,manhattan,4,,793,25,25.0000,26,50,true,0.2364,25.0000
E1,open,5535,25,50,0,0,0,dfs,manhattan,4,,25,25,25.0000,26,52,true,0.0094,25.0000
E1,open,5535,25,50,0,0,0,dijkstra,manhattan,4,,781,25,25.0000,26,63,true,0.3151,25.0000
E1,open,5535,25,50,0,0,0,a_star,manhattan,4,,25,25,25.0000,26,52,true,0.0124,25.0000
E1,open,5535,25,50,0,0,0,greedy,manhattan,4,,25,25,25.0000,26,52,true,0.0127,25.0000
E1,open,5535,25,50,0,0,0,swarm,manhattan,4,,25,25,25.0000,26,52,true,0.0138,25.0000
E1,open,5535,25,50,0,0,0,convergent_swarm,manhattan,4,,25,25,25.0000,26,52,true,0.0128,25.0000
E1,open,5535,25,50,0,0,0,zero_one_bfs,manhattan,4,,25,0,25.0000,26,52,true,0.0152,25.0000
E1,open,5824,25,50,0,0,0,bfs,manhattan,4,,793,25,25.0000,26,50,true,0.2031,25.0000
E1,open,5824,25,50,0,0,0,dfs,manhattan,4,,25,25,25.0000,26,52,true,0.0087,25.0000
E1,open,5824,25,50,0,0,0,dijkstra,manhattan,4,,781,25,25.0000,26,63,true,0.2973,25.0000
E1,open,5824,25,50,0,0,0,a_star,manhattan,4,,25,25,25.0000,26,52,true,0.0120,25.0000
E1,open,5824,25,50,0,0,0,greedy,manhattan,4,,25,25,25.0000,26,52,true,0.0124,25.0000
E1,open,5824,25,50,0,0,0,swarm,manhattan,4,,25,25,25.0000,26,52,true,0.0135,25.0000
E1,open,5824,25,50,0,0,0,convergent_swarm,manhattan,4,,25,25,25.0000,26,52,true,0.0112,25.0000
E1,open,5824,25,50,0,0,0,zero_one_bfs,manhattan,4,,25,0,25.0000,26,52,true,0.0135,25.0000
E6,random,42,10,20,30,62,0,bfs,manhattan,4,,77,14,14.0000,15,9,true,0.0175,14.0000
E6,random,42,10,20,30,62,0,dfs,manhattan,4,,44,22,22.0000,23,23,true,0.0122,14.0000
E6,random,42,10,20,30,62,0,dijkstra,manhattan,4,,74,14,14.0000,15,11,true,0.0224,14.0000
E6,random,42,10,20,30,62,0,a_star,manhattan,4,,36,14,14.0000,15,14,true,0.0124,14.0000
E6,random,42,10,20,30,62,0,greedy,manhattan,4,,22,16,16.0000,17,12,true,0.0092,14.0000
E6,random,42,10,20,30,62,0,swarm,manhattan,4,,27,16,16.0000,17,10,true,0.0092,14.0000
E6,random,42,10,20,30,62,0,convergent_swarm,manhattan,4,,22,16,16.0000,17,12,true,0.0072,14.0000
E6,random,42,10,20,30,62,0,zero_one_bfs,manhattan,4,,38,0,16.0000,17,21,true,0.0137,14.0000
E6,random,137,10,20,30,71,0,bfs,manhattan,4,,43,,,,6,false,0.0085,
E6,random,137,10,20,30,71,0,dfs,manhattan,4,,43,,,,13,false,0.0114,
E6,random,137,10,20,30,71,0,dijkstra,manhattan,4,,43,,,,7,false,0.0112,
E6,random,137,10,20,30,71,0,a_star,manhattan,4,,43,,,,9,false,0.0117,
E6,random,137,10,20,30,71,0,greedy,manhattan,4,,43,,,,10,false,0.0121,
E6,random,137,10,20,30,71,0,swarm,manhattan,4,,43,,,,9,false,0.0114,
E6,random,137,10,20,30,71,0,convergent_swarm,manhattan,4,,43,,,,9,false,0.0124,
E6,random,137,10,20,30,71,0,zero_one_bfs,manhattan,4,,43,,,,8,false,0.0133,
E6,random,256,10,20,30,50,0,bfs,manhattan,4,,109,12,12.0000,13,16,true,0.0245,12.0000
E6,random,256,10,20,30,50,0,dfs,manhattan,4,,12,12,12.0000,13,16,true,0.0041,12.0000
E6,random,256,10,20,30,50,0,dijkstra,manhattan,4,,105,12,12.0000,13,20,true,0.0305,12.0000
E6,random,256,10,20,30,50,0,a_star,manhattan,4,,18,12,12.0000,13,14,true,0.0074,12.0000
E6,random,256,10,20,30,50,0,greedy,manhattan,4,,14,12,12.0000,13,15,true,0.0058,12.0000
E6,random,256,10,20,30,50,0,swarm,manhattan,4,,14,12,12.0000,13,15,true,0.0053,12.0000
E6,random,256,10,20,30,50,0,convergent_swarm,manhattan,4,,14,12,12.0000,13,15,true,0.0046,12.0000
E6,random,256,10,20,30,50,0,zero_one_bfs,manhattan,4,,12,0,12.0000,13,15,true,0.0056,12.0000
E6,random,1049,10,20,30,58,0,bfs,manhattan,4,,89,12,12.0000,13,12,true,0.0190,12.0000
E6,random,1049,10,20,30,58,0,dfs,manhattan,4,,58,28,28.0000,29,29,true,0.0158,12.0000
E6,random,1049,10,20,30,58,0,dijkstra,manhattan,4,,88,12,12.0000,13,11,true,0.0257,12.0000
E6,random,1049,10,20,30,58,0,a_star,manhattan,4,,20,12,12.0000,13,15,true,0.0078,12.0000
E6,random,1049,10,20,30,58,0,greedy,manhattan,4,,14,14,14.0000,15,15,true,0.0058,12.0000
E6,random,1049,10,20,30,58,0,swarm,manhattan,4,,15,14,14.0000,15,15,true,0.0057,12.0000
E6,random,1049,10,20,30,58,0,convergent_swarm,manhattan,4,,14,14,14.0000,15,15,true,0.0050,12.0000
E6,random,1049,10,20,30,58,0,zero_one_bfs,manhattan,4,,117,0,16.0000,17,31,true,0.0413,12.0000
E6,random,1144,10,20,30,68,0,bfs,manhattan,4,,66,,,,11,false,0.0136,
E6,random,1144,10,20,30,68,0,dfs,manhattan,4,,66,,,,12,false,0.0177,
E6,random,1144,10,20,30,68,0,dijkstra,manhattan,4,,66,,,,13,false,0.0194,
E6,random,1144,10,20,30,68,0,a_star,manhattan,4,,66,,,,10,false,0.0200,
E6,random,1144,10,20,30,68,0,greedy,manhattan,4,,66,,,,11,false,0.0200,
E6,random,1144,10,20,30,68,0,swarm,manhattan,4,,66,,,,11,false,0.0190,
E6,random,1144,10,20,30,68,0,convergent_swarm,manhattan,4,,66,,,,11,false,0.0179,
E6,random,1144,10,20,30,68,0,zero_one_bfs,manhattan,4,,66,,,,11,false,0.0223,
E6,random,1263,10,20,30,67,0,bfs,manhattan,4,,82,14,14.0000,15,12,true,0.0176,14.0000
E6,random,1263,10,20,30,67,0,dfs,manhattan,4,,51,28,28.0000,29,29,true,0.0133,14.0000
E6,random,1263,10,20,30,67,0,dijkstra,manhattan,4,,82,14,14.0000,15,12,true,0.0234,14.0000
E6,random,1263,10,20,30,67,0,a_star,manhattan,4,,30,14,14.0000,15,13,true,0.0104,14.0000
E6,random,1263,10,20,30,67,0,greedy,manhattan,4,,14,14,14.0000,15,13,true,0.0059,14.0000
E6,random,1263,10,20,30,67,0,swarm,manhattan,4,,14,14,14.0000,15,13,true,0.0065,14.0000
E6,random,1263,10,20,30,67,0,convergent_swarm,manhattan,4,,14,14,14.0000,15,13,true,0.0047,14.0000
E6,random,1263,10,20,30,67,0,zero_one_bfs,manhattan,4,,34,0,24.0000,25,18,true,0.0121,14.0000
E6,random,2056,10,20,30,59,0,bfs,manhattan,4,,103,14,14.0000,15,15,true,0.0225,14.0000
E6,random,2056,10,20,30,59,0,dfs,manhattan,4,,67,46,46.0000,47,42,true,0.0183,14.0000
E6,random,2056,10,20,30,59,0,dijkstra,manhattan,4,,103,14,14.0000,15,15,true,0.0310,14.0000
E6,random,2056,10,20,30,59,0,a_star,manhattan,4,,32,14,14.0000,15,17,true,0.0118,14.0000
E6,random,2056,10,20,30,59,0,greedy,manhattan,4,,14,14,14.0000,15,16,true,0.0058,14.0000
E6,random,2056,10,20,30,59,0,swarm,manhattan,4,,15,14,14.0000,15,16,true,0.0056,14.0000
E6,random,2056,10,20,30,59,0,convergent_swarm,manhattan,4,,14,14,14.0000,15,16,true,0.0050,14.0000
E6,random,2056,10,20,30,59,0,zero_one_bfs,manhattan,4,,61,0,36.0000,37,23,true,0.0223,14.0000
E6,random,2151,10,20,30,57,0,bfs,manhattan,4,,95,16,16.0000,17,12,true,0.0209,16.0000
E6,random,2151,10,20,30,57,0,dfs,manhattan,4,,68,28,28.0000,29,29,true,0.0185,16.0000
E6,random,2151,10,20,30,57,0,dijkstra,manhattan,4,,95,16,16.0000,17,12,true,0.0278,16.0000
E6,random,2151,10,20,30,57,0,a_star,manhattan,4,,50,16,16.0000,17,19,true,0.0180,16.0000
E6,random,2151,10,20,30,57,0,greedy,manhattan,4,,31,18,18.0000,19,18,true,0.0110,16.0000
E6,random,2151,10,20,30,57,0,swarm,manhattan,4,,44,18,18.0000,19,13,true,0.0146,16.0000
E6,random,2151,10,20,30,57,0,convergent_swarm,manhattan,4,,33,18,18.0000,19,16,true,0.0117,16.0000
E6,random,2151,10,20,30,57,0,zero_one_bfs,manhattan,4,,93,0,18.0000,19,28,true,0.0298,16.0000
E6,random,2270,10,20,30,63,0,bfs,manhattan,4,,92,16,16.0000,17,11,true,0.0192,16.0000
E6,random,2270,10,20,30,63,0,dfs,manhattan,4,,36,34,34.0000,35,27,true,0.0093,16.0000
E6,random,2270,10,20,30,63,0,dijkstra,manhattan,4,,92,16,16.0000,17,14,true,0.0303,16.0000
E6,random,2270,10,20,30,63,0,a_star,manhattan,4,,29,16,16.0000,17,16,true,0.0101,16.0000
E6,random,2270,10,20,30,63,0,greedy,manhattan,4,,20,16,16.0000,17,19,true,0.0078,16.0000
E6,random,2270,10,20,30,63,0,swarm,manhattan,4,,20,16,16.0000,17,19,true,0.0074,16.0000
E6,random,2270,10,20,30,63,0,convergent_swarm,manhattan,4,,20,16,16.0000,17,19,true,0.0069,16.0000
E6,random,2270,10,20,30,63,0,zero_one_bfs,manhattan,4,,55,0,30.0000,31,22,true,0.0190,16.0000
E6,random,3063,10,20,30,63,0,bfs,manhattan,4,,39,,,,5,false,0.0079,
E6,random,3063,10,20,30,63,0,dfs,manhattan,4,,39,,,,9,false,0.0093,
E6,random,3063,10,20,30,63,0,dijkstra,manhattan,4,,39,,,,7,false,0.0107,
E6,random,3063,10,20,30,63,0,a_star,manhattan,4,,39,,,,7,false,0.0116,
E6,random,3063,10,20,30,63,0,greedy,manhattan,4,,39,,,,8,false,0.0108,
E6,random,3063,10,20,30,63,0,swarm,manhattan,4,,39,,,,8,false,0.0101,
E6,random,3063,10,20,30,63,0,convergent_swarm,manhattan,4,,39,,,,8,false,0.0101,
E6,random,3063,10,20,30,63,0,zero_one_bfs,manhattan,4,,39,,,,9,false,0.0119,
E6,random,3158,10,20,30,60,0,bfs,manhattan,4,,94,14,14.0000,15,13,true,0.0194,14.0000
E6,random,3158,10,20,30,60,0,dfs,manhattan,4,,36,32,32.0000,33,29,true,0.0101,14.0000
E6,random,3158,10,20,30,60,0,dijkstra,manhattan,4,,94,14,14.0000,15,14,true,0.0267,14.0000
E6,random,3158,10,20,30,60,0,a_star,manhattan,4,,21,14,14.0000,15,15,true,0.0075,14.0000
E6,random,3158,10,20,30,60,0,greedy,manhattan,4,,19,14,14.0000,15,15,true,0.0072,14.0000
E6,random,3158,10,20,30,60,0,swarm,manhattan,4,,19,14,14.0000,15,15,true,0.0072,14.0000
E6,random,3158,10,20,30,60,0,convergent_swarm,manhattan,4,,19,14,14.0000,15,15,true,0.0071,14.0000
E6,random,3158,10,20,30,60,0,zero_one_bfs,manhattan,4,,30,0,28.0000,29,25,true,0.0334,14.0000
E6,random,3277,10,20,30,49,0,bfs,manhattan,4,,106,14,14.0000,15,14,true,0.0257,14.0000
E6,random,3277,10,20,30,49,0,dfs,manhattan,4,,56,40,40.0000,41,39,true,0.0162,14.0000
E6,random,3277,10,20,30,49,0,dijkstra,manhattan,4,,105,14,14.0000,15,13,true,0.0344,14.0000
E6,random,3277,10,20,30,49,0,a_star,manhattan,4,,32,14,14.0000,15,19,true,0.0125,14.0000
E6,random,3277,10,20,30,49,0,greedy,manhattan,4,,16,14,14.0000,15,16,true,0.0065,14.0000
E6,random,3277,10,20,30,49,0,swarm,manhattan,4,,16,14,14.0000,15,16,true,0.0057,14.0000
E6,random,3277,10,20,30,49,0,convergent_swarm,manhattan,4,,16,14,14.0000,15,16,true,0.0053,14.0000
E6,random,3277,10,20,30,49,0,zero_one_bfs,manhattan,4,,44,0,36.0000,37,33,true,0.0189,14.0000
E6,random,4070,10,20,30,68,0,bfs,manhattan,4,,103,20,20.0000,21,11,true,0.0230,20.0000
E6,random,4070,10,20,30,68,0,dfs,manhattan,4,,117,30,30.0000,31,33,true,0.0295,20.0000
E6,random,4070,10,20,30,68,0,dijkstra,manhattan,4,,106,20,20.0000,21,11,true,0.0310,20.0000
E6,random,4070,10,20,30,68,0,a_star,manhattan,4,,82,20,20.0000,21,15,true,0.0302,20.0000
E6,random,4070,10,20,30,68,0,greedy,manhattan,4,,32,20,20.0000,21,14,true,0.0107,20.0000
E6,random,4070,10,20,30,68,0,swarm,manhattan,4,,47,20,20.0000,21,14,true,0.0156,20.0000
E6,random,4070,10,20,30,68,0,convergent_swarm,manhattan,4,,36,20,20.0000,21,15,true,0.0116,20.0000
E6,random,4070,10,20,30,68,0,zero_one_bfs,manhattan,4,,110,0,22.0000,23,23,true,0.0356,20.0000
E6,random,4165,10,20,30,52,0,bfs,manhattan,4,,136,20,20.0000,21,14,true,0.0321,20.0000
E6,random,4165,10,20,30,52,0,dfs,manhattan,4,,108,40,40.0000,41,59,true,0.0348,20.0000
E6,random,4165,10,20,30,52,0,dijkstra,manhattan,4,,135,20,20.0000,21,16,true,0.0446,20.0000
E6,random,4165,10,20,30,52,0,a_star,manhattan,4,,99,20,20.0000,21,21,true,0.0346,20.0000
E6,random,4165,10,20,30,52,0,greedy,manhattan,4,,28,20,20.0000,21,20,true,0.0103,20.0000
E6,random,4165,10,20,30,52,0,swarm,manhattan,4,,41,20,20.0000,21,17,true,0.0140,20.0000
E6,random,4165,10,20,30,52,0,convergent_swarm,manhattan,4,,30,20,20.0000,21,19,true,0.0103,20.0000
E6,random,4165,10,20,30,52,0,zero_one_bfs,manhattan,4,,26,0,24.0000,25,23,true,0.0120,20.0000
E6,random,4284,10,20,30,56,0,bfs,manhattan,4,,95,12,12.0000,13,14,true,0.0389,12.0000
E6,random,4284,10,20,30,56,0,dfs,manhattan,4,,36,26,26.0000,27,23,true,0.0106,12.0000
E6,random,4284,10,20,30,56,0,dijkstra,manhattan,4,,96,12,12.0000,13,17,true,0.0296,12.0000
E6,random,4284,10,20,30,56,0,a_star,manhattan,4,,24,12,12.0000,13,13,true,0.0145,12.0000
E6,random,4284,10,20,30,56,0,greedy,manhattan,4,,15,14,14.0000,15,13,true,0.0082,12.0000
E6,random,4284,10,20,30,56,0,swarm,manhattan,4,,16,12,12.0000,13,13,true,0.0067,12.0000
E6,random,4284,10,20,30,56,0,convergent_swarm,manhattan,4,,15,14,14.0000,15,13,true,0.0057,12.0000
E6,random,4284,10,20,30,56,0,zero_one_bfs,manhattan,4,,49,0,42.0000,43,28,true,0.0187,12.0000
E6,random,5077,10,20,30,64,0,bfs,manhattan,4,,118,,,,15,false,0.0254,
E6,random,5077,10,20,30,64,0,dfs,manhattan,4,,118,,,,29,false,0.0304,
E6,random,5077,10,20,30,64,0,dijkstra,manhattan,4,,118,,,,15,false,0.0328,
E6,random,5077,10,20,30,64,0,a_star,manhattan,4,,118,,,,17,false,0.0364,
E6,random,5077,10,20,30,64,0,greedy,manhattan,4,,118,,,,13,false,0.0390,
E6,random,5077,10,20,30,64,0,swarm,manhattan,4,,118,,,,21,false,0.0594,
E6,random,5077,10,20,30,64,0,convergent_swarm,manhattan,4,,118,,,,16,false,0.0343,
E6,random,5077,10,20,30,64,0,zero_one_bfs,manhattan,4,,118,,,,17,false,0.0404,
E6,random,5172,10,20,30,56,0,bfs,manhattan,4,,96,18,18.0000,19,12,true,0.0207,18.0000
E6,random,5172,10,20,30,56,0,dfs,manhattan,4,,50,38,38.0000,39,34,true,0.0136,18.0000
E6,random,5172,10,20,30,56,0,dijkstra,manhattan,4,,97,18,18.0000,19,12,true,0.0265,18.0000
E6,random,5172,10,20,30,56,0,a_star,manhattan,4,,44,18,18.0000,19,22,true,0.0153,18.0000
E6,random,5172,10,20,30,56,0,greedy,manhattan,4,,22,18,18.0000,19,20,true,0.0088,18.0000
E6,random,5172,10,20,30,56,0,swarm,manhattan,4,,24,18,18.0000,19,21,true,0.0091,18.0000
E6,random,5172,10,20,30,56,0,convergent_swarm,manhattan,4,,22,18,18.0000,19,20,true,0.0079,18.0000
E6,random,5172,10,20,30,56,0,zero_one_bfs,manhattan,4,,47,0,42.0000,43,35,true,0.0189,18.0000
E6,random,5291,10,20,30,66,0,bfs,manhattan,4,,83,14,14.0000,15,10,true,0.0171,14.0000
E6,random,5291,10,20,30,66,0,dfs,manhattan,4,,37,18,18.0000,19,18,true,0.0100,14.0000
E6,random,5291,10,20,30,66,0,dijkstra,manhattan,4,,75,14,14.0000,15,9,true,0.0218,14.0000
E6,random,5291,10,20,30,66,0,a_star,manhattan,4,,25,14,14.0000,15,14,true,0.0087,14.0000
E6,random,5291,10,20,30,66,0,greedy,manhattan,4,,18,14,14.0000,15,14,true,0.0066,14.0000
E6,random,5291,10,20,30,66,0,swarm,manhattan,4,,18,14,14.0000,15,14,true,0.0071,14.0000
E6,random,5291,10,20,30,66,0,convergent_swarm,manhattan,4,,18,14,14.0000,15,14,true,0.0063,14.0000
E6,random,5291,10,20,30,66,0,zero_one_bfs,manhattan,4,,37,0,14.0000,15,12,true,0.0130,14.0000
E6,maze,42,10,20,30,126,0,bfs,manhattan,4,,73,52,52.0000,53,3,true,0.0136,52.0000
E6,maze,42,10,20,30,126,0,dfs,manhattan,4,,54,52,52.0000,53,5,true,0.0107,52.0000
E6,maze,42,10,20,30,126,0,dijkstra,manhattan,4,,72,52,52.0000,53,4,true,0.0154,52.0000
E6,maze,42,10,20,30,126,0,a_star,manhattan,4,,67,52,52.0000,53,4,true,0.0184,52.0000
E6,maze,42,10,20,30,126,0,greedy,manhattan,4,,54,52,52.0000,53,5,true,0.0126,52.0000
E6,maze,42,10,20,30,126,0,swarm,manhattan,4,,58,52,52.0000,53,5,true,0.0213,52.0000
E6,maze,42,10,20,30,126,0,convergent_swarm,manhattan,4,,55,52,52.0000,53,5,true,0.0243,52.0000
E6,maze,42,10,20,30,126,0,zero_one_bfs,manhattan,4,,54,0,52.0000,53,5,true,0.0156,52.0000
E6,maze,137,10,20,30,126,0,bfs,manhattan,4,,69,60,60.0000,61,3,true,0.0147,60.0000
E6,maze,137,10,20,30,126,0,dfs,manhattan,4,,60,60,60.0000,61,5,true,0.0144,60.0000
E6,maze,137,10,20,30,126,0,dijkstra,manhattan,4,,68,60,60.0000,61,3,true,0.0160,60.0000
E6,maze,137,10,20,30,126,0,a_star,manhattan,4,,67,60,60.0000,61,3,true,0.0208,60.0000
E6,maze,137,10,20,30,126,0,greedy,manhattan,4,,60,60,60.0000,61,5,true,0.0171,60.0000
E6,maze,137,10,20,30,126,0,swarm,manhattan,4,,65,60,60.0000,61,4,true,0.0161,60.0000
E6,maze,137,10,20,30,126,0,convergent_swarm,manhattan,4,,60,60,60.0000,61,5,true,0.0253,60.0000
E6,maze,137,10,20,30,126,0,zero_one_bfs,manhattan,4,,60,0,60.0000,61,5,true,0.0173,60.0000
E6,maze,256,10,20,30,126,0,bfs,manhattan,4,,59,36,36.0000,37,3,true,0.0110,36.0000
E6,maze,256,10,20,30,126,0,dfs,manhattan,4,,36,36,36.0000,37,5,true,0.0090,36.0000
E6,maze,256,10,20,30,126,0,dijkstra,manhattan,4,,58,36,36.0000,37,3,true,0.0126,36.0000
E6,maze,256,10,20,30,126,0,a_star,manhattan,4,,43,36,36.0000,37,5,true,0.0196,36.0000
E6,maze,256,10,20,30,126,0,greedy,manhattan,4,,38,36,36.0000,37,5,true,0.0091,36.0000
E6,maze,256,10,20,30,126,0,swarm,manhattan,4,,40,36,36.0000,37,5,true,0.0091,36.0000
E6,maze,256,10,20,30,126,0,convergent_swarm,manhattan,4,,39,36,36.0000,37,5,true,0.0091,36.0000
E6,maze,256,10,20,30,126,0,zero_one_bfs,manhattan,4,,36,0,36.0000,37,5,true,0.0186,36.0000
E6,maze,1049,10,20,30,126,0,bfs,manhattan,4,,49,40,40.0000,41,4,true,0.0090,40.0000
E6,maze,1049,10,20,30,126,0,dfs,manhattan,4,,42,40,40.0000,41,4,true,0.0085,40.0000
E6,maze,1049,10,20,30,126,0,dijkstra,manhattan,4,,48,40,40.0000,41,4,true,0.0108,40.0000
E6,maze,1049,10,20,30,126,0,a_star,manhattan,4,,43,40,40.0000,41,4,true,0.0097,40.0000
E6,maze,1049,10,20,30,126,0,greedy,manhattan,4,,42,40,40.0000,41,4,true,0.0096,40.0000
E6,maze,1049,10,20,30,126,0,swarm,manhattan,4,,42,40,40.0000,41,4,true,0.0095,40.0000
E6,maze,1049,10,20,30,126,0,convergent_swarm,manhattan,4,,42,40,40.0000,41,4,true,0.0099,40.0000
E6,maze,1049,10,20,30,126,0,zero_one_bfs,manhattan,4,,42,0,40.0000,41,4,true,0.0116,40.0000
E6,maze,1144,10,20,30,126,0,bfs,manhattan,4,,66,40,40.0000,41,4,true,0.0131,40.0000
E6,maze,1144,10,20,30,126,0,dfs,manhattan,4,,40,40,40.0000,41,5,true,0.0081,40.0000
E6,maze,1144,10,20,30,126,0,dijkstra,manhattan,4,,67,40,40.0000,41,4,true,0.0158,40.0000
E6,maze,1144,10,20,30,126,0,a_star,manhattan,4,,43,40,40.0000,41,5,true,0.0101,40.0000
E6,maze,1144,10,20,30,126,0,greedy,manhattan,4,,40,40,40.0000,41,5,true,0.0103,40.0000
E6,maze,1144,10,20,30,126,0,swarm,manhattan,4,,40,40,40.0000,41,5,true,0.0090,40.0000
E6,maze,1144,10,20,30,126,0,convergent_swarm,manhattan,4,,40,40,40.0000,41,5,true,0.0139,40.0000
E6,maze,1144,10,20,30,126,0,zero_one_bfs,manhattan,4,,40,0,40.0000,41,5,true,0.0112,40.0000
E6,maze,1263,10,20,30,126,0,bfs,manhattan,4,,69,60,60.0000,61,3,true,0.0123,60.0000
E6,maze,1263,10,20,30,126,0,dfs,manhattan,4,,60,60,60.0000,61,5,true,0.0116,60.0000
E6,maze,1263,10,20,30,126,0,dijkstra,manhattan,4,,68,60,60.0000,61,3,true,0.0156,60.0000
E6,maze,1263,10,20,30,126,0,a_star,manhattan,4,,63,60,60.0000,61,4,true,0.0146,60.0000
E6,maze,1263,10,20,30,126,0,greedy,manhattan,4,,62,60,60.0000,61,4,true,0.0156,60.0000
E6,maze,1263,10,20,30,126,0,swarm,manhattan,4,,62,60,60.0000,61,4,true,0.0139,60.0000
E6,maze,1263,10,20,30,126,0,convergent_swarm,manhattan,4,,62,60,60.0000,61,4,true,0.0141,60.0000
E6,maze,1263,10,20,30,126,0,zero_one_bfs,manhattan,4,,60,0,60.0000,61,5,true,0.0175,60.0000
E6,maze,2056,10,20,30,126,0,bfs,manhattan,4,,64,48,48.0000,49,3,true,0.0116,48.0000
E6,maze,2056,10,20,30,126,0,dfs,manhattan,4,,48,48,48.0000,49,5,true,0.0090,48.0000
E6,maze,2056,10,20,30,126,0,dijkstra,manhattan,4,,64,48,48.0000,49,3,true,0.0151,48.0000
E6,maze,2056,10,20,30,126,0,a_star,manhattan,4,,61,48,48.0000,49,4,true,0.0140,48.0000
E6,maze,2056,10,20,30,126,0,greedy,manhattan,4,,50,48,48.0000,49,5,true,0.0123,48.0000
E6,maze,2056,10,20,30,126,0,swarm,manhattan,4,,52,48,48.0000,49,4,true,0.0113,48.0000
E6,maze,2056,10,20,30,126,0,convergent_swarm,manhattan,4,,51,48,48.0000,49,5,true,0.0108,48.0000
E6,maze,2056,10,20,30,126,0,zero_one_bfs,manhattan,4,,48,0,48.0000,49,5,true,0.0123,48.0000
E6,maze,2151,10,20,30,126,0,bfs,manhattan,4,,61,44,44.0000,45,3,true,0.0098,44.0000
E6,maze,2151,10,20,30,126,0,dfs,manhattan,4,,44,44,44.0000,45,4,true,0.0085,44.0000
E6,maze,2151,10,20,30,126,0,dijkstra,manhattan,4,,60,44,44.0000,45,4,true,0.0125,44.0000
E6,maze,2151,10,20,30,126,0,a_star,manhattan,4,,47,44,44.0000,45,4,true,0.0103,44.0000
E6,maze,2151,10,20,30,126,0,greedy,manhattan,4,,44,44,44.0000,45,4,true,0.0102,44.0000
E6,maze,2151,10,20,30,126,0,swarm,manhattan,4,,44,44,44.0000,45,4,true,0.0139,44.0000
E6,maze,2151,10,20,30,126,0,convergent_swarm,manhattan,4,,44,44,44.0000,45,4,true,0.0095,44.0000
E6,maze,2151,10,20,30,126,0,zero_one_bfs,manhattan,4,,44,0,44.0000,45,4,true,0.0114,44.0000
E6,maze,2270,10,20,30,126,0,bfs,manhattan,4,,47,32,32.0000,33,3,true,0.0091,32.0000
E6,maze,2270,10,20,30,126,0,dfs,manhattan,4,,32,32,32.0000,33,5,true,0.0067,32.0000
E6,maze,2270,10,20,30,126,0,dijkstra,manhattan,4,,47,32,32.0000,33,5,true,0.0106,32.0000
E6,maze,2270,10,20,30,126,0,a_star,manhattan,4,,37,32,32.0000,33,5,true,0.0092,32.0000
E6,maze,2270,10,20,30,126,0,greedy,manhattan,4,,32,32,32.0000,33,5,true,0.0082,32.0000
E6,maze,2270,10,20,30,126,0,swarm,manhattan,4,,34,32,32.0000,33,5,true,0.0085,32.0000
E6,maze,2270,10,20,30,126,0,convergent_swarm,manhattan,4,,33,32,32.0000,33,5,true,0.0082,32.0000
E6,maze,2270,10,20,30,126,0,zero_one_bfs,manhattan,4,,32,0,32.0000,33,5,true,0.0090,32.0000
E6,maze,3063,10,20,30,126,0,bfs,manhattan,4,,65,52,52.0000,53,3,true,0.0115,52.0000
E6,maze,3063,10,20,30,126,0,dfs,manhattan,4,,52,52,52.0000,53,5,true,0.0094,52.0000
E6,maze,3063,10,20,30,126,0,dijkstra,manhattan,4,,64,52,52.0000,53,3,true,0.0142,52.0000
E6,maze,3063,10,20,30,126,0,a_star,manhattan,4,,57,52,52.0000,53,4,true,0.0129,52.0000
E6,maze,3063,10,20,30,126,0,greedy,manhattan,4,,52,52,52.0000,53,5,true,0.0112,52.0000
E6,maze,3063,10,20,30,126,0,swarm,manhattan,4,,53,52,52.0000,53,5,true,0.0113,52.0000
E6,maze,3063,10,20,30,126,0,convergent_swarm,manhattan,4,,52,52,52.0000,53,5,true,0.0115,52.0000
E6,maze,3063,10,20,30,126,0,zero_one_bfs,manhattan,4,,52,0,52.0000,53,5,true,0.0127,52.0000
E6,maze,3158,10,20,30,126,0,bfs,manhattan,4,,27,24,24.0000,25,3,true,0.0044,24.0000
E6,maze,3158,10,20,30,126,0,dfs,manhattan,4,,24,24,24.0000,25,3,true,0.0043,24.0000
E6,maze,3158,10,20,30,126,0,dijkstra,manhattan,4,,26,24,24.0000,25,3,true,0.0056,24.0000
E6,maze,3158,10,20,30,126,0,a_star,manhattan,4,,25,24,24.0000,25,3,true,0.0058,24.0000
E6,maze,3158,10,20,30,126,0,greedy,manhattan,4,,24,24,24.0000,25,3,true,0.0056,24.0000
E6,maze,3158,10,20,30,126,0,swarm,manhattan,4,,24,24,24.0000,25,3,true,0.0046,24.0000
E6,maze,3158,10,20,30,126,0,convergent_swarm,manhattan,4,,24,24,24.0000,25,3,true,0.0051,24.0000
E6,maze,3158,10,20,30,126,0,zero_one_bfs,manhattan,4,,24,0,24.0000,25,3,true,0.0062,24.0000
E6,maze,3277,10,20,30,126,0,bfs,manhattan,4,,31,24,24.0000,25,4,true,0.0059,24.0000
E6,maze,3277,10,20,30,126,0,dfs,manhattan,4,,24,24,24.0000,25,4,true,0.0045,24.0000
E6,maze,3277,10,20,30,126,0,dijkstra,manhattan,4,,30,24,24.0000,25,4,true,0.0069,24.0000
E6,maze,3277,10,20,30,126,0,a_star,manhattan,4,,25,24,24.0000,25,4,true,0.0055,24.0000
E6,maze,3277,10,20,30,126,0,greedy,manhattan,4,,24,24,24.0000,25,4,true,0.0054,24.0000
E6,maze,3277,10,20,30,126,0,swarm,manhattan,4,,24,24,24.0000,25,4,true,0.0059,24.0000
E6,maze,3277,10,20,30,126,0,convergent_swarm,manhattan,4,,24,24,24.0000,25,4,true,0.0055,24.0000
E6,maze,3277,10,20,30,126,0,zero_one_bfs,manhattan,4,,24,0,24.0000,25,4,true,0.0106,24.0000
E6,maze,4070,10,20,30,126,0,bfs,manhattan,4,,73,64,64.0000,65,2,true,0.0129,64.0000
E6,maze,4070,10,20,30,126,0,dfs,manhattan,4,,64,64,64.0000,65,3,true,0.0127,64.0000
E6,maze,4070,10,20,30,126,0,dijkstra,manhattan,4,,73,64,64.0000,65,2,true,0.0160,64.0000
E6,maze,4070,10,20,30,126,0,a_star,manhattan,4,,73,64,64.0000,65,2,true,0.0178,64.0000
E6,maze,4070,10,20,30,126,0,greedy,manhattan,4,,64,64,64.0000,65,3,true,0.0151,64.0000
E6,maze,4070,10,20,30,126,0,swarm,manhattan,4,,72,64,64.0000,65,2,true,0.0166,64.0000
E6,maze,4070,10,20,30,126,0,convergent_swarm,manhattan,4,,64,64,64.0000,65,3,true,0.0142,64.0000
E6,maze,4070,10,20,30,126,0,zero_one_bfs,manhattan,4,,64,0,64.0000,65,3,true,0.0167,64.0000
E6,maze,4165,10,20,30,126,0,bfs,manhattan,4,,37,28,28.0000,29,3,true,0.0069,28.0000
E6,maze,4165,10,20,30,126,0,dfs,manhattan,4,,28,28,28.0000,29,5,true,0.0057,28.0000
E6,maze,4165,10,20,30,126,0,dijkstra,manhattan,4,,36,28,28.0000,29,3,true,0.0082,28.0000
E6,maze,4165,10,20,30,126,0,a_star,manhattan,4,,31,28,28.0000,29,5,true,0.0078,28.0000
E6,maze,4165,10,20,30,126,0,greedy,manhattan,4,,28,28,28.0000,29,5,true,0.0078,28.0000
E6,maze,4165,10,20,30,126,0,swarm,manhattan,4,,28,28,28.0000,29,5,true,0.0069,28.0000
E6,maze,4165,10,20,30,126,0,convergent_swarm,manhattan,4,,28,28,28.0000,29,5,true,0.0061,28.0000
E6,maze,4165,10,20,30,126,0,zero_one_bfs,manhattan,4,,28,0,28.0000,29,5,true,0.0078,28.0000
E6,maze,4284,10,20,30,126,0,bfs,manhattan,4,,69,40,40.0000,41,4,true,0.0136,40.0000
E6,maze,4284,10,20,30,126,0,dfs,manhattan,4,,40,40,40.0000,41,5,true,0.0083,40.0000
E6,maze,4284,10,20,30,126,0,dijkstra,manhattan,4,,68,40,40.0000,41,4,true,0.0162,40.0000
E6,maze,4284,10,20,30,126,0,a_star,manhattan,4,,47,40,40.0000,41,5,true,0.0115,40.0000
E6,maze,4284,10,20,30,126,0,greedy,manhattan,4,,44,40,40.0000,41,5,true,0.0100,40.0000
E6,maze,4284,10,20,30,126,0,swarm,manhattan,4,,45,40,40.0000,41,5,true,0.0101,40.0000
E6,maze,4284,10,20,30,126,0,convergent_swarm,manhattan,4,,44,40,40.0000,41,5,true,0.0093,40.0000
E6,maze,4284,10,20,30,126,0,zero_one_bfs,manhattan,4,,40,0,40.0000,41,5,true,0.0105,40.0000
E6,maze,5077,10,20,30,126,0,bfs,manhattan,4,,33,28,28.0000,29,3,true,0.0059,28.0000
E6,maze,5077,10,20,30,126,0,dfs,manhattan,4,,28,28,28.0000,29,4,true,0.0053,28.0000
E6,maze,5077,10,20,30,126,0,dijkstra,manhattan,4,,32,28,28.0000,29,3,true,0.0080,28.0000
E6,maze,5077,10,20,30,126,0,a_star,manhattan,4,,29,28,28.0000,29,4,true,0.0066,28.0000
E6,maze,5077,10,20,30,126,0,greedy,manhattan,4,,28,28,28.0000,29,4,true,0.0061,28.0000
E6,maze,5077,10,20,30,126,0,swarm,manhattan,4,,28,28,28.0000,29,4,true,0.0060,28.0000
E6,maze,5077,10,20,30,126,0,convergent_swarm,manhattan,4,,28,28,28.0000,29,4,true,0.0059,28.0000
E6,maze,5077,10,20,30,126,0,zero_one_bfs,manhattan,4,,28,0,28.0000,29,4,true,0.0070,28.0000
E6,maze,5172,10,20,30,126,0,bfs,manhattan,4,,59,44,44.0000,45,3,true,0.0096,44.0000
E6,maze,5172,10,20,30,126,0,dfs,manhattan,4,,44,44,44.0000,45,6,true,0.0083,44.0000
E6,maze,5172,10,20,30,126,0,dijkstra,manhattan,4,,58,44,44.0000,45,3,true,0.0112,44.0000
E6,maze,5172,10,20,30,126,0,a_star,manhattan,4,,53,44,44.0000,45,3,true,0.0118,44.0000
E6,maze,5172,10,20,30,126,0,greedy,manhattan,4,,46,44,44.0000,45,6,true,0.0111,44.0000
E6,maze,5172,10,20,30,126,0,swarm,manhattan,4,,47,44,44.0000,45,6,true,0.0109,44.0000
E6,maze,5172,10,20,30,126,0,convergent_swarm,manhattan,4,,46,44,44.0000,45,6,true,0.0106,44.0000
E6,maze,5172,10,20,30,126,0,zero_one_bfs,manhattan,4,,44,0,44.0000,45,6,true,0.0114,44.0000
E6,maze,5291,10,20,30,126,0,bfs,manhattan,4,,73,56,56.0000,57,2,true,0.0130,56.0000
E6,maze,5291,10,20,30,126,0,dfs,manhattan,4,,56,56,56.0000,57,6,true,0.0103,56.0000
E6,maze,5291,10,20,30,126,0,dijkstra,manhattan,4,,73,56,56.0000,57,2,true,0.0164,56.0000
E6,maze,5291,10,20,30,126,0,a_star,manhattan,4,,69,56,56.0000,57,3,true,0.0177,56.0000
E6,maze,5291,10,20,30,126,0,greedy,manhattan,4,,58,56,56.0000,57,5,true,0.0127,56.0000
E6,maze,5291,10,20,30,126,0,swarm,manhattan,4,,60,56,56.0000,57,5,true,0.0147,56.0000
E6,maze,5291,10,20,30,126,0,convergent_swarm,manhattan,4,,58,56,56.0000,57,5,true,0.0165,56.0000
E6,maze,5291,10,20,30,126,0,zero_one_bfs,manhattan,4,,56,0,56.0000,57,6,true,0.0140,56.0000
E6,open,42,10,20,30,0,0,bfs,manhattan,4,,134,10,10.0000,11,20,true,0.0342,10.0000
E6,open,42,10,20,30,0,0,dfs,manhattan,4,,10,10,10.0000,11,22,true,0.0043,10.0000
E6,open,42,10,20,30,0,0,dijkstra,manhattan,4,,125,10,10.0000,11,24,true,0.0439,10.0000
E6,open,42,10,20,30,0,0,a_star,manhattan,4,,10,10,10.0000,11,22,true,0.0052,10.0000
E6,open,42,10,20,30,0,0,greedy,manhattan,4,,10,10,10.0000,11,22,true,0.0054,10.0000
E6,open,42,10,20,30,0,0,swarm,manhattan,4,,10,10,10.0000,11,22,true,0.0051,10.0000
E6,open,42,10,20,30,0,0,convergent_swarm,manhattan,4,,10,10,10.0000,11,22,true,0.0048,10.0000
E6,open,42,10,20,30,0,0,zero_one_bfs,manhattan,4,,10,0,10.0000,11,22,true,0.0057,10.0000
E6,open,137,10,20,30,0,0,bfs,manhattan,4,,134,10,10.0000,11,20,true,0.0329,10.0000
E6,open,137,10,20,30,0,0,dfs,manhattan,4,,10,10,10.0000,11,22,true,0.0038,10.0000
E6,open,137,10,20,30,0,0,dijkstra,manhattan,4,,125,10,10.0000,11,24,true,0.0409,10.0000
E6,open,137,10,20,30,0,0,a_star,manhattan,4,,10,10,10.0000,11,22,true,0.0047,10.0000
E6,open,137,10,20,30,0,0,greedy,manhattan,4,,10,10,10.0000,11,22,true,0.0053,10.0000
E6,open,137,10,20,30,0,0,swarm,manhattan,4,,10,10,10.0000,11,22,true,0.0044,10.0000
E6,open,137,10,20,30,0,0,convergent_swarm,manhattan,4,,10,10,10.0000,11,22,true,0.0042,10.0000
E6,open,137,10,20,30,0,0,zero_one_bfs,manhattan,4,,10,0,10.0000,11,22,true,0.0050,10.0000
E6,open,256,10,20,30,0,0,bfs,manhattan,4,,134,10,10.0000,11,20,true,0.0316,10.0000
E6,open,256,10,20,30,0,0,dfs,manhattan,4,,10,10,10.0000,11,22,true,0.0034,10.0000
E6,open,256,10,20,30,0,0,dijkstra,manhattan,4,,125,10,10.0000,11,24,true,0.0403,10.0000
E6,open,256,10,20,30,0,0,a_star,manhattan,4,,10,10,10.0000,11,22,true,0.0047,10.0000
E6,open,256,10,20,30,0,0,greedy,manhattan,4,,10,10,10.0000,11,22,true,0.0047,10.0000
E6,open,256,10,20,30,0,0,swarm,manhattan,4,,10,10,10.0000,11,22,true,0.0047,10.0000
E6,open,256,10,20,30,0,0,convergent_swarm,manhattan,4,,10,10,10.0000,11,22,true,0.0044,10.0000
E6,open,256,10,20,30,0,0,zero_one_bfs,manhattan,4,,10,0,10.0000,11,22,true,0.0047,10.0000
E6,open,1049,10,20,30,0,0,bfs,manhattan,4,,134,10,10.0000,11,20,true,0.0319,10.0000
E6,open,1049,10,20,30,0,0,dfs,manhattan,4,,10,10,10.0000,11,22,true,0.0033,10.0000
E6,open,1049,10,20,30,0,0,dijkstra,manhattan,4,,125,10,10.0000,11,24,true,0.0408,10.0000
E6,open,1049,10,20,30,0,0,a_star,manhattan,4,,10,10,10.0000,11,22,true,0.0048,10.0000
E6,open,1049,10,20,30,0,0,greedy,manhattan,4,,10,10,10.0000,11,22,true,0.0044,10.0000
E6,open,1049,10,20,30,0,0,swarm,manhattan,4,,10,10,10.0000,11,22,true,0.0043,10.0000
E6,open,1049,10,20,30,0,0,convergent_swarm,manhattan,4,,10,10,10.0000,11,22,true,0.0042,10.0000
E6,open,1049,10,20,30,0,0,zero_one_bfs,manhattan,4,,10,0,10.0000,11,22,true,0.0046,10.0000
E6,open,1144,10,20,30,0,0,bfs,manhattan,4,,134,10,10.0000,11,20,true,0.0306,10.0000
E6,open,1144,10,20,30,0,0,dfs,manhattan,4,,10,10,10.0000,11,22,true,0.0034,10.0000
E6,open,1144,10,20,30,0,0,dijkstra,manhattan,4,,125,10,10.0000,11,24,true,0.0406,10.0000
E6,open,1144,10,20,30,0,0,a_star,manhattan,4,,10,10,10.0000,11,22,true,0.0047,10.0000
E6,open,1144,10,20,30,0,0,greedy,manhattan,4,,10,10,10.0000,11,22,true,0.0044,10.0000
E6,open,1144,10,20,30,0,0,swarm,manhattan,4,,10,10,10.0000,11,22,true,0.0042,10.0000
E6,open,1144,10,20,30,0,0,convergent_swarm,manhattan,4,,10,10,10.0000,11,22,true,0.0042,10.0000
E6,open,1144,10,20,30,0,0,zero_one_bfs,manhattan,4,,10,0,10.0000,11,22,true,0.0045,10.0000
E6,open,1263,10,20,30,0,0,bfs,manhattan,4,,134,10,10.0000,11,20,true,0.0314,10.0000
E6,open,1263,10,20,30,0,0,dfs,manhattan,4,,10,10,10.0000,11,22,true,0.0029,10.0000
E6,open,1263,10,20,30,0,0,dijkstra,manhattan,4,,125,10,10.0000,11,24,true,0.0437,10.0000
E6,open,1263,10,20,30,0,0,a_star,manhattan,4,,10,10,10.0000,11,22,true,0.0047,10.0000
E6,open,1263,10,20,30,0,0,greedy,manhattan,4,,10,10,10.0000,11,22,true,0.0043,10.0000
E6,open,1263,10,20,30,0,0,swarm,manhattan,4,,10,10,10.0000,11,22,true,0.0041,10.0000
E6,open,1263,10,20,30,0,0,convergent_swarm,manhattan,4,,10,10,10.0000,11,22,true,0.0042,10.0000
E6,open,1263,10,20,30,0,0,zero_one_bfs,manhattan,4,,10,0,10.0000,11,22,true,0.0043,10.0000
E6,open,2056,10,20,30,0,0,bfs,manhattan,4,,134,10,10.0000,11,20,true,0.0309,10.0000
E6,open,2056,10,20,30,0,0,dfs,manhattan,4,,10,10,10.0000,11,22,true,0.0030,10.0000
E6,open,2056,10,20,30,0,0,dijkstra,manhattan,4,,125,10,10.0000,11,24,true,0.0389,10.0000
E6,open,2056,10,20,30,0,0,a_star,manhattan,4,,10,10,10.0000,11,22,true,0.0042,10.0000
E6,open,2056,10,20,30,0,0,greedy,manhattan,4,,10,10,10.0000,11,22,true,0.0044,10.0000
E6,open,2056,10,20,30,0,0,swarm,manhattan,4,,10,10,10.0000,11,22,true,0.0042,10.0000
E6,open,2056,10,20,30,0,0,convergent_swarm,manhattan,4,,10,10,10.0000,11,22,true,0.0042,10.0000
E6,open,2056,10,20,30,0,0,zero_one_bfs,manhattan,4,,10,0,10.0000,11,22,true,0.0043,10.0000
E6,open,2151,10,20,30,0,0,bfs,manhattan,4,,134,10,10.0000,11,20,true,0.0324,10.0000
E6,open,2151,10,20,30,0,0,dfs,manhattan,4,,10,10,10.0000,11,22,true,0.0031,10.0000
E6,open,2151,10,20,30,0,0,dijkstra,manhattan,4,,125,10,10.0000,11,24,true,0.0407,10.0000
E6,open,2151,10,20,30,0,0,a_star,manhattan,4,,10,10,10.0000,11,22,true,0.0044,10.0000
E6,open,2151,10,20,30,0,0,greedy,manhattan,4,,10,10,10.0000,11,22,true,0.0045,10.0000
E6,open,2151,10,20,30,0,0,swarm,manhattan,4,,10,10,10.0000,11,22,true,0.0042,10.0000
E6,open,2151,10,20,30,0,0,convergent_swarm,manhattan,4,,10,10,10.0000,11,22,true,0.0043,10.0000
E6,open,2151,10,20,30,0,0,zero_one_bfs,manhattan,4,,10,0,10.0000,11,22,true,0.0043,10.0000
E6,open,2270,10,20,30,0,0,bfs,manhattan,4,,134,10,10.0000,11,20,true,0.0316,10.0000
E6,open,2270,10,20,30,0,0,dfs,manhattan,4,,10,10,10.0000,11,22,true,0.0031,10.0000
E6,open,2270,10,20,30,0,0,dijkstra,manhattan,4,,125,10,10.0000,11,24,true,0.0419,10.0000
E6,open,2270,10,20,30,0,0,a_star,manhattan,4,,10,10,10.0000,11,22,true,0.0051,10.0000
E6,open,2270,10,20,30,0,0,greedy,manhattan,4,,10,10,10.0000,11,22,true,0.0044,10.0000
E6,open,2270,10,20,30,0,0,swarm,manhattan,4,,10,10,10.0000,11,22,true,0.0045,10.0000
E6,open,2270,10,20,30,0,0,convergent_swarm,manhattan,4,,10,10,10.0000,11,22,true,0.0042,10.0000
E6,open,2270,10,20,30,0,0,zero_one_bfs,manhattan,4,,10,0,10.0000,11,22,true,0.0045,10.0000
E6,open,3063,10,20,30,0,0,bfs,manhattan,4,,134,10,10.0000,11,20,true,0.0325,10.0000
E6,open,3063,10,20,30,0,0,dfs,manhattan,4,,10,10,10.0000,11,22,true,0.0033,10.0000
E6,open,3063,10,20,30,0,0,dijkstra,manhattan,4,,125,10,10.0000,11,24,true,0.0404,10.0000
E6,open,3063,10,20,30,0,0,a_star,manhattan,4,,10,10,10.0000,11,22,true,0.0047,10.0000
E6,open,3063,10,20,30,0,0,greedy,manhattan,4,,10,10,10.0000,11,22,true,0.0048,10.0000
E6,open,3063,10,20,30,0,0,swarm,manhattan,4,,10,10,10.0000,11,22,true,0.0044,10.0000
E6,open,3063,10,20,30,0,0,convergent_swarm,manhattan,4,,10,10,10.0000,11,22,true,0.0045,10.0000
E6,open,3063,10,20,30,0,0,zero_one_bfs,manhattan,4,,10,0,10.0000,11,22,true,0.0044,10.0000
E6,open,3158,10,20,30,0,0,bfs,manhattan,4,,134,10,10.0000,11,20,true,0.0328,10.0000
E6,open,3158,10,20,30,0,0,dfs,manhattan,4,,10,10,10.0000,11,22,true,0.0029,10.0000
E6,open,3158,10,20,30,0,0,dijkstra,manhattan,4,,125,10,10.0000,11,24,true,0.0439,10.0000
E6,open,3158,10,20,30,0,0,a_star,manhattan,4,,10,10,10.0000,11,22,true,0.0047,10.0000
E6,open,3158,10,20,30,0,0,greedy,manhattan,4,,10,10,10.0000,11,22,true,0.0049,10.0000
E6,open,3158,10,20,30,0,0,swarm,manhattan,4,,10,10,10.0000,11,22,true,0.0042,10.0000
E6,open,3158,10,20,30,0,0,convergent_swarm,manhattan,4,,10,10,10.0000,11,22,true,0.0041,10.0000
E6,open,3158,10,20,30,0,0,zero_one_bfs,manhattan,4,,10,0,10.0000,11,22,true,0.0044,10.0000
E6,open,3277,10,20,30,0,0,bfs,manhattan,4,,134,10,10.0000,11,20,true,0.0314,10.0000
E6,open,3277,10,20,30,0,0,dfs,manhattan,4,,10,10,10.0000,11,22,true,0.0035,10.0000
E6,open,3277,10,20,30,0,0,dijkstra,manhattan,4,,125,10,10.0000,11,24,true,0.0410,10.0000
E6,open,3277,10,20,30,0,0,a_star,manhattan,4,,10,10,10.0000,11,22,true,0.0047,10.0000
E6,open,3277,10,20,30,0,0,greedy,manhattan,4,,10,10,10.0000,11,22,true,0.0079,10.0000
E6,open,3277,10,20,30,0,0,swarm,manhattan,4,,10,10,10.0000,11,22,true,0.0042,10.0000
E6,open,3277,10,20,30,0,0,convergent_swarm,manhattan,4,,10,10,10.0000,11,22,true,0.0310,10.0000
E6,open,3277,10,20,30,0,0,zero_one_bfs,manhattan,4,,10,0,10.0000,11,22,true,0.0088,10.0000
E6,open,4070,10,20,30,0,0,bfs,manhattan,4,,134,10,10.0000,11,20,true,0.0506,10.0000
E6,open,4070,10,20,30,0,0,dfs,manhattan,4,,10,10,10.0000,11,22,true,0.0059,10.0000
E6,open,4070,10,20,30,0,0,dijkstra,manhattan,4,,125,10,10.0000,11,24,true,0.0660,10.0000
E6,open,4070,10,20,30,0,0,a_star,manhattan,4,,10,10,10.0000,11,22,true,0.0077,10.0000
E6,open,4070,10,20,30,0,0,greedy,manhattan,4,,10,10,10.0000,11,22,true,0.0074,10.0000
E6,open,4070,10,20,30,0,0,swarm,manhattan,4,,10,10,10.0000,11,22,true,0.0140,10.0000
E6,open,4070,10,20,30,0,0,convergent_swarm,manhattan,4,,10,10,10.0000,11,22,true,0.0065,10.0000
E6,open,4070,10,20,30,0,0,zero_one_bfs,manhattan,4,,10,0,10.0000,11,22,true,0.0080,10.0000
E6,open,4165,10,20,30,0,0,bfs,manhattan,4,,134,10,10.0000,11,20,true,0.0355,10.0000
E6,open,4165,10,20,30,0,0,dfs,manhattan,4,,10,10,10.0000,11,22,true,0.0036,10.0000
E6,open,4165,10,20,30,0,0,dijkstra,manhattan,4,,125,10,10.0000,11,24,true,0.0447,10.0000
E6,open,4165,10,20,30,0,0,a_star,manhattan,4,,10,10,10.0000,11,22,true,0.0051,10.0000
E6,open,4165,10,20,30,0,0,greedy,manhattan,4,,10,10,10.0000,11,22,true,0.0050,10.0000
E6,open,4165,10,20,30,0,0,swarm,manhattan,4,,10,10,10.0000,11,22,true,0.0046,10.0000
E6,open,4165,10,20,30,0,0,convergent_swarm,manhattan,4,,10,10,10.0000,11,22,true,0.0043,10.0000
E6,open,4165,10,20,30,0,0,zero_one_bfs,manhattan,4,,10,0,10.0000,11,22,true,0.0057,10.0000
E6,open,4284,10,20,30,0,0,bfs,manhattan,4,,134,10,10.0000,11,20,true,0.0340,10.0000
E6,open,4284,10,20,30,0,0,dfs,manhattan,4,,10,10,10.0000,11,22,true,0.0039,10.0000
E6,open,4284,10,20,30,0,0,dijkstra,manhattan,4,,125,10,10.0000,11,24,true,0.0425,10.0000
E6,open,4284,10,20,30,0,0,a_star,manhattan,4,,10,10,10.0000,11,22,true,0.0051,10.0000
E6,open,4284,10,20,30,0,0,greedy,manhattan,4,,10,10,10.0000,11,22,true,0.0051,10.0000
E6,open,4284,10,20,30,0,0,swarm,manhattan,4,,10,10,10.0000,11,22,true,0.0044,10.0000
E6,open,4284,10,20,30,0,0,convergent_swarm,manhattan,4,,10,10,10.0000,11,22,true,0.0042,10.0000
E6,open,4284,10,20,30,0,0,zero_one_bfs,manhattan,4,,10,0,10.0000,11,22,true,0.0051,10.0000
E6,open,5077,10,20,30,0,0,bfs,manhattan,4,,134,10,10.0000,11,20,true,0.0334,10.0000
E6,open,5077,10,20,30,0,0,dfs,manhattan,4,,10,10,10.0000,11,22,true,0.0033,10.0000
E6,open,5077,10,20,30,0,0,dijkstra,manhattan,4,,125,10,10.0000,11,24,true,0.0421,10.0000
E6,open,5077,10,20,30,0,0,a_star,manhattan,4,,10,10,10.0000,11,22,true,0.0046,10.0000
E6,open,5077,10,20,30,0,0,greedy,manhattan,4,,10,10,10.0000,11,22,true,0.0049,10.0000
E6,open,5077,10,20,30,0,0,swarm,manhattan,4,,10,10,10.0000,11,22,true,0.0043,10.0000
E6,open,5077,10,20,30,0,0,convergent_swarm,manhattan,4,,10,10,10.0000,11,22,true,0.0043,10.0000
E6,open,5077,10,20,30,0,0,zero_one_bfs,manhattan,4,,10,0,10.0000,11,22,true,0.0051,10.0000
E6,open,5172,10,20,30,0,0,bfs,manhattan,4,,134,10,10.0000,11,20,true,0.0325,10.0000
E6,open,5172,10,20,30,0,0,dfs,manhattan,4,,10,10,10.0000,11,22,true,0.0040,10.0000
E6,open,5172,10,20,30,0,0,dijkstra,manhattan,4,,125,10,10.0000,11,24,true,0.0403,10.0000
E6,open,5172,10,20,30,0,0,a_star,manhattan,4,,10,10,10.0000,11,22,true,0.0045,10.0000
E6,open,5172,10,20,30,0,0,greedy,manhattan,4,,10,10,10.0000,11,22,true,0.0048,10.0000
E6,open,5172,10,20,30,0,0,swarm,manhattan,4,,10,10,10.0000,11,22,true,0.0041,10.0000
E6,open,5172,10,20,30,0,0,convergent_swarm,manhattan,4,,10,10,10.0000,11,22,true,0.0042,10.0000
E6,open,5172,10,20,30,0,0,zero_one_bfs,manhattan,4,,10,0,10.0000,11,22,true,0.0047,10.0000
E6,open,5291,10,20,30,0,0,bfs,manhattan,4,,134,10,10.0000,11,20,true,0.0325,10.0000
E6,open,5291,10,20,30,0,0,dfs,manhattan,4,,10,10,10.0000,11,22,true,0.0036,10.0000
E6,open,5291,10,20,30,0,0,dijkstra,manhattan,4,,125,10,10.0000,11,24,true,0.0418,10.0000
E6,open,5291,10,20,30,0,0,a_star,manhattan,4,,10,10,10.0000,11,22,true,0.0045,10.0000
E6,open,5291,10,20,30,0,0,greedy,manhattan,4,,10,10,10.0000,11,22,true,0.0047,10.0000
E6,open,5291,10,20,30,0,0,swarm,manhattan,4,,10,10,10.0000,11,22,true,0.0043,10.0000
E6,open,5291,10,20,30,0,0,convergent_swarm,manhattan,4,,10,10,10.0000,11,22,true,0.0039,10.0000
E6,open,5291,10,20,30,0,0,zero_one_bfs,manhattan,4,,10,0,10.0000,11,22,true,0.0046,10.0000
E6,random,42,25,50,30,359,0,bfs,manhattan,4,,589,37,37.0000,38,43,true,0.1424,37.0000
E6,random,42,25,50,30,359,0,dfs,manhattan,4,,326,137,137.0000,138,145,true,0.0927,37.0000
E6,random,42,25,50,30,359,0,dijkstra,manhattan,4,,591,37,37.0000,38,44,true,0.2343,37.0000
E6,random,42,25,50,30,359,0,a_star,manhattan,4,,200,37,37.0000,38,44,true,0.0899,37.0000
E6,random,42,25,50,30,359,0,greedy,manhattan,4,,76,39,39.0000,40,37,true,0.0395,37.0000
E6,random,42,25,50,30,359,0,swarm,manhattan,4,,106,37,37.0000,38,34,true,0.0646,37.0000
E6,random,42,25,50,30,359,0,convergent_swarm,manhattan,4,,83,39,39.0000,40,37,true,0.0486,37.0000
E6,random,42,25,50,30,359,0,zero_one_bfs,manhattan,4,,229,0,123.0000,124,101,true,0.1518,37.0000
E6,random,137,25,50,30,383,0,bfs,manhattan,4,,732,91,91.0000,92,25,true,0.1704,91.0000
E6,random,137,25,50,30,383,0,dfs,manhattan,4,,343,277,277.0000,278,209,true,0.1181,91.0000
E6,random,137,25,50,30,383,0,dijkstra,manhattan,4,,728,91,91.0000,92,24,true,0.2283,91.0000
E6,random,137,25,50,30,383,0,a_star,manhattan,4,,618,91,91.0000,92,30,true,0.2095,91.0000
E6,random,137,25,50,30,383,0,greedy,manhattan,4,,217,97,97.0000,98,55,true,0.0766,91.0000
E6,random,137,25,50,30,383,0,swarm,manhattan,4,,538,91,91.0000,92,39,true,0.6033,91.0000
E6,random,137,25,50,30,383,0,convergent_swarm,manhattan,4,,295,91,91.0000,92,47,true,0.1033,91.0000
E6,random,137,25,50,30,383,0,zero_one_bfs,manhattan,4,,324,0,181.0000,182,122,true,0.1151,91.0000
E6,random,256,25,50,30,343,0,bfs,manhattan,4,,617,33,33.0000,34,40,true,0.1469,33.0000
E6,random,256,25,50,30,343,0,dfs,manhattan,4,,855,75,75.0000,76,213,true,0.2356,33.0000
E6,random,256,25,50,30,343,0,dijkstra,manhattan,4,,620,33,33.0000,34,47,true,0.2133,33.0000
E6,random,256,25,50,30,343,0,a_star,manhattan,4,,109,33,33.0000,34,37,true,0.0378,33.0000
E6,random,256,25,50,30,343,0,greedy,manhattan,4,,47,35,35.0000,36,35,true,0.0193,33.0000
E6,random,256,25,50,30,343,0,swarm,manhattan,4,,54,33,33.0000,34,31,true,0.0201,33.0000
E6,random,256,25,50,30,343,0,convergent_swarm,manhattan,4,,47,35,35.0000,36,35,true,0.0165,33.0000
E6,random,256,25,50,30,343,0,zero_one_bfs,manhattan,4,,855,0,35.0000,36,156,true,0.2961,33.0000
E6,random,1049,25,50,30,353,0,bfs,manhattan,4,,629,31,31.0000,32,31,true,0.1487,31.0000
E6,random,1049,25,50,30,353,0,dfs,manhattan,4,,159,115,115.0000,116,109,true,0.0485,31.0000
E6,random,1049,25,50,30,353,0,dijkstra,manhattan,4,,617,31,31.0000,32,36,true,0.3747,31.0000
E6,random,1049,25,50,30,353,0,a_star,manhattan,4,,114,31,31.0000,32,34,true,0.0683,31.0000
E6,random,1049,25,50,30,353,0,greedy,manhattan,4,,33,33,33.0000,34,37,true,0.0222,31.0000
E6,random,1049,25,50,30,353,0,swarm,manhattan,4,,48,31,31.0000,32,42,true,0.0278,31.0000
E6,random,1049,25,50,30,353,0,convergent_swarm,manhattan,4,,33,33,33.0000,34,37,true,0.0203,31.0000
E6,random,1049,25,50,30,353,0,zero_one_bfs,manhattan,4,,516,0,173.0000,174,172,true,0.3013,31.0000
E6,random,1144,25,50,30,380,0,bfs,manhattan,4,,439,33,33.0000,34,28,true,0.1114,33.0000
E6,random,1144,25,50,30,380,0,dfs,manhattan,4,,169,115,115.0000,116,111,true,0.0501,33.0000
E6,random,1144,25,50,30,380,0,dijkstra,manhattan,4,,434,33,33.0000,34,30,true,0.1484,33.0000
E6,random,1144,25,50,30,380,0,a_star,manhattan,4,,90,33,33.0000,34,31,true,0.0318,33.0000
E6,random,1144,25,50,30,380,0,greedy,manhattan,4,,46,35,35.0000,36,26,true,0.0170,33.0000
E6,random,1144,25,50,30,380,0,swarm,manhattan,4,,48,33,33.0000,34,25,true,0.0174,33.0000
E6,random,1144,25,50,30,380,0,convergent_swarm,manhattan,4,,46,35,35.0000,36,26,true,0.0164,33.0000
E6,random,1144,25,50,30,380,0,zero_one_bfs,manhattan,4,,94,0,75.0000,76,66,true,0.0385,33.0000
E6,random,1263,25,50,30,382,0,bfs,manhattan,4,,681,45,45.0000,46,32,true,0.1725,45.0000
E6,random,1263,25,50,30,382,0,dfs,manhattan,4,,352,207,207.0000,208,164,true,0.0954,45.0000
E6,random,1263,25,50,30,382,0,dijkstra,manhattan,4,,679,45,45.0000,46,35,true,0.2355,45.0000
E6,random,1263,25,50,30,382,0,a_star,manhattan,4,,389,45,45.0000,46,62,true,0.1295,45.0000
E6,random,1263,25,50,30,382,0,greedy,manhattan,4,,108,57,57.0000,58,42,true,0.0383,45.0000
E6,random,1263,25,50,30,382,0,swarm,manhattan,4,,141,45,45.0000,46,35,true,0.0493,45.0000
E6,random,1263,25,50,30,382,0,convergent_swarm,manhattan,4,,103,45,45.0000,46,38,true,0.0361,45.0000
E6,random,1263,25,50,30,382,0,zero_one_bfs,manhattan,4,,479,0,175.0000,176,161,true,0.1774,45.0000
E6,random,2056,25,50,30,363,0,bfs,manhattan,4,,873,,,,36,false,0.2037,
E6,random,2056,25,50,30,363,0,dfs,manhattan,4,,873,,,,280,false,0.2395,
E6,random,2056,25,50,30,363,0,dijkstra,manhattan,4,,873,,,,39,false,0.3218,
E6,random,2056,25,50,30,363,0,a_star,manhattan,4,,873,,,,60,false,0.2924,
E6,random,2056,25,50,30,363,0,greedy,manhattan,4,,873,,,,57,false,0.2906,
E6,random,2056,25,50,30,363,0,swarm,manhattan,4,,873,,,,44,false,0.2937,
E6,random,2056,25,50,30,363,0,convergent_swarm,manhattan,4,,873,,,,45,false,0.2894,
E6,random,2056,25,50,30,363,0,zero_one_bfs,manhattan,4,,873,,,,186,false,0.3087,
E6,random,2151,25,50,30,388,0,bfs,manhattan,4,,540,61,61.0000,62,21,true,0.1293,61.0000
E6,random,2151,25,50,30,388,0,dfs,manhattan,4,,225,125,125.0000,126,96,true,0.0615,61.0000
E6,random,2151,25,50,30,388,0,dijkstra,manhattan,4,,542,61,61.0000,62,22,true,0.1695,61.0000
E6,random,2151,25,50,30,388,0,a_star,manhattan,4,,285,61,61.0000,62,37,true,0.0915,61.0000
E6,random,2151,25,50,30,388,0,greedy,manhattan,4,,220,69,69.0000,70,53,true,0.0758,61.0000
E6,random,2151,25,50,30,388,0,swarm,manhattan,4,,200,63,63.0000,64,48,true,0.0626,61.0000
E6,random,2151,25,50,30,388,0,convergent_swarm,manhattan,4,,208,69,69.0000,70,50,true,0.0681,61.0000
E6,random,2151,25,50,30,388,0,zero_one_bfs,manhattan,4,,199,0,109.0000,110,78,true,0.0720,61.0000
E6,random,2270,25,50,30,370,0,bfs,manhattan,4,,558,31,31.0000,32,33,true,0.2036,31.0000
E6,random,2270,25,50,30,370,0,dfs,manhattan,4,,175,107,107.0000,108,84,true,0.0766,31.0000
E6,random,2270,25,50,30,370,0,dijkstra,manhattan,4,,553,31,31.0000,32,36,true,0.2955,31.0000
E6,random,2270,25,50,30,370,0,a_star,manhattan,4,,95,31,31.0000,32,33,true,0.0491,31.0000
E6,random,2270,25,50,30,370,0,greedy,manhattan,4,,37,35,35.0000,36,33,true,0.0223,31.0000
E6,random,2270,25,50,30,370,0,swarm,manhattan,4,,40,33,33.0000,34,32,true,0.0227,31.0000
E6,random,2270,25,50,30,370,0,convergent_swarm,manhattan,4,,38,35,35.0000,36,33,true,0.0222,31.0000
E6,random,2270,25,50,30,370,0,zero_one_bfs,manhattan,4,,118,0,73.0000,74,51,true,0.0607,31.0000
E6,random,3063,25,50,30,349,0,bfs,manhattan,4,,537,29,29.0000,30,33,true,0.1317,29.0000
E6,random,3063,25,50,30,349,0,dfs,manhattan,4,,343,149,149.0000,150,131,true,0.0940,29.0000
E6,random,3063,25,50,30,349,0,dijkstra,manhattan,4,,521,29,29.0000,30,35,true,0.1835,29.0000
E6,random,3063,25,50,30,349,0,a_star,manhattan,4,,65,29,29.0000,30,35,true,0.0246,29.0000
E6,random,3063,25,50,30,349,0,greedy,manhattan,4,,34,31,31.0000,32,33,true,0.0148,29.0000
E6,random,3063,25,50,30,349,0,swarm,manhattan,4,,36,31,31.0000,32,33,true,0.0153,29.0000
E6,random,3063,25,50,30,349,0,convergent_swarm,manhattan,4,,34,31,31.0000,32,33,true,0.0125,29.0000
E6,random,3063,25,50,30,349,0,zero_one_bfs,manhattan,4,,183,0,133.0000,134,109,true,0.0703,29.0000
E6,random,3158,25,50,30,369,0,bfs,manhattan,4,,683,39,39.0000,40,35,true,0.1593,39.0000
E6,random,3158,25,50,30,369,0,dfs,manhattan,4,,818,91,91.0000,92,205,true,0.2225,39.0000
E6,random,3158,25,50,30,369,0,dijkstra,manhattan,4,,671,39,39.0000,40,40,true,0.2316,39.0000
E6,random,3158,25,50,30,369,0,a_star,manhattan,4,,168,39,39.0000,40,32,true,0.0569,39.0000
E6,random,3158,25,50,30,369,0,greedy,manhattan,4,,94,45,45.0000,46,28,true,0.0316,39.0000
E6,random,3158,25,50,30,369,0,swarm,manhattan,4,,125,39,39.0000,40,30,true,0.0426,39.0000
E6,random,3158,25,50,30,369,0,convergent_swarm,manhattan,4,,108,45,45.0000,46,25,true,0.0373,39.0000
E6,random,3158,25,50,30,369,0,zero_one_bfs,manhattan,4,,526,0,153.0000,154,170,true,0.2915,39.0000
E6,random,3277,25,50,30,354,0,bfs,manhattan,4,,642,33,33.0000,34,36,true,0.2482,33.0000
E6,random,3277,25,50,30,354,0,dfs,manhattan,4,,163,87,87.0000,88,98,true,0.1006,33.0000
E6,random,3277,25,50,30,354,0,dijkstra,manhattan,4,,638,33,33.0000,34,39,true,0.2885,33.0000
E6,random,3277,25,50,30,354,0,a_star,manhattan,4,,124,33,33.0000,34,39,true,0.0442,33.0000
E6,random,3277,25,50,30,354,0,greedy,manhattan,4,,40,35,35.0000,36,37,true,0.0170,33.0000
E6,random,3277,25,50,30,354,0,swarm,manhattan,4,,47,35,35.0000,36,36,true,0.0176,33.0000
E6,random,3277,25,50,30,354,0,convergent_swarm,manhattan,4,,40,35,35.0000,36,37,true,0.0147,33.0000
E6,random,3277,25,50,30,354,0,zero_one_bfs,manhattan,4,,146,0,81.0000,82,71,true,0.0530,33.0000
E6,random,4070,25,50,30,402,0,bfs,manhattan,4,,500,,,,40,false,0.1086,
E6,random,4070,25,50,30,402,0,dfs,manhattan,4,,500,,,,132,false,0.1331,
E6,random,4070,25,50,30,402,0,dijkstra,manhattan,4,,500,,,,41,false,0.1609,
E6,random,4070,25,50,30,402,0,a_star,manhattan,4,,500,,,,34,false,0.1545,
E6,random,4070,25,50,30,402,0,greedy,manhattan,4,,500,,,,28,false,0.1559,
E6,random,4070,25,50,30,402,0,swarm,manhattan,4,,500,,,,27,false,0.1613,
E6,random,4070,25,50,30,402,0,convergent_swarm,manhattan,4,,500,,,,25,false,0.1508,
E6,random,4070,25,50,30,402,0,zero_one_bfs,manhattan,4,,500,,,,76,false,0.1594,
E6,random,4165,25,50,30,363,0,bfs,manhattan,4,,592,35,35.0000,36,31,true,0.1403,35.0000
E6,random,4165,25,50,30,363,0,dfs,manhattan,4,,255,81,81.0000,82,101,true,0.0704,35.0000
E6,random,4165,25,50,30,363,0,dijkstra,manhattan,4,,598,35,35.0000,36,33,true,0.2018,35.0000
E6,random,4165,25,50,30,363,0,a_star,manhattan,4,,133,35,35.0000,36,38,true,0.0478,35.0000
E6,random,4165,25,50,30,363,0,greedy,manhattan,4,,46,37,37.0000,38,32,true,0.0185,35.0000
E6,random,4165,25,50,30,363,0,swarm,manhattan,4,,50,35,35.0000,36,30,true,0.0184,35.0000
E6,random,4165,25,50,30,363,0,convergent_swarm,manhattan,4,,49,37,37.0000,38,31,true,0.0171,35.0000
E6,random,4165,25,50,30,363,0,zero_one_bfs,manhattan,4,,225,0,73.0000,74,70,true,0.0767,35.0000
E6,random,4284,25,50,30,376,0,bfs,manhattan,4,,572,33,33.0000,34,39,true,0.2223,33.0000
E6,random,4284,25,50,30,376,0,dfs,manhattan,4,,800,127,127.0000,128,231,true,0.3749,33.0000
E6,random,4284,25,50,30,376,0,dijkstra,manhattan,4,,571,33,33.0000,34,42,true,0.2935,33.0000
E6,random,4284,25,50,30,376,0,a_star,manhattan,4,,109,33,33.0000,34,35,true,0.0414,33.0000
E6,random,4284,25,50,30,376,0,greedy,manhattan,4,,38,35,35.0000,36,36,true,0.0181,33.0000
E6,random,4284,25,50,30,376,0,swarm,manhattan,4,,38,35,35.0000,36,36,true,0.0152,33.0000
E6,random,4284,25,50,30,376,0,convergent_swarm,manhattan,4,,38,35,35.0000,36,36,true,0.0161,33.0000
E6,random,4284,25,50,30,376,0,zero_one_bfs,manhattan,4,,810,0,45.0000,46,178,true,0.3188,33.0000
E6,random,5077,25,50,30,372,0,bfs,manhattan,4,,696,41,41.0000,42,29,true,0.1923,41.0000
E6,random,5077,25,50,30,372,0,dfs,manhattan,4,,819,57,57.0000,58,173,true,0.2978,41.0000
E6,random,5077,25,50,30,372,0,dijkstra,manhattan,4,,710,41,41.0000,42,31,true,0.2768,41.0000
E6,random,5077,25,50,30,372,0,a_star,manhattan,4,,275,41,41.0000,42,40,true,0.1015,41.0000
E6,random,5077,25,50,30,372,0,greedy,manhattan,4,,69,45,45.0000,46,39,true,0.0297,41.0000
E6,random,5077,25,50,30,372,0,swarm,manhattan,4,,112,45,45.0000,46,36,true,0.0461,41.0000
E6,random,5077,25,50,30,372,0,convergent_swarm,manhattan,4,,73,45,45.0000,46,38,true,0.0262,41.0000
E6,random,5077,25,50,30,372,0,zero_one_bfs,manhattan,4,,533,0,87.0000,88,104,true,0.6818,41.0000
E6,random,5172,25,50,30,365,0,bfs,manhattan,4,,662,39,39.0000,40,32,true,0.1553,39.0000
E6,random,5172,25,50,30,365,0,dfs,manhattan,4,,590,319,319.0000,320,281,true,0.1600,39.0000
E6,random,5172,25,50,30,365,0,dijkstra,manhattan,4,,663,39,39.0000,40,36,true,0.2696,39.0000
E6,random,5172,25,50,30,365,0,a_star,manhattan,4,,228,39,39.0000,40,39,true,0.0994,39.0000
E6,random,5172,25,50,30,365,0,greedy,manhattan,4,,50,39,39.0000,40,32,true,0.0189,39.0000
E6,random,5172,25,50,30,365,0,swarm,manhattan,4,,60,39,39.0000,40,30,true,0.0789,39.0000
E6,random,5172,25,50,30,365,0,convergent_swarm,manhattan,4,,51,39,39.0000,40,32,true,0.0207,39.0000
E6,random,5172,25,50,30,365,0,zero_one_bfs,manhattan,4,,490,0,227.0000,228,182,true,0.1962,39.0000
E6,random,5291,25,50,30,373,0,bfs,manhattan,4,,725,51,51.0000,52,38,true,0.1782,51.0000
E6,random,5291,25,50,30,373,0,dfs,manhattan,4,,209,143,143.0000,144,119,true,0.0592,51.0000
E6,random,5291,25,50,30,373,0,dijkstra,manhattan,4,,725,51,51.0000,52,38,true,0.2501,51.0000
E6,random,5291,25,50,30,373,0,a_star,manhattan,4,,506,51,51.0000,52,43,true,0.1855,51.0000
E6,random,5291,25,50,30,373,0,greedy,manhattan,4,,343,57,57.0000,58,34,true,0.1451,51.0000
E6,random,5291,25,50,30,373,0,swarm,manhattan,4,,411,51,51.0000,52,41,true,0.1587,51.0000
E6,random,5291,25,50,30,373,0,convergent_swarm,manhattan,4,,376,57,57.0000,58,31,true,0.2388,51.0000
E6,random,5291,25,50,30,373,0,zero_one_bfs,manhattan,4,,222,0,85.0000,86,66,true,0.0939,51.0000
E6,maze,42,25,50,30,673,0,bfs,manhattan,4,,255,145,145.0000,146,7,true,0.0712,145.0000
E6,maze,42,25,50,30,673,0,dfs,manhattan,4,,145,145,145.0000,146,7,true,0.1350,145.0000
E6,maze,42,25,50,30,673,0,dijkstra,manhattan,4,,254,145,145.0000,146,7,true,0.0809,145.0000
E6,maze,42,25,50,30,673,0,a_star,manhattan,4,,167,145,145.0000,146,4,true,0.0433,145.0000
E6,maze,42,25,50,30,673,0,greedy,manhattan,4,,145,145,145.0000,146,7,true,0.0362,145.0000
E6,maze,42,25,50,30,673,0,swarm,manhattan,4,,154,145,145.0000,146,5,true,0.0388,145.0000
E6,maze,42,25,50,30,673,0,convergent_swarm,manhattan,4,,146,145,145.0000,146,7,true,0.0373,145.0000
E6,maze,42,25,50,30,673,0,zero_one_bfs,manhattan,4,,145,0,145.0000,146,7,true,0.0412,145.0000
E6,maze,137,25,50,30,673,0,bfs,manhattan,4,,253,193,193.0000,194,5,true,0.0469,193.0000
E6,maze,137,25,50,30,673,0,dfs,manhattan,4,,195,193,193.0000,194,7,true,0.0380,193.0000
E6,maze,137,25,50,30,673,0,dijkstra,manhattan,4,,252,193,193.0000,194,4,true,0.0616,193.0000
E6,maze,137,25,50,30,673,0,a_star,manhattan,4,,236,193,193.0000,194,5,true,0.0571,193.0000
E6,maze,137,25,50,30,673,0,greedy,manhattan,4,,203,193,193.0000,194,8,true,0.0498,193.0000
E6,maze,137,25,50,30,673,0,swarm,manhattan,4,,234,193,193.0000,194,5,true,0.0547,193.0000
E6,maze,137,25,50,30,673,0,convergent_swarm,manhattan,4,,209,193,193.0000,194,7,true,0.0483,193.0000
E6,maze,137,25,50,30,673,0,zero_one_bfs,manhattan,4,,195,0,193.0000,194,7,true,0.0574,193.0000
E6,maze,256,25,50,30,673,0,bfs,manhattan,4,,387,213,213.0000,214,6,true,0.1563,213.0000
E6,maze,256,25,50,30,673,0,dfs,manhattan,4,,213,213,213.0000,214,10,true,0.1178,213.0000
E6,maze,256,25,50,30,673,0,dijkstra,manhattan,4,,387,213,213.0000,214,6,true,0.0977,213.0000
E6,maze,256,25,50,30,673,0,a_star,manhattan,4,,320,213,213.0000,214,5,true,0.0792,213.0000
E6,maze,256,25,50,30,673,0,greedy,manhattan,4,,225,213,213.0000,214,9,true,0.0523,213.0000
E6,maze,256,25,50,30,673,0,swarm,manhattan,4,,256,213,213.0000,214,8,true,0.0650,213.0000
E6,maze,256,25,50,30,673,0,convergent_swarm,manhattan,4,,243,213,213.0000,214,8,true,0.0597,213.0000
E6,maze,256,25,50,30,673,0,zero_one_bfs,manhattan,4,,213,0,213.0000,214,10,true,0.0589,213.0000
E6,maze,1049,25,50,30,673,0,bfs,manhattan,4,,207,149,149.0000,150,5,true,0.0366,149.0000
E6,maze,1049,25,50,30,673,0,dfs,manhattan,4,,149,149,149.0000,150,7,true,0.0313,149.0000
E6,maze,1049,25,50,30,673,0,dijkstra,manhattan,4,,204,149,149.0000,150,5,true,0.0483,149.0000
E6,maze,1049,25,50,30,673,0,a_star,manhattan,4,,166,149,149.0000,150,7,true,0.0403,149.0000
E6,maze,1049,25,50,30,673,0,greedy,manhattan,4,,149,149,149.0000,150,7,true,0.0356,149.0000
E6,maze,1049,25,50,30,673,0,swarm,manhattan,4,,150,149,149.0000,150,7,true,0.0355,149.0000
E6,maze,1049,25,50,30,673,0,convergent_swarm,manhattan,4,,149,149,149.0000,150,7,true,0.0334,149.0000
E6,maze,1049,25,50,30,673,0,zero_one_bfs,manhattan,4,,149,0,149.0000,150,7,true,0.0418,149.0000
E6,maze,1144,25,50,30,673,0,bfs,manhattan,4,,332,189,189.0000,190,5,true,0.0607,189.0000
E6,maze,1144,25,50,30,673,0,dfs,manhattan,4,,229,189,189.0000,190,7,true,0.0472,189.0000
E6,maze,1144,25,50,30,673,0,dijkstra,manhattan,4,,332,189,189.0000,190,4,true,0.0827,189.0000
E6,maze,1144,25,50,30,673,0,a_star,manhattan,4,,295,189,189.0000,190,5,true,0.0768,189.0000
E6,maze,1144,25,50,30,673,0,greedy,manhattan,4,,230,189,189.0000,190,7,true,0.0535,189.0000
E6,maze,1144,25,50,30,673,0,swarm,manhattan,4,,280,189,189.0000,190,7,true,0.0697,189.0000
E6,maze,1144,25,50,30,673,0,convergent_swarm,manhattan,4,,269,189,189.0000,190,9,true,0.0668,189.0000
E6,maze,1144,25,50,30,673,0,zero_one_bfs,manhattan,4,,229,0,189.0000,190,7,true,0.0619,189.0000
E6,maze,1263,25,50,30,673,0,bfs,manhattan,4,,482,353,353.0000,354,6,true,0.0837,353.0000
E6,maze,1263,25,50,30,673,0,dfs,manhattan,4,,383,353,353.0000,354,13,true,0.0757,353.0000
E6,maze,1263,25,50,30,673,0,dijkstra,manhattan,4,,480,353,353.0000,354,6,true,0.1162,353.0000
E6,maze,1263,25,50,30,673,0,a_star,manhattan,4,,464,353,353.0000,354,7,true,0.1151,353.0000
E6,maze,1263,25,50,30,673,0,greedy,manhattan,4,,420,353,353.0000,354,12,true,0.0967,353.0000
E6,maze,1263,25,50,30,673,0,swarm,manhattan,4,,422,353,353.0000,354,10,true,0.0998,353.0000
E6,maze,1263,25,50,30,673,0,convergent_swarm,manhattan,4,,422,353,353.0000,354,12,true,0.0973,353.0000
E6,maze,1263,25,50,30,673,0,zero_one_bfs,manhattan,4,,383,0,353.0000,354,13,true,0.1083,353.0000
E6,maze,2056,25,50,30,673,0,bfs,manhattan,4,,174,137,137.0000,138,4,true,0.0298,137.0000
E6,maze,2056,25,50,30,673,0,dfs,manhattan,4,,137,137,137.0000,138,8,true,0.0279,137.0000
E6,maze,2056,25,50,30,673,0,dijkstra,manhattan,4,,172,137,137.0000,138,3,true,0.0400,137.0000
E6,maze,2056,25,50,30,673,0,a_star,manhattan,4,,168,137,137.0000,138,4,true,0.0394,137.0000
E6,maze,2056,25,50,30,673,0,greedy,manhattan,4,,141,137,137.0000,138,9,true,0.0347,137.0000
E6,maze,2056,25,50,30,673,0,swarm,manhattan,4,,150,137,137.0000,138,8,true,0.0373,137.0000
E6,maze,2056,25,50,30,673,0,convergent_swarm,manhattan,4,,143,137,137.0000,138,9,true,0.0332,137.0000
E6,maze,2056,25,50,30,673,0,zero_one_bfs,manhattan,4,,137,0,137.0000,138,8,true,0.0446,137.0000
E6,maze,2151,25,50,30,673,0,bfs,manhattan,4,,168,145,145.0000,146,4,true,0.0308,145.0000
E6,maze,2151,25,50,30,673,0,dfs,manhattan,4,,145,145,145.0000,146,4,true,0.0314,145.0000
E6,maze,2151,25,50,30,673,0,dijkstra,manhattan,4,,168,145,145.0000,146,4,true,0.0387,145.0000
E6,maze,2151,25,50,30,673,0,a_star,manhattan,4,,150,145,145.0000,146,4,true,0.1167,145.0000
E6,maze,2151,25,50,30,673,0,greedy,manhattan,4,,145,145,145.0000,146,5,true,0.1062,145.0000
E6,maze,2151,25,50,30,673,0,swarm,manhattan,4,,147,145,145.0000,146,4,true,0.0753,145.0000
E6,maze,2151,25,50,30,673,0,convergent_swarm,manhattan,4,,145,145,145.0000,146,5,true,0.0639,145.0000
E6,maze,2151,25,50,30,673,0,zero_one_bfs,manhattan,4,,145,0,145.0000,146,4,true,0.0748,145.0000
E6,maze,2270,25,50,30,673,0,bfs,manhattan,4,,566,253,253.0000,254,6,true,0.1064,253.0000
E6,maze,2270,25,50,30,673,0,dfs,manhattan,4,,271,253,253.0000,254,10,true,0.0582,253.0000
E6,maze,2270,25,50,30,673,0,dijkstra,manhattan,4,,566,253,253.0000,254,5,true,0.1465,253.0000
E6,maze,2270,25,50,30,673,0,a_star,manhattan,4,,483,253,253.0000,254,6,true,0.1143,253.0000
E6,maze,2270,25,50,30,673,0,greedy,manhattan,4,,297,253,253.0000,254,8,true,0.0744,253.0000
E6,maze,2270,25,50,30,673,0,swarm,manhattan,4,,375,253,253.0000,254,6,true,0.0895,253.0000
E6,maze,2270,25,50,30,673,0,convergent_swarm,manhattan,4,,328,253,253.0000,254,7,true,0.0942,253.0000
E6,maze,2270,25,50,30,673,0,zero_one_bfs,manhattan,4,,271,0,253.0000,254,10,true,0.0773,253.0000
E6,maze,3063,25,50,30,673,0,bfs,manhattan,4,,286,185,185.0000,186,4,true,0.0580,185.0000
E6,maze,3063,25,50,30,673,0,dfs,manhattan,4,,189,185,185.0000,186,6,true,0.0402,185.0000
E6,maze,3063,25,50,30,673,0,dijkstra,manhattan,4,,286,185,185.0000,186,4,true,0.0730,185.0000
E6,maze,3063,25,50,30,673,0,a_star,manhattan,4,,272,185,185.0000,186,5,true,0.0693,185.0000
E6,maze,3063,25,50,30,673,0,greedy,manhattan,4,,187,185,185.0000,186,9,true,0.0526,185.0000
E6,maze,3063,25,50,30,673,0,swarm,manhattan,4,,211,185,185.0000,186,6,true,0.0598,185.0000
E6,maze,3063,25,50,30,673,0,convergent_swarm,manhattan,4,,189,185,185.0000,186,8,true,0.0531,185.0000
E6,maze,3063,25,50,30,673,0,zero_one_bfs,manhattan,4,,189,0,185.0000,186,6,true,0.0569,185.0000
E6,maze,3158,25,50,30,673,0,bfs,manhattan,4,,370,233,233.0000,234,4,true,0.0725,233.0000
E6,maze,3158,25,50,30,673,0,dfs,manhattan,4,,243,233,233.0000,234,7,true,0.0510,233.0000
E6,maze,3158,25,50,30,673,0,dijkstra,manhattan,4,,368,233,233.0000,234,4,true,0.0949,233.0000
E6,maze,3158,25,50,30,673,0,a_star,manhattan,4,,340,233,233.0000,234,5,true,0.0845,233.0000
E6,maze,3158,25,50,30,673,0,greedy,manhattan,4,,261,233,233.0000,234,8,true,0.0695,233.0000
E6,maze,3158,25,50,30,673,0,swarm,manhattan,4,,288,233,233.0000,234,7,true,0.0732,233.0000
E6,maze,3158,25,50,30,673,0,convergent_swarm,manhattan,4,,275,233,233.0000,234,7,true,0.0663,233.0000
E6,maze,3158,25,50,30,673,0,zero_one_bfs,manhattan,4,,243,0,233.0000,234,7,true,0.0707,233.0000
E6,maze,3277,25,50,30,673,0,bfs,manhattan,4,,554,381,381.0000,382,6,true,0.1050,381.0000
E6,maze,3277,25,50,30,673,0,dfs,manhattan,4,,411,381,381.0000,382,13,true,0.0842,381.0000
E6,maze,3277,25,50,30,673,0,dijkstra,manhattan,4,,553,381,381.0000,382,6,true,0.1369,381.0000
E6,maze,3277,25,50,30,673,0,a_star,manhattan,4,,506,381,381.0000,382,5,true,0.1173,381.0000
E6,maze,3277,25,50,30,673,0,greedy,manhattan,4,,435,381,381.0000,382,11,true,0.1057,381.0000
E6,maze,3277,25,50,30,673,0,swarm,manhattan,4,,456,381,381.0000,382,8,true,0.1062,381.0000
E6,maze,3277,25,50,30,673,0,convergent_swarm,manhattan,4,,448,381,381.0000,382,8,true,0.1093,381.0000
E6,maze,3277,25,50,30,673,0,zero_one_bfs,manhattan,4,,411,0,381.0000,382,13,true,0.1117,381.0000
E6,maze,4070,25,50,30,673,0,bfs,manhattan,4,,477,249,249.0000,250,5,true,0.0914,249.0000
E6,maze,4070,25,50,30,673,0,dfs,manhattan,4,,255,249,249.0000,250,13,true,0.0539,249.0000
E6,maze,4070,25,50,30,673,0,dijkstra,manhattan,4,,476,249,249.0000,250,5,true,0.1161,249.0000
E6,maze,4070,25,50,30,673,0,a_star,manhattan,4,,421,249,249.0000,250,9,true,0.1021,249.0000
E6,maze,4070,25,50,30,673,0,greedy,manhattan,4,,265,249,249.0000,250,11,true,0.0677,249.0000
E6,maze,4070,25,50,30,673,0,swarm,manhattan,4,,302,249,249.0000,250,9,true,0.0743,249.0000
E6,maze,4070,25,50,30,673,0,convergent_swarm,manhattan,4,,269,249,249.0000,250,9,true,0.0660,249.0000
E6,maze,4070,25,50,30,673,0,zero_one_bfs,manhattan,4,,255,0,249.0000,250,13,true,0.0708,249.0000
E6,maze,4165,25,50,30,673,0,bfs,manhattan,4,,491,277,277.0000,278,4,true,0.0991,277.0000
E6,maze,4165,25,50,30,673,0,dfs,manhattan,4,,297,277,277.0000,278,10,true,0.0784,277.0000
E6,maze,4165,25,50,30,673,0,dijkstra,manhattan,4,,490,277,277.0000,278,4,true,0.1261,277.0000
E6,maze,4165,25,50,30,673,0,a_star,manhattan,4,,448,277,277.0000,278,6,true,0.1126,277.0000
E6,maze,4165,25,50,30,673,0,greedy,manhattan,4,,373,277,277.0000,278,11,true,0.0910,277.0000
E6,maze,4165,25,50,30,673,0,swarm,manhattan,4,,430,277,277.0000,278,10,true,0.1039,277.0000
E6,maze,4165,25,50,30,673,0,convergent_swarm,manhattan,4,,428,277,277.0000,278,10,true,0.1167,277.0000
E6,maze,4165,25,50,30,673,0,zero_one_bfs,manhattan,4,,297,0,277.0000,278,10,true,0.0866,277.0000
E6,maze,4284,25,50,30,673,0,bfs,manhattan,4,,264,177,177.0000,178,5,true,0.0570,177.0000
E6,maze,4284,25,50,30,673,0,dfs,manhattan,4,,177,177,177.0000,178,6,true,0.0355,177.0000
E6,maze,4284,25,50,30,673,0,dijkstra,manhattan,4,,262,177,177.0000,178,5,true,0.0658,177.0000
E6,maze,4284,25,50,30,673,0,a_star,manhattan,4,,259,177,177.0000,178,4,true,0.0650,177.0000
E6,maze,4284,25,50,30,673,0,greedy,manhattan,4,,177,177,177.0000,178,6,true,0.0412,177.0000
E6,maze,4284,25,50,30,673,0,swarm,manhattan,4,,227,177,177.0000,178,5,true,0.0532,177.0000
E6,maze,4284,25,50,30,673,0,convergent_swarm,manhattan,4,,182,177,177.0000,178,5,true,0.0418,177.0000
E6,maze,4284,25,50,30,673,0,zero_one_bfs,manhattan,4,,177,0,177.0000,178,6,true,0.0461,177.0000
E6,maze,5077,25,50,30,673,0,bfs,manhattan,4,,335,237,237.0000,238,4,true,0.0595,237.0000
E6,maze,5077,25,50,30,673,0,dfs,manhattan,4,,241,237,237.0000,238,11,true,0.0476,237.0000
E6,maze,5077,25,50,30,673,0,dijkstra,manhattan,4,,334,237,237.0000,238,4,true,0.0788,237.0000
E6,maze,5077,25,50,30,673,0,a_star,manhattan,4,,325,237,237.0000,238,4,true,0.0936,237.0000
E6,maze,5077,25,50,30,673,0,greedy,manhattan,4,,263,237,237.0000,238,8,true,0.0647,237.0000
E6,maze,5077,25,50,30,673,0,swarm,manhattan,4,,316,237,237.0000,238,5,true,0.0753,237.0000
E6,maze,5077,25,50,30,673,0,convergent_swarm,manhattan,4,,269,237,237.0000,238,7,true,0.0648,237.0000
E6,maze,5077,25,50,30,673,0,zero_one_bfs,manhattan,4,,241,0,237.0000,238,11,true,0.0681,237.0000
E6,maze,5172,25,50,30,673,0,bfs,manhattan,4,,299,161,161.0000,162,5,true,0.0571,161.0000
E6,maze,5172,25,50,30,673,0,dfs,manhattan,4,,165,161,161.0000,162,8,true,0.0334,161.0000
E6,maze,5172,25,50,30,673,0,dijkstra,manhattan,4,,299,161,161.0000,162,4,true,0.0734,161.0000
E6,maze,5172,25,50,30,673,0,a_star,manhattan,4,,226,161,161.0000,162,7,true,0.0558,161.0000
E6,maze,5172,25,50,30,673,0,greedy,manhattan,4,,165,161,161.0000,162,10,true,0.0408,161.0000
E6,maze,5172,25,50,30,673,0,swarm,manhattan,4,,195,161,161.0000,162,9,true,0.0471,161.0000
E6,maze,5172,25,50,30,673,0,convergent_swarm,manhattan,4,,172,161,161.0000,162,10,true,0.0412,161.0000
E6,maze,5172,25,50,30,673,0,zero_one_bfs,manhattan,4,,165,0,161.0000,162,8,true,0.0442,161.0000
E6,maze,5291,25,50,30,673,0,bfs,manhattan,4,,523,317,317.0000,318,5,true,0.1267,317.0000
E6,maze,5291,25,50,30,673,0,dfs,manhattan,4,,373,317,317.0000,318,12,true,0.0873,317.0000
E6,maze,5291,25,50,30,673,0,dijkstra,manhattan,4,,522,317,317.0000,318,5,true,0.1744,317.0000
E6,maze,5291,25,50,30,673,0,a_star,manhattan,4,,464,317,317.0000,318,5,true,0.1601,317.0000
E6,maze,5291,25,50,30,673,0,greedy,manhattan,4,,363,317,317.0000,318,14,true,0.1318,317.0000
E6,maze,5291,25,50,30,673,0,swarm,manhattan,4,,445,317,317.0000,318,5,true,0.1577,317.0000
E6,maze,5291,25,50,30,673,0,convergent_swarm,manhattan,4,,406,317,317.0000,318,9,true,0.1612,317.0000
E6,maze,5291,25,50,30,673,0,zero_one_bfs,manhattan,4,,373,0,317.0000,318,12,true,0.1845,317.0000
E6,open,42,25,50,30,0,0,bfs,manhattan,4,,793,25,25.0000,26,50,true,0.2576,25.0000
E6,open,42,25,50,30,0,0,dfs,manhattan,4,,25,25,25.0000,26,52,true,0.0094,25.0000
E6,open,42,25,50,30,0,0,dijkstra,manhattan,4,,781,25,25.0000,26,63,true,0.3121,25.0000
E6,open,42,25,50,30,0,0,a_star,manhattan,4,,25,25,25.0000,26,52,true,0.0122,25.0000
E6,open,42,25,50,30,0,0,greedy,manhattan,4,,25,25,25.0000,26,52,true,0.0127,25.0000
E6,open,42,25,50,30,0,0,swarm,manhattan,4,,25,25,25.0000,26,52,true,0.0122,25.0000
E6,open,42,25,50,30,0,0,convergent_swarm,manhattan,4,,25,25,25.0000,26,52,true,0.0136,25.0000
E6,open,42,25,50,30,0,0,zero_one_bfs,manhattan,4,,25,0,25.0000,26,52,true,0.0145,25.0000
E6,open,137,25,50,30,0,0,bfs,manhattan,4,,793,25,25.0000,26,50,true,0.2116,25.0000
E6,open,137,25,50,30,0,0,dfs,manhattan,4,,25,25,25.0000,26,52,true,0.0098,25.0000
E6,open,137,25,50,30,0,0,dijkstra,manhattan,4,,781,25,25.0000,26,63,true,0.3006,25.0000
E6,open,137,25,50,30,0,0,a_star,manhattan,4,,25,25,25.0000,26,52,true,0.0128,25.0000
E6,open,137,25,50,30,0,0,greedy,manhattan,4,,25,25,25.0000,26,52,true,0.0124,25.0000
E6,open,137,25,50,30,0,0,swarm,manhattan,4,,25,25,25.0000,26,52,true,0.0132,25.0000
E6,open,137,25,50,30,0,0,convergent_swarm,manhattan,4,,25,25,25.0000,26,52,true,0.0124,25.0000
E6,open,137,25,50,30,0,0,zero_one_bfs,manhattan,4,,25,0,25.0000,26,52,true,0.0146,25.0000
E6,open,256,25,50,30,0,0,bfs,manhattan,4,,793,25,25.0000,26,50,true,0.1994,25.0000
E6,open,256,25,50,30,0,0,dfs,manhattan,4,,25,25,25.0000,26,52,true,0.0089,25.0000
E6,open,256,25,50,30,0,0,dijkstra,manhattan,4,,781,25,25.0000,26,63,true,0.2959,25.0000
E6,open,256,25,50,30,0,0,a_star,manhattan,4,,25,25,25.0000,26,52,true,0.0120,25.0000
E6,open,256,25,50,30,0,0,greedy,manhattan,4,,25,25,25.0000,26,52,true,0.0131,25.0000
E6,open,256,25,50,30,0,0,swarm,manhattan,4,,25,25,25.0000,26,52,true,0.0125,25.0000
E6,open,256,25,50,30,0,0,convergent_swarm,manhattan,4,,25,25,25.0000,26,52,true,0.0121,25.0000
E6,open,256,25,50,30,0,0,zero_one_bfs,manhattan,4,,25,0,25.0000,26,52,true,0.0136,25.0000
E6,open,1049,25,50,30,0,0,bfs,manhattan,4,,793,25,25.0000,26,50,true,0.1949,25.0000
E6,open,1049,25,50,30,0,0,dfs,manhattan,4,,25,25,25.0000,26,52,true,0.0091,25.0000
E6,open,1049,25,50,30,0,0,dijkstra,manhattan,4,,781,25,25.0000,26,63,true,0.2821,25.0000
E6,open,1049,25,50,30,0,0,a_star,manhattan,4,,25,25,25.0000,26,52,true,0.0131,25.0000
E6,open,1049,25,50,30,0,0,greedy,manhattan,4,,25,25,25.0000,26,52,true,0.0131,25.0000
E6,open,1049,25,50,30,0,0,swarm,manhattan,4,,25,25,25.0000,26,52,true,0.0127,25.0000
E6,open,1049,25,50,30,0,0,convergent_swarm,manhattan,4,,25,25,25.0000,26,52,true,0.0120,25.0000
E6,open,1049,25,50,30,0,0,zero_one_bfs,manhattan,4,,25,0,25.0000,26,52,true,0.0148,25.0000
E6,open,1144,25,50,30,0,0,bfs,manhattan,4,,793,25,25.0000,26,50,true,0.1950,25.0000
E6,open,1144,25,50,30,0,0,dfs,manhattan,4,,25,25,25.0000,26,52,true,0.0087,25.0000
E6,open,1144,25,50,30,0,0,dijkstra,manhattan,4,,781,25,25.0000,26,63,true,0.3086,25.0000
E6,open,1144,25,50,30,0,0,a_star,manhattan,4,,25,25,25.0000,26,52,true,0.0130,25.0000
E6,open,1144,25,50,30,0,0,greedy,manhattan,4,,25,25,25.0000,26,52,true,0.0125,25.0000
E6,open,1144,25,50,30,0,0,swarm,manhattan,4,,25,25,25.0000,26,52,true,0.0172,25.0000
E6,open,1144,25,50,30,0,0,convergent_swarm,manhattan,4,,25,25,25.0000,26,52,true,0.0130,25.0000
E6,open,1144,25,50,30,0,0,zero_one_bfs,manhattan,4,,25,0,25.0000,26,52,true,0.0139,25.0000
E6,open,1263,25,50,30,0,0,bfs,manhattan,4,,793,25,25.0000,26,50,true,0.1963,25.0000
E6,open,1263,25,50,30,0,0,dfs,manhattan,4,,25,25,25.0000,26,52,true,0.0088,25.0000
E6,open,1263,25,50,30,0,0,dijkstra,manhattan,4,,781,25,25.0000,26,63,true,0.2939,25.0000
E6,open,1263,25,50,30,0,0,a_star,manhattan,4,,25,25,25.0000,26,52,true,0.0128,25.0000
E6,open,1263,25,50,30,0,0,greedy,manhattan,4,,25,25,25.0000,26,52,true,0.0122,25.0000
E6,open,1263,25,50,30,0,0,swarm,manhattan,4,,25,25,25.0000,26,52,true,0.0135,25.0000
E6,open,1263,25,50,30,0,0,convergent_swarm,manhattan,4,,25,25,25.0000,26,52,true,0.0118,25.0000
E6,open,1263,25,50,30,0,0,zero_one_bfs,manhattan,4,,25,0,25.0000,26,52,true,0.0134,25.0000
E6,open,2056,25,50,30,0,0,bfs,manhattan,4,,793,25,25.0000,26,50,true,0.2077,25.0000
E6,open,2056,25,50,30,0,0,dfs,manhattan,4,,25,25,25.0000,26,52,true,0.0087,25.0000
E6,open,2056,25,50,30,0,0,dijkstra,manhattan,4,,781,25,25.0000,26,63,true,0.4192,25.0000
E6,open,2056,25,50,30,0,0,a_star,manhattan,4,,25,25,25.0000,26,52,true,0.0149,25.0000
E6,open,2056,25,50,30,0,0,greedy,manhattan,4,,25,25,25.0000,26,52,true,0.0151,25.0000
E6,open,2056,25,50,30,0,0,swarm,manhattan,4,,25,25,25.0000,26,52,true,0.0132,25.0000
E6,open,2056,25,50,30,0,0,convergent_swarm,manhattan,4,,25,25,25.0000,26,52,true,0.0132,25.0000
E6,open,2056,25,50,30,0,0,zero_one_bfs,manhattan,4,,25,0,25.0000,26,52,true,0.0162,25.0000
E6,open,2151,25,50,30,0,0,bfs,manhattan,4,,793,25,25.0000,26,50,true,0.2105,25.0000
E6,open,2151,25,50,30,0,0,dfs,manhattan,4,,25,25,25.0000,26,52,true,0.0100,25.0000
E6,open,2151,25,50,30,0,0,dijkstra,manhattan,4,,781,25,25.0000,26,63,true,0.3146,25.0000
E6,open,2151,25,50,30,0,0,a_star,manhattan,4,,25,25,25.0000,26,52,true,0.0142,25.0000
E6,open,2151,25,50,30,0,0,greedy,manhattan,4,,25,25,25.0000,26,52,true,0.0132,25.0000
E6,open,2151,25,50,30,0,0,swarm,manhattan,4,,25,25,25.0000,26,52,true,0.0130,25.0000
E6,open,2151,25,50,30,0,0,convergent_swarm,manhattan,4,,25,25,25.0000,26,52,true,0.0123,25.0000
E6,open,2151,25,50,30,0,0,zero_one_bfs,manhattan,4,,25,0,25.0000,26,52,true,0.0152,25.0000
E6,open,2270,25,50,30,0,0,bfs,manhattan,4,,793,25,25.0000,26,50,true,0.2625,25.0000
E6,open,2270,25,50,30,0,0,dfs,manhattan,4,,25,25,25.0000,26,52,true,0.0095,25.0000
E6,open,2270,25,50,30,0,0,dijkstra,manhattan,4,,781,25,25.0000,26,63,true,0.3194,25.0000
E6,open,2270,25,50,30,0,0,a_star,manhattan,4,,25,25,25.0000,26,52,true,0.0124,25.0000
E6,open,2270,25,50,30,0,0,greedy,manhattan,4,,25,25,25.0000,26,52,true,0.0135,25.0000
E6,open,2270,25,50,30,0,0,swarm,manhattan,4,,25,25,25.0000,26,52,true,0.0123,25.0000
E6,open,2270,25,50,30,0,0,convergent_swarm,manhattan,4,,25,25,25.0000,26,52,true,0.0179,25.0000
E6,open,2270,25,50,30,0,0,zero_one_bfs,manhattan,4,,25,0,25.0000,26,52,true,0.0148,25.0000
E6,open,3063,25,50,30,0,0,bfs,manhattan,4,,793,25,25.0000,26,50,true,0.2049,25.0000
E6,open,3063,25,50,30,0,0,dfs,manhattan,4,,25,25,25.0000,26,52,true,0.0090,25.0000
E6,open,3063,25,50,30,0,0,dijkstra,manhattan,4,,781,25,25.0000,26,63,true,0.3044,25.0000
E6,open,3063,25,50,30,0,0,a_star,manhattan,4,,25,25,25.0000,26,52,true,0.0122,25.0000
E6,open,3063,25,50,30,0,0,greedy,manhattan,4,,25,25,25.0000,26,52,true,0.0124,25.0000
E6,open,3063,25,50,30,0,0,swarm,manhattan,4,,25,25,25.0000,26,52,true,0.0135,25.0000
E6,open,3063,25,50,30,0,0,convergent_swarm,manhattan,4,,25,25,25.0000,26,52,true,0.0120,25.0000
E6,open,3063,25,50,30,0,0,zero_one_bfs,manhattan,4,,25,0,25.0000,26,52,true,0.0134,25.0000
E6,open,3158,25,50,30,0,0,bfs,manhattan,4,,793,25,25.0000,26,50,true,0.2461,25.0000
E6,open,3158,25,50,30,0,0,dfs,manhattan,4,,25,25,25.0000,26,52,true,0.0100,25.0000
E6,open,3158,25,50,30,0,0,dijkstra,manhattan,4,,781,25,25.0000,26,63,true,0.3601,25.0000
E6,open,3158,25,50,30,0,0,a_star,manhattan,4,,25,25,25.0000,26,52,true,0.0136,25.0000
E6,open,3158,25,50,30,0,0,greedy,manhattan,4,,25,25,25.0000,26,52,true,0.0162,25.0000
E6,open,3158,25,50,30,0,0,swarm,manhattan,4,,25,25,25.0000,26,52,true,0.0150,25.0000
E6,open,3158,25,50,30,0,0,convergent_swarm,manhattan,4,,25,25,25.0000,26,52,true,0.0126,25.0000
E6,open,3158,25,50,30,0,0,zero_one_bfs,manhattan,4,,25,0,25.0000,26,52,true,0.0140,25.0000
E6,open,3277,25,50,30,0,0,bfs,manhattan,4,,793,25,25.0000,26,50,true,0.2208,25.0000
E6,open,3277,25,50,30,0,0,dfs,manhattan,4,,25,25,25.0000,26,52,true,0.0089,25.0000
E6,open,3277,25,50,30,0,0,dijkstra,manhattan,4,,781,25,25.0000,26,63,true,0.2981,25.0000
E6,open,3277,25,50,30,0,0,a_star,manhattan,4,,25,25,25.0000,26,52,true,0.0134,25.0000
E6,open,3277,25,50,30,0,0,greedy,manhattan,4,,25,25,25.0000,26,52,true,0.0123,25.0000
E6,open,3277,25,50,30,0,0,swarm,manhattan,4,,25,25,25.0000,26,52,true,0.0134,25.0000
E6,open,3277,25,50,30,0,0,convergent_swarm,manhattan,4,,25,25,25.0000,26,52,true,0.0195,25.0000
E6,open,3277,25,50,30,0,0,zero_one_bfs,manhattan,4,,25,0,25.0000,26,52,true,0.0178,25.0000
E6,open,4070,25,50,30,0,0,bfs,manhattan,4,,793,25,25.0000,26,50,true,0.2033,25.0000
E6,open,4070,25,50,30,0,0,dfs,manhattan,4,,25,25,25.0000,26,52,true,0.0097,25.0000
E6,open,4070,25,50,30,0,0,dijkstra,manhattan,4,,781,25,25.0000,26,63,true,0.3036,25.0000
E6,open,4070,25,50,30,0,0,a_star,manhattan,4,,25,25,25.0000,26,52,true,0.0158,25.0000
E6,open,4070,25,50,30,0,0,greedy,manhattan,4,,25,25,25.0000,26,52,true,0.0221,25.0000
E6,open,4070,25,50,30,0,0,swarm,manhattan,4,,25,25,25.0000,26,52,true,0.4188,25.0000
E6,open,4070,25,50,30,0,0,convergent_swarm,manhattan,4,,25,25,25.0000,26,52,true,0.0130,25.0000
E6,open,4070,25,50,30,0,0,zero_one_bfs,manhattan,4,,25,0,25.0000,26,52,true,0.0140,25.0000
E6,open,4165,25,50,30,0,0,bfs,manhattan,4,,793,25,25.0000,26,50,true,0.2226,25.0000
E6,open,4165,25,50,30,0,0,dfs,manhattan,4,,25,25,25.0000,26,52,true,0.0099,25.0000
E6,open,4165,25,50,30,0,0,dijkstra,manhattan,4,,781,25,25.0000,26,63,true,0.3340,25.0000
E6,open,4165,25,50,30,0,0,a_star,manhattan,4,,25,25,25.0000,26,52,true,0.0132,25.0000
E6,open,4165,25,50,30,0,0,greedy,manhattan,4,,25,25,25.0000,26,52,true,0.0133,25.0000
E6,open,4165,25,50,30,0,0,swarm,manhattan,4,,25,25,25.0000,26,52,true,0.0124,25.0000
E6,open,4165,25,50,30,0,0,convergent_swarm,manhattan,4,,25,25,25.0000,26,52,true,0.0117,25.0000
E6,open,4165,25,50,30,0,0,zero_one_bfs,manhattan,4,,25,0,25.0000,26,52,true,0.0149,25.0000
E6,open,4284,25,50,30,0,0,bfs,manhattan,4,,793,25,25.0000,26,50,true,0.2084,25.0000
E6,open,4284,25,50,30,0,0,dfs,manhattan,4,,25,25,25.0000,26,52,true,0.0090,25.0000
E6,open,4284,25,50,30,0,0,dijkstra,manhattan,4,,781,25,25.0000,26,63,true,0.3040,25.0000
E6,open,4284,25,50,30,0,0,a_star,manhattan,4,,25,25,25.0000,26,52,true,0.0126,25.0000
E6,open,4284,25,50,30,0,0,greedy,manhattan,4,,25,25,25.0000,26,52,true,0.0124,25.0000
E6,open,4284,25,50,30,0,0,swarm,manhattan,4,,25,25,25.0000,26,52,true,0.0126,25.0000
E6,open,4284,25,50,30,0,0,convergent_swarm,manhattan,4,,25,25,25.0000,26,52,true,0.0130,25.0000
E6,open,4284,25,50,30,0,0,zero_one_bfs,manhattan,4,,25,0,25.0000,26,52,true,0.0137,25.0000
E6,open,5077,25,50,30,0,0,bfs,manhattan,4,,793,25,25.0000,26,50,true,0.1975,25.0000
E6,open,5077,25,50,30,0,0,dfs,manhattan,4,,25,25,25.0000,26,52,true,0.0088,25.0000
E6,open,5077,25,50,30,0,0,dijkstra,manhattan,4,,781,25,25.0000,26,63,true,0.2892,25.0000
E6,open,5077,25,50,30,0,0,a_star,manhattan,4,,25,25,25.0000,26,52,true,0.0123,25.0000
E6,open,5077,25,50,30,0,0,greedy,manhattan,4,,25,25,25.0000,26,52,true,0.0125,25.0000
E6,open,5077,25,50,30,0,0,swarm,manhattan,4,,25,25,25.0000,26,52,true,0.0135,25.0000
E6,open,5077,25,50,30,0,0,convergent_swarm,manhattan,4,,25,25,25.0000,26,52,true,0.0121,25.0000
E6,open,5077,25,50,30,0,0,zero_one_bfs,manhattan,4,,25,0,25.0000,26,52,true,0.0132,25.0000
E6,open,5172,25,50,30,0,0,bfs,manhattan,4,,793,25,25.0000,26,50,true,0.2117,25.0000
E6,open,5172,25,50,30,0,0,dfs,manhattan,4,,25,25,25.0000,26,52,true,0.0087,25.0000
E6,open,5172,25,50,30,0,0,dijkstra,manhattan,4,,781,25,25.0000,26,63,true,0.2933,25.0000
E6,open,5172,25,50,30,0,0,a_star,manhattan,4,,25,25,25.0000,26,52,true,0.0122,25.0000
E6,open,5172,25,50,30,0,0,greedy,manhattan,4,,25,25,25.0000,26,52,true,0.0134,25.0000
E6,open,5172,25,50,30,0,0,swarm,manhattan,4,,25,25,25.0000,26,52,true,0.0123,25.0000
E6,open,5172,25,50,30,0,0,convergent_swarm,manhattan,4,,25,25,25.0000,26,52,true,0.0115,25.0000
E6,open,5172,25,50,30,0,0,zero_one_bfs,manhattan,4,,25,0,25.0000,26,52,true,0.0137,25.0000
E6,open,5291,25,50,30,0,0,bfs,manhattan,4,,793,25,25.0000,26,50,true,0.2069,25.0000
E6,open,5291,25,50,30,0,0,dfs,manhattan,4,,25,25,25.0000,26,52,true,0.0089,25.0000
E6,open,5291,25,50,30,0,0,dijkstra,manhattan,4,,781,25,25.0000,26,63,true,0.2909,25.0000
E6,open,5291,25,50,30,0,0,a_star,manhattan,4,,25,25,25.0000,26,52,true,0.0130,25.0000
E6,open,5291,25,50,30,0,0,greedy,manhattan,4,,25,25,25.0000,26,52,true,0.0127,25.0000
E6,open,5291,25,50,30,0,0,swarm,manhattan,4,,25,25,25.0000,26,52,true,0.0127,25.0000
E6,open,5291,25,50,30,0,0,convergent_swarm,manhattan,4,,25,25,25.0000,26,52,true,0.0114,25.0000
E6,open,5291,25,50,30,0,0,zero_one_bfs,manhattan,4,,25,0,25.0000,26,52,true,0.0142,25.0000
E6,random,42,50,100,30,1505,0,bfs,manhattan,4,,2436,70,70.0000,71,66,true,0.6522,70.0000
E6,random,42,50,100,30,1505,0,dfs,manhattan,4,,455,300,300.0000,301,255,true,0.1276,70.0000
E6,random,42,50,100,30,1505,0,dijkstra,manhattan,4,,2447,70,70.0000,71,77,true,1.3219,70.0000
E6,random,42,50,100,30,1505,0,a_star,manhattan,4,,464,70,70.0000,71,55,true,0.2082,70.0000
E6,random,42,50,100,30,1505,0,greedy,manhattan,4,,113,78,78.0000,79,60,true,0.0436,70.0000
E6,random,42,50,100,30,1505,0,swarm,manhattan,4,,158,76,76.0000,77,55,true,0.0569,70.0000
E6,random,42,50,100,30,1505,0,convergent_swarm,manhattan,4,,120,78,78.0000,79,57,true,0.0476,70.0000
E6,random,42,50,100,30,1505,0,zero_one_bfs,manhattan,4,,2139,0,446.0000,447,642,true,1.0357,70.0000
E6,random,137,50,100,30,1498,0,bfs,manhattan,4,,2575,82,82.0000,83,75,true,0.6914,82.0000
E6,random,137,50,100,30,1498,0,dfs,manhattan,4,,688,324,324.0000,325,269,true,0.2043,82.0000
E6,random,137,50,100,30,1498,0,dijkstra,manhattan,4,,2567,82,82.0000,83,79,true,1.0512,82.0000
E6,random,137,50,100,30,1498,0,a_star,manhattan,4,,837,82,82.0000,83,74,true,0.2914,82.0000
E6,random,137,50,100,30,1498,0,greedy,manhattan,4,,188,98,98.0000,99,63,true,0.0649,82.0000
E6,random,137,50,100,30,1498,0,swarm,manhattan,4,,379,94,94.0000,95,72,true,0.1311,82.0000
E6,random,137,50,100,30,1498,0,convergent_swarm,manhattan,4,,210,102,102.0000,103,64,true,0.0756,82.0000
E6,random,137,50,100,30,1498,0,zero_one_bfs,manhattan,4,,2709,0,312.0000,313,597,true,1.6252,82.0000
E6,random,256,50,100,30,1462,0,bfs,manhattan,4,,2400,64,64.0000,65,65,true,0.5807,64.0000
E6,random,256,50,100,30,1462,0,dfs,manhattan,4,,2025,1028,1028.0000,1029,866,true,0.5841,64.0000
E6,random,256,50,100,30,1462,0,dijkstra,manhattan,4,,2390,64,64.0000,65,69,true,1.3670,64.0000
E6,random,256,50,100,30,1462,0,a_star,manhattan,4,,339,64,64.0000,65,65,true,0.1162,64.0000
E6,random,256,50,100,30,1462,0,greedy,manhattan,4,,80,72,72.0000,73,63,true,0.0324,64.0000
E6,random,256,50,100,30,1462,0,swarm,manhattan,4,,86,70,70.0000,71,65,true,0.0335,64.0000
E6,random,256,50,100,30,1462,0,convergent_swarm,manhattan,4,,80,72,72.0000,73,63,true,0.0306,64.0000
E6,random,256,50,100,30,1462,0,zero_one_bfs,manhattan,4,,2294,0,568.0000,569,477,true,0.9724,64.0000
E6,random,1049,50,100,30,1503,0,bfs,manhattan,4,,2532,70,70.0000,71,76,true,0.6047,70.0000
E6,random,1049,50,100,30,1503,0,dfs,manhattan,4,,3267,504,504.0000,505,864,true,1.2817,70.0000
E6,random,1049,50,100,30,1503,0,dijkstra,manhattan,4,,2531,70,70.0000,71,76,true,1.0028,70.0000
E6,random,1049,50,100,30,1503,0,a_star,manhattan,4,,493,70,70.0000,71,81,true,0.1659,70.0000
E6,random,1049,50,100,30,1503,0,greedy,manhattan,4,,104,86,86.0000,87,59,true,0.0388,70.0000
E6,random,1049,50,100,30,1503,0,swarm,manhattan,4,,235,82,82.0000,83,68,true,0.0807,70.0000
E6,random,1049,50,100,30,1503,0,convergent_swarm,manhattan,4,,127,86,86.0000,87,60,true,0.0464,70.0000
E6,random,1049,50,100,30,1503,0,zero_one_bfs,manhattan,4,,857,0,284.0000,285,205,true,0.3494,70.0000
E6,random,1144,50,100,30,1461,0,bfs,manhattan,4,,2427,62,62.0000,63,69,true,0.6460,62.0000
E6,random,1144,50,100,30,1461,0,dfs,manhattan,4,,943,566,566.0000,567,495,true,0.3494,62.0000
E6,random,1144,50,100,30,1461,0,dijkstra,manhattan,4,,2414,62,62.0000,63,76,true,1.0656,62.0000
E6,random,1144,50,100,30,1461,0,a_star,manhattan,4,,357,62,62.0000,63,65,true,0.1289,62.0000
E6,random,1144,50,100,30,1461,0,greedy,manhattan,4,,102,76,76.0000,77,72,true,0.0400,62.0000
E6,random,1144,50,100,30,1461,0,swarm,manhattan,4,,141,72,72.0000,73,75,true,0.0638,62.0000
E6,random,1144,50,100,30,1461,0,convergent_swarm,manhattan,4,,112,76,76.0000,77,68,true,0.0414,62.0000
E6,random,1144,50,100,30,1461,0,zero_one_bfs,manhattan,4,,453,0,284.0000,285,247,true,0.2177,62.0000
E6,random,1263,50,100,30,1506,0,bfs,manhattan,4,,2320,66,66.0000,67,62,true,1.0956,66.0000
E6,random,1263,50,100,30,1506,0,dfs,manhattan,4,,941,620,620.0000,621,457,true,0.5965,66.0000
E6,random,1263,50,100,30,1506,0,dijkstra,manhattan,4,,2309,66,66.0000,67,68,true,0.9737,66.0000
E6,random,1263,50,100,30,1506,0,a_star,manhattan,4,,352,66,66.0000,67,76,true,0.1223,66.0000
E6,random,1263,50,100,30,1506,0,greedy,manhattan,4,,88,70,70.0000,71,69,true,0.1409,66.0000
E6,random,1263,50,100,30,1506,0,swarm,manhattan,4,,101,70,70.0000,71,67,true,0.0492,66.0000
E6,random,1263,50,100,30,1506,0,convergent_swarm,manhattan,4,,87,70,70.0000,71,67,true,0.0371,66.0000
E6,random,1263,50,100,30,1506,0,zero_one_bfs,manhattan,4,,384,0,290.0000,291,218,true,0.2057,66.0000
E6,random,2056,50,100,30,1432,0,bfs,manhattan,4,,2534,70,70.0000,71,88,true,0.8297,70.0000
E6,random,2056,50,100,30,1432,0,dfs,manhattan,4,,412,294,294.0000,295,259,true,0.1593,70.0000
E6,random,2056,50,100,30,1432,0,dijkstra,manhattan,4,,2523,70,70.0000,71,95,true,1.2658,70.0000
E6,random,2056,50,100,30,1432,0,a_star,manhattan,4,,433,70,70.0000,71,80,true,0.1454,70.0000
E6,random,2056,50,100,30,1432,0,greedy,manhattan,4,,103,76,76.0000,77,64,true,0.0373,70.0000
E6,random,2056,50,100,30,1432,0,swarm,manhattan,4,,107,74,74.0000,75,66,true,0.0398,70.0000
E6,random,2056,50,100,30,1432,0,convergent_swarm,manhattan,4,,103,76,76.0000,77,64,true,0.0379,70.0000
E6,random,2056,50,100,30,1432,0,zero_one_bfs,manhattan,4,,304,0,234.0000,235,194,true,0.1290,70.0000
E6,random,2151,50,100,30,1512,0,bfs,manhattan,4,,2640,76,76.0000,77,79,true,1.1589,76.0000
E6,random,2151,50,100,30,1512,0,dfs,manhattan,4,,697,362,362.0000,363,296,true,0.2168,76.0000
E6,random,2151,50,100,30,1512,0,dijkstra,manhattan,4,,2638,76,76.0000,77,85,true,1.1205,76.0000
E6,random,2151,50,100,30,1512,0,a_star,manhattan,4,,719,76,76.0000,77,75,true,0.2700,76.0000
E6,random,2151,50,100,30,1512,0,greedy,manhattan,4,,107,82,82.0000,83,70,true,0.0427,76.0000
E6,random,2151,50,100,30,1512,0,swarm,manhattan,4,,152,80,80.0000,81,68,true,0.0562,76.0000
E6,random,2151,50,100,30,1512,0,convergent_swarm,manhattan,4,,126,82,82.0000,83,70,true,0.0456,76.0000
E6,random,2151,50,100,30,1512,0,zero_one_bfs,manhattan,4,,1182,0,356.0000,357,376,true,0.5054,76.0000
E6,random,2270,50,100,30,1455,0,bfs,manhattan,4,,2458,68,68.0000,69,80,true,0.9235,68.0000
E6,random,2270,50,100,30,1455,0,dfs,manhattan,4,,699,418,418.0000,419,380,true,0.2179,68.0000
E6,random,2270,50,100,30,1455,0,dijkstra,manhattan,4,,2464,68,68.0000,69,86,true,1.1701,68.0000
E6,random,2270,50,100,30,1455,0,a_star,manhattan,4,,398,68,68.0000,69,77,true,0.1419,68.0000
E6,random,2270,50,100,30,1455,0,greedy,manhattan,4,,104,78,78.0000,79,75,true,0.0391,68.0000
E6,random,2270,50,100,30,1455,0,swarm,manhattan,4,,104,70,70.0000,71,74,true,0.0392,68.0000
E6,random,2270,50,100,30,1455,0,convergent_swarm,manhattan,4,,104,78,78.0000,79,74,true,0.0435,68.0000
E6,random,2270,50,100,30,1455,0,zero_one_bfs,manhattan,4,,2822,0,482.0000,483,594,true,2.1232,68.0000
E6,random,3063,50,100,30,1511,0,bfs,manhattan,4,,2458,68,68.0000,69,64,true,0.6320,68.0000
E6,random,3063,50,100,30,1511,0,dfs,manhattan,4,,925,342,342.0000,343,265,true,0.2576,68.0000
E6,random,3063,50,100,30,1511,0,dijkstra,manhattan,4,,2448,68,68.0000,69,67,true,1.0010,68.0000
E6,random,3063,50,100,30,1511,0,a_star,manhattan,4,,379,68,68.0000,69,85,true,0.1314,68.0000
E6,random,3063,50,100,30,1511,0,greedy,manhattan,4,,90,78,78.0000,79,63,true,0.0347,68.0000
E6,random,3063,50,100,30,1511,0,swarm,manhattan,4,,97,70,70.0000,71,60,true,0.0360,68.0000
E6,random,3063,50,100,30,1511,0,convergent_swarm,manhattan,4,,86,74,74.0000,75,58,true,0.0338,68.0000
E6,random,3063,50,100,30,1511,0,zero_one_bfs,manhattan,4,,3050,0,398.0000,399,592,true,1.5014,68.0000
E6,random,3158,50,100,30,1481,0,bfs,manhattan,4,,2572,74,74.0000,75,70,true,0.7374,74.0000
E6,random,3158,50,100,30,1481,0,dfs,manhattan,4,,874,490,490.0000,491,386,true,0.2676,74.0000
E6,random,3158,50,100,30,1481,0,dijkstra,manhattan,4,,2585,74,74.0000,75,77,true,1.0263,74.0000
E6,random,3158,50,100,30,1481,0,a_star,manhattan,4,,653,74,74.0000,75,85,true,0.2308,74.0000
E6,random,3158,50,100,30,1481,0,greedy,manhattan,4,,161,84,84.0000,85,68,true,0.0546,74.0000
E6,random,3158,50,100,30,1481,0,swarm,manhattan,4,,149,78,78.0000,79,63,true,0.0521,74.0000
E6,random,3158,50,100,30,1481,0,convergent_swarm,manhattan,4,,127,84,84.0000,85,63,true,0.0443,74.0000
E6,random,3158,50,100,30,1481,0,zero_one_bfs,manhattan,4,,2723,0,426.0000,427,633,true,1.2581,74.0000
E6,random,3277,50,100,30,1493,0,bfs,manhattan,4,,2410,66,66.0000,67,67,true,1.4989,66.0000
E6,random,3277,50,100,30,1493,0,dfs,manhattan,4,,1110,516,516.0000,517,409,true,0.3381,66.0000
E6,random,3277,50,100,30,1493,0,dijkstra,manhattan,4,,2406,66,66.0000,67,72,true,1.1073,66.0000
E6,random,3277,50,100,30,1493,0,a_star,manhattan,4,,379,66,66.0000,67,64,true,0.1382,66.0000
E6,random,3277,50,100,30,1493,0,greedy,manhattan,4,,99,80,80.0000,81,62,true,0.0372,66.0000
E6,random,3277,50,100,30,1493,0,swarm,manhattan,4,,126,66,66.0000,67,65,true,0.0446,66.0000
E6,random,3277,50,100,30,1493,0,convergent_swarm,manhattan,4,,102,80,80.0000,81,60,true,0.0374,66.0000
E6,random,3277,50,100,30,1493,0,zero_one_bfs,manhattan,4,,2515,0,522.0000,523,520,true,1.1742,66.0000
E6,random,4070,50,100,30,1519,0,bfs,manhattan,4,,2501,76,76.0000,77,67,true,0.7013,76.0000
E6,random,4070,50,100,30,1519,0,dfs,manhattan,4,,3142,422,422.0000,423,734,true,1.4170,76.0000
E6,random,4070,50,100,30,1519,0,dijkstra,manhattan,4,,2506,76,76.0000,77,69,true,1.0353,76.0000
E6,random,4070,50,100,30,1519,0,a_star,manhattan,4,,573,76,76.0000,77,84,true,0.2004,76.0000
E6,random,4070,50,100,30,1519,0,greedy,manhattan,4,,150,94,94.0000,95,71,true,0.0545,76.0000
E6,random,4070,50,100,30,1519,0,swarm,manhattan,4,,180,84,84.0000,85,60,true,0.0652,76.0000
E6,random,4070,50,100,30,1519,0,convergent_swarm,manhattan,4,,158,90,90.0000,91,67,true,0.0589,76.0000
E6,random,4070,50,100,30,1519,0,zero_one_bfs,manhattan,4,,3196,0,198.0000,199,392,true,1.3551,76.0000
E6,random,4165,50,100,30,1488,0,bfs,manhattan,4,,2486,70,70.0000,71,85,true,0.6819,70.0000
E6,random,4165,50,100,30,1488,0,dfs,manhattan,4,,521,316,316.0000,317,280,true,0.1655,70.0000
E6,random,4165,50,100,30,1488,0,dijkstra,manhattan,4,,2479,70,70.0000,71,89,true,1.0904,70.0000
E6,random,4165,50,100,30,1488,0,a_star,manhattan,4,,344,70,70.0000,71,74,true,0.2004,70.0000
E6,random,4165,50,100,30,1488,0,greedy,manhattan,4,,111,80,80.0000,81,70,true,0.0703,70.0000
E6,random,4165,50,100,30,1488,0,swarm,manhattan,4,,139,74,74.0000,75,69,true,0.0873,70.0000
E6,random,4165,50,100,30,1488,0,convergent_swarm,manhattan,4,,117,80,80.0000,81,70,true,0.0737,70.0000
E6,random,4165,50,100,30,1488,0,zero_one_bfs,manhattan,4,,3034,0,300.0000,301,599,true,1.4521,70.0000
E6,random,4284,50,100,30,1458,0,bfs,manhattan,4,,2483,68,68.0000,69,87,true,0.9758,68.0000
E6,random,4284,50,100,30,1458,0,dfs,manhattan,4,,511,392,392.0000,393,337,true,0.1896,68.0000
E6,random,4284,50,100,30,1458,0,dijkstra,manhattan,4,,2469,68,68.0000,69,88,true,1.2099,68.0000
E6,random,4284,50,100,30,1458,0,a_star,manhattan,4,,371,68,68.0000,69,60,true,0.1442,68.0000
E6,random,4284,50,100,30,1458,0,greedy,manhattan,4,,118,76,76.0000,77,66,true,0.0431,68.0000
E6,random,4284,50,100,30,1458,0,swarm,manhattan,4,,121,72,72.0000,73,61,true,0.0447,68.0000
E6,random,4284,50,100,30,1458,0,convergent_swarm,manhattan,4,,116,76,76.0000,77,63,true,0.0424,68.0000
E6,random,4284,50,100,30,1458,0,zero_one_bfs,manhattan,4,,642,0,484.0000,485,362,true,0.2840,68.0000
E6,random,5077,50,100,30,1504,0,bfs,manhattan,4,,2444,76,76.0000,77,65,true,1.5959,76.0000
E6,random,5077,50,100,30,1504,0,dfs,manhattan,4,,1082,624,624.0000,625,497,true,0.3161,76.0000
E6,random,5077,50,100,30,1504,0,dijkstra,manhattan,4,,2441,76,76.0000,77,71,true,0.9205,76.0000
E6,random,5077,50,100,30,1504,0,a_star,manhattan,4,,668,76,76.0000,77,80,true,0.2241,76.0000
E6,random,5077,50,100,30,1504,0,greedy,manhattan,4,,145,98,98.0000,99,74,true,0.0518,76.0000
E6,random,5077,50,100,30,1504,0,swarm,manhattan,4,,261,88,88.0000,89,74,true,0.0925,76.0000
E6,random,5077,50,100,30,1504,0,convergent_swarm,manhattan,4,,153,98,98.0000,99,70,true,0.0529,76.0000
E6,random,5077,50,100,30,1504,0,zero_one_bfs,manhattan,4,,1361,0,588.0000,589,424,true,0.5349,76.0000
E6,random,5172,50,100,30,1495,0,bfs,manhattan,4,,2465,66,66.0000,67,85,true,0.6176,66.0000
E6,random,5172,50,100,30,1495,0,dfs,manhattan,4,,3393,94,94.0000,95,824,true,1.2933,66.0000
E6,random,5172,50,100,30,1495,0,dijkstra,manhattan,4,,2448,66,66.0000,67,91,true,1.1754,66.0000
E6,random,5172,50,100,30,1495,0,a_star,manhattan,4,,394,66,66.0000,67,60,true,0.1374,66.0000
E6,random,5172,50,100,30,1495,0,greedy,manhattan,4,,124,72,72.0000,73,62,true,0.0441,66.0000
E6,random,5172,50,100,30,1495,0,swarm,manhattan,4,,125,68,68.0000,69,55,true,0.0490,66.0000
E6,random,5172,50,100,30,1495,0,convergent_swarm,manhattan,4,,116,72,72.0000,73,59,true,0.0412,66.0000
E6,random,5172,50,100,30,1495,0,zero_one_bfs,manhattan,4,,3350,0,70.0000,71,645,true,1.5469,66.0000
E6,random,5291,50,100,30,1500,0,bfs,manhattan,4,,2469,70,70.0000,71,70,true,0.6778,70.0000
E6,random,5291,50,100,30,1500,0,dfs,manhattan,4,,2862,450,450.0000,451,999,true,1.0549,70.0000
E6,random,5291,50,100,30,1500,0,dijkstra,manhattan,4,,2495,70,70.0000,71,71,true,1.0474,70.0000
E6,random,5291,50,100,30,1500,0,a_star,manhattan,4,,571,70,70.0000,71,90,true,0.1952,70.0000
E6,random,5291,50,100,30,1500,0,greedy,manhattan,4,,136,88,88.0000,89,66,true,0.0479,70.0000
E6,random,5291,50,100,30,1500,0,swarm,manhattan,4,,165,76,76.0000,77,57,true,0.0580,70.0000
E6,random,5291,50,100,30,1500,0,convergent_swarm,manhattan,4,,119,78,78.0000,79,59,true,0.0425,70.0000
E6,random,5291,50,100,30,1500,0,zero_one_bfs,manhattan,4,,2776,0,272.0000,273,624,true,1.3173,70.0000
E6,maze,42,50,100,30,2646,0,bfs,manhattan,4,,927,452,452.0000,453,7,true,0.1782,452.0000
E6,maze,42,50,100,30,2646,0,dfs,manhattan,4,,460,452,452.0000,453,15,true,0.0899,452.0000
E6,maze,42,50,100,30,2646,0,dijkstra,manhattan,4,,927,452,452.0000,453,7,true,0.2567,452.0000
E6,maze,42,50,100,30,2646,0,a_star,manhattan,4,,895,452,452.0000,453,7,true,0.2471,452.0000
E6,maze,42,50,100,30,2646,0,greedy,manhattan,4,,484,452,452.0000,453,11,true,0.1144,452.0000
E6,maze,42,50,100,30,2646,0,swarm,manhattan,4,,679,452,452.0000,453,6,true,0.1640,452.0000
E6,maze,42,50,100,30,2646,0,convergent_swarm,manhattan,4,,545,452,452.0000,453,9,true,0.1370,452.0000
E6,maze,42,50,100,30,2646,0,zero_one_bfs,manhattan,4,,460,0,452.0000,453,15,true,0.1164,452.0000
E6,maze,137,50,100,30,2646,0,bfs,manhattan,4,,1653,1020,1020.0000,1021,8,true,0.4330,1020.0000
E6,maze,137,50,100,30,2646,0,dfs,manhattan,4,,1218,1020,1020.0000,1021,23,true,0.3175,1020.0000
E6,maze,137,50,100,30,2646,0,dijkstra,manhattan,4,,1652,1020,1020.0000,1021,8,true,0.4468,1020.0000
E6,maze,137,50,100,30,2646,0,a_star,manhattan,4,,1639,1020,1020.0000,1021,6,true,1.2672,1020.0000
E6,maze,137,50,100,30,2646,0,greedy,manhattan,4,,1256,1020,1020.0000,1021,15,true,0.3301,1020.0000
E6,maze,137,50,100,30,2646,0,swarm,manhattan,4,,1428,1020,1020.0000,1021,7,true,0.3545,1020.0000
E6,maze,137,50,100,30,2646,0,convergent_swarm,manhattan,4,,1275,1020,1020.0000,1021,11,true,0.3167,1020.0000
E6,maze,137,50,100,30,2646,0,zero_one_bfs,manhattan,4,,1218,0,1020.0000,1021,23,true,0.3709,1020.0000
E6,maze,256,50,100,30,2646,0,bfs,manhattan,4,,1652,840,840.0000,841,8,true,0.3109,840.0000
E6,maze,256,50,100,30,2646,0,dfs,manhattan,4,,946,840,840.0000,841,24,true,0.1817,840.0000
E6,maze,256,50,100,30,2646,0,dijkstra,manhattan,4,,1653,840,840.0000,841,8,true,0.4601,840.0000
E6,maze,256,50,100,30,2646,0,a_star,manhattan,4,,1429,840,840.0000,841,11,true,0.3789,840.0000
E6,maze,256,50,100,30,2646,0,greedy,manhattan,4,,1095,840,840.0000,841,17,true,0.2926,840.0000
E6,maze,256,50,100,30,2646,0,swarm,manhattan,4,,1342,840,840.0000,841,11,true,0.3388,840.0000
E6,maze,256,50,100,30,2646,0,convergent_swarm,manhattan,4,,1317,840,840.0000,841,10,true,0.3297,840.0000
E6,maze,256,50,100,30,2646,0,zero_one_bfs,manhattan,4,,946,0,840.0000,841,24,true,0.2536,840.0000
E6,maze,1049,50,100,30,2646,0,bfs,manhattan,4,,873,440,440.0000,441,9,true,0.1789,440.0000
E6,maze,1049,50,100,30,2646,0,dfs,manhattan,4,,442,440,440.0000,441,12,true,0.0961,440.0000
E6,maze,1049,50,100,30,2646,0,dijkstra,manhattan,4,,869,440,440.0000,441,9,true,0.2110,440.0000
E6,maze,1049,50,100,30,2646,0,a_star,manhattan,4,,603,440,440.0000,441,7,true,0.1463,440.0000
E6,maze,1049,50,100,30,2646,0,greedy,manhattan,4,,460,440,440.0000,441,9,true,0.1043,440.0000
E6,maze,1049,50,100,30,2646,0,swarm,manhattan,4,,525,440,440.0000,441,6,true,0.1294,440.0000
E6,maze,1049,50,100,30,2646,0,convergent_swarm,manhattan,4,,471,440,440.0000,441,8,true,0.1070,440.0000
E6,maze,1049,50,100,30,2646,0,zero_one_bfs,manhattan,4,,442,0,440.0000,441,12,true,0.1133,440.0000
E6,maze,1144,50,100,30,2646,0,bfs,manhattan,4,,1357,620,620.0000,621,6,true,0.3649,620.0000
E6,maze,1144,50,100,30,2646,0,dfs,manhattan,4,,668,620,620.0000,621,15,true,0.1357,620.0000
E6,maze,1144,50,100,30,2646,0,dijkstra,manhattan,4,,1355,620,620.0000,621,7,true,0.3773,620.0000
E6,maze,1144,50,100,30,2646,0,a_star,manhattan,4,,1227,620,620.0000,621,6,true,0.3260,620.0000
E6,maze,1144,50,100,30,2646,0,greedy,manhattan,4,,680,620,620.0000,621,13,true,0.1710,620.0000
E6,maze,1144,50,100,30,2646,0,swarm,manhattan,4,,1086,620,620.0000,621,9,true,0.3044,620.0000
E6,maze,1144,50,100,30,2646,0,convergent_swarm,manhattan,4,,817,620,620.0000,621,11,true,0.2033,620.0000
E6,maze,1144,50,100,30,2646,0,zero_one_bfs,manhattan,4,,668,0,620.0000,621,15,true,0.1795,620.0000
E6,maze,1263,50,100,30,2646,0,bfs,manhattan,4,,1550,828,828.0000,829,7,true,0.4115,828.0000
E6,maze,1263,50,100,30,2646,0,dfs,manhattan,4,,862,828,828.0000,829,23,true,0.1775,828.0000
E6,maze,1263,50,100,30,2646,0,dijkstra,manhattan,4,,1549,828,828.0000,829,7,true,0.4265,828.0000
E6,maze,1263,50,100,30,2646,0,a_star,manhattan,4,,1384,828,828.0000,829,7,true,0.3534,828.0000
E6,maze,1263,50,100,30,2646,0,greedy,manhattan,4,,916,828,828.0000,829,16,true,0.2314,828.0000
E6,maze,1263,50,100,30,2646,0,swarm,manhattan,4,,1242,828,828.0000,829,8,true,0.3163,828.0000
E6,maze,1263,50,100,30,2646,0,convergent_swarm,manhattan,4,,1138,828,828.0000,829,10,true,0.5076,828.0000
E6,maze,1263,50,100,30,2646,0,zero_one_bfs,manhattan,4,,862,0,828.0000,829,23,true,0.3678,828.0000
E6,maze,2056,50,100,30,2646,0,bfs,manhattan,4,,2152,1168,1168.0000,1169,7,true,1.0493,1168.0000
E6,maze,2056,50,100,30,2646,0,dfs,manhattan,4,,1372,1168,1168.0000,1169,42,true,0.2817,1168.0000
E6,maze,2056,50,100,30,2646,0,dijkstra,manhattan,4,,2153,1168,1168.0000,1169,6,true,0.5914,1168.0000
E6,maze,2056,50,100,30,2646,0,a_star,manhattan,4,,2077,1168,1168.0000,1169,7,true,0.9888,1168.0000
E6,maze,2056,50,100,30,2646,0,greedy,manhattan,4,,1575,1168,1168.0000,1169,21,true,0.4330,1168.0000
E6,maze,2056,50,100,30,2646,0,swarm,manhattan,4,,1991,1168,1168.0000,1169,10,true,0.5500,1168.0000
E6,maze,2056,50,100,30,2646,0,convergent_swarm,manhattan,4,,1751,1168,1168.0000,1169,14,true,0.4446,1168.0000
E6,maze,2056,50,100,30,2646,0,zero_one_bfs,manhattan,4,,1372,0,1168.0000,1169,42,true,0.3938,1168.0000
E6,maze,2151,50,100,30,2646,0,bfs,manhattan,4,,837,496,496.0000,497,6,true,0.1487,496.0000
E6,maze,2151,50,100,30,2646,0,dfs,manhattan,4,,518,496,496.0000,497,15,true,0.1081,496.0000
E6,maze,2151,50,100,30,2646,0,dijkstra,manhattan,4,,836,496,496.0000,497,6,true,0.2027,496.0000
E6,maze,2151,50,100,30,2646,0,a_star,manhattan,4,,719,496,496.0000,497,6,true,0.1745,496.0000
E6,maze,2151,50,100,30,2646,0,greedy,manhattan,4,,520,496,496.0000,497,13,true,0.1327,496.0000
E6,maze,2151,50,100,30,2646,0,swarm,manhattan,4,,589,496,496.0000,497,7,true,0.1432,496.0000
E6,maze,2151,50,100,30,2646,0,convergent_swarm,manhattan,4,,534,496,496.0000,497,7,true,0.1277,496.0000
E6,maze,2151,50,100,30,2646,0,zero_one_bfs,manhattan,4,,518,0,496.0000,497,15,true,0.1463,496.0000
E6,maze,2270,50,100,30,2646,0,bfs,manhattan,4,,2290,732,732.0000,733,11,true,0.5148,732.0000
E6,maze,2270,50,100,30,2646,0,dfs,manhattan,4,,804,732,732.0000,733,25,true,0.1773,732.0000
E6,maze,2270,50,100,30,2646,0,dijkstra,manhattan,4,,2289,732,732.0000,733,11,true,0.6950,732.0000
E6,maze,2270,50,100,30,2646,0,a_star,manhattan,4,,2044,732,732.0000,733,11,true,0.5718,732.0000
E6,maze,2270,50,100,30,2646,0,greedy,manhattan,4,,1016,732,732.0000,733,20,true,0.2686,732.0000
E6,maze,2270,50,100,30,2646,0,swarm,manhattan,4,,1672,732,732.0000,733,11,true,0.4249,732.0000
E6,maze,2270,50,100,30,2646,0,convergent_swarm,manhattan,4,,1110,732,732.0000,733,14,true,0.3578,732.0000
E6,maze,2270,50,100,30,2646,0,zero_one_bfs,manhattan,4,,804,0,732.0000,733,25,true,0.2107,732.0000
E6,maze,3063,50,100,30,2646,0,bfs,manhattan,4,,2193,1212,1212.0000,1213,7,true,0.4269,1212.0000
E6,maze,3063,50,100,30,2646,0,dfs,manhattan,4,,1384,1212,1212.0000,1213,30,true,0.4895,1212.0000
E6,maze,3063,50,100,30,2646,0,dijkstra,manhattan,4,,2192,1212,1212.0000,1213,6,true,0.6414,1212.0000
E6,maze,3063,50,100,30,2646,0,a_star,manhattan,4,,2091,1212,1212.0000,1213,8,true,0.6326,1212.0000
E6,maze,3063,50,100,30,2646,0,greedy,manhattan,4,,1614,1212,1212.0000,1213,20,true,0.4326,1212.0000
E6,maze,3063,50,100,30,2646,0,swarm,manhattan,4,,2067,1212,1212.0000,1213,11,true,0.5809,1212.0000
E6,maze,3063,50,100,30,2646,0,convergent_swarm,manhattan,4,,2033,1212,1212.0000,1213,13,true,0.6625,1212.0000
E6,maze,3063,50,100,30,2646,0,zero_one_bfs,manhattan,4,,1384,0,1212.0000,1213,30,true,0.3944,1212.0000
E6,maze,3158,50,100,30,2646,0,bfs,manhattan,4,,1617,736,736.0000,737,12,true,0.5156,736.0000
E6,maze,3158,50,100,30,2646,0,dfs,manhattan,4,,824,736,736.0000,737,20,true,0.1691,736.0000
E6,maze,3158,50,100,30,2646,0,dijkstra,manhattan,4,,1617,736,736.0000,737,12,true,0.4030,736.0000
E6,maze,3158,50,100,30,2646,0,a_star,manhattan,4,,1595,736,736.0000,737,11,true,0.4151,736.0000
E6,maze,3158,50,100,30,2646,0,greedy,manhattan,4,,1153,736,736.0000,737,13,true,0.3127,736.0000
E6,maze,3158,50,100,30,2646,0,swarm,manhattan,4,,1440,736,736.0000,737,12,true,0.4287,736.0000
E6,maze,3158,50,100,30,2646,0,convergent_swarm,manhattan,4,,1166,736,736.0000,737,17,true,0.3472,736.0000
E6,maze,3158,50,100,30,2646,0,zero_one_bfs,manhattan,4,,824,0,736.0000,737,20,true,0.2354,736.0000
E6,maze,3277,50,100,30,2646,0,bfs,manhattan,4,,2217,1312,1312.0000,1313,8,true,0.4621,1312.0000
E6,maze,3277,50,100,30,2646,0,dfs,manhattan,4,,1530,1312,1312.0000,1313,40,true,0.3134,1312.0000
E6,maze,3277,50,100,30,2646,0,dijkstra,manhattan,4,,2216,1312,1312.0000,1313,8,true,0.6746,1312.0000
E6,maze,3277,50,100,30,2646,0,a_star,manhattan,4,,2169,1312,1312.0000,1313,8,true,0.6852,1312.0000
E6,maze,3277,50,100,30,2646,0,greedy,manhattan,4,,1776,1312,1312.0000,1313,27,true,0.4881,1312.0000
E6,maze,3277,50,100,30,2646,0,swarm,manhattan,4,,2138,1312,1312.0000,1313,8,true,0.5960,1312.0000
E6,maze,3277,50,100,30,2646,0,convergent_swarm,manhattan,4,,1956,1312,1312.0000,1313,11,true,0.4946,1312.0000
E6,maze,3277,50,100,30,2646,0,zero_one_bfs,manhattan,4,,1530,0,1312.0000,1313,40,true,0.4217,1312.0000
E6,maze,4070,50,100,30,2646,0,bfs,manhattan,4,,2307,1208,1208.0000,1209,8,true,1.2306,1208.0000
E6,maze,4070,50,100,30,2646,0,dfs,manhattan,4,,1452,1208,1208.0000,1209,34,true,0.3073,1208.0000
E6,maze,4070,50,100,30,2646,0,dijkstra,manhattan,4,,2307,1208,1208.0000,1209,8,true,0.6967,1208.0000
E6,maze,4070,50,100,30,2646,0,a_star,manhattan,4,,2203,1208,1208.0000,1209,8,true,0.8209,1208.0000
E6,maze,4070,50,100,30,2646,0,greedy,manhattan,4,,1647,1208,1208.0000,1209,20,true,0.4693,1208.0000
E6,maze,4070,50,100,30,2646,0,swarm,manhattan,4,,2063,1208,1208.0000,1209,7,true,0.5790,1208.0000
E6,maze,4070,50,100,30,2646,0,convergent_swarm,manhattan,4,,2045,1208,1208.0000,1209,9,true,0.6154,1208.0000
E6,maze,4070,50,100,30,2646,0,zero_one_bfs,manhattan,4,,1452,0,1208.0000,1209,34,true,0.5097,1208.0000
E6,maze,4165,50,100,30,2646,0,bfs,manhattan,4,,1921,1016,1016.0000,1017,7,true,0.3592,1016.0000
E6,maze,4165,50,100,30,2646,0,dfs,manhattan,4,,1228,1016,1016.0000,1017,21,true,0.2499,1016.0000
E6,maze,4165,50,100,30,2646,0,dijkstra,manhattan,4,,1920,1016,1016.0000,1017,7,true,0.4742,1016.0000
E6,maze,4165,50,100,30,2646,0,a_star,manhattan,4,,1741,1016,1016.0000,1017,6,true,0.4241,1016.0000
E6,maze,4165,50,100,30,2646,0,greedy,manhattan,4,,1343,1016,1016.0000,1017,19,true,0.3485,1016.0000
E6,maze,4165,50,100,30,2646,0,swarm,manhattan,4,,1654,1016,1016.0000,1017,9,true,0.4122,1016.0000
E6,maze,4165,50,100,30,2646,0,convergent_swarm,manhattan,4,,1552,1016,1016.0000,1017,11,true,0.3926,1016.0000
E6,maze,4165,50,100,30,2646,0,zero_one_bfs,manhattan,4,,1228,0,1016.0000,1017,21,true,0.3370,1016.0000
E6,maze,4284,50,100,30,2646,0,bfs,manhattan,4,,1439,868,868.0000,869,9,true,0.3240,868.0000
E6,maze,4284,50,100,30,2646,0,dfs,manhattan,4,,996,868,868.0000,869,23,true,0.2005,868.0000
E6,maze,4284,50,100,30,2646,0,dijkstra,manhattan,4,,1436,868,868.0000,869,8,true,0.3587,868.0000
E6,maze,4284,50,100,30,2646,0,a_star,manhattan,4,,1321,868,868.0000,869,6,true,0.3254,868.0000
E6,maze,4284,50,100,30,2646,0,greedy,manhattan,4,,1025,868,868.0000,869,17,true,0.2713,868.0000
E6,maze,4284,50,100,30,2646,0,swarm,manhattan,4,,1281,868,868.0000,869,6,true,0.3217,868.0000
E6,maze,4284,50,100,30,2646,0,convergent_swarm,manhattan,4,,1095,868,868.0000,869,10,true,0.2868,868.0000
E6,maze,4284,50,100,30,2646,0,zero_one_bfs,manhattan,4,,996,0,868.0000,869,23,true,0.2629,868.0000
E6,maze,5077,50,100,30,2646,0,bfs,manhattan,4,,2031,1044,1044.0000,1045,8,true,0.3746,1044.0000
E6,maze,5077,50,100,30,2646,0,dfs,manhattan,4,,1212,1044,1044.0000,1045,29,true,0.2561,1044.0000
E6,maze,5077,50,100,30,2646,0,dijkstra,manhattan,4,,2030,1044,1044.0000,1045,8,true,0.5110,1044.0000
E6,maze,5077,50,100,30,2646,0,a_star,manhattan,4,,1827,1044,1044.0000,1045,9,true,0.4630,1044.0000
E6,maze,5077,50,100,30,2646,0,greedy,manhattan,4,,1456,1044,1044.0000,1045,19,true,0.5646,1044.0000
E6,maze,5077,50,100,30,2646,0,swarm,manhattan,4,,1712,1044,1044.0000,1045,8,true,0.4751,1044.0000
E6,maze,5077,50,100,30,2646,0,convergent_swarm,manhattan,4,,1615,1044,1044.0000,1045,10,true,0.4523,1044.0000
E6,maze,5077,50,100,30,2646,0,zero_one_bfs,manhattan,4,,1212,0,1044.0000,1045,29,true,0.3409,1044.0000
E6,maze,5172,50,100,30,2646,0,bfs,manhattan,4,,2227,1216,1216.0000,1217,6,true,0.4449,1216.0000
E6,maze,5172,50,100,30,2646,0,dfs,manhattan,4,,1388,1216,1216.0000,1217,41,true,0.2851,1216.0000
E6,maze,5172,50,100,30,2646,0,dijkstra,manhattan,4,,2225,1216,1216.0000,1217,6,true,0.6236,1216.0000
E6,maze,5172,50,100,30,2646,0,a_star,manhattan,4,,2105,1216,1216.0000,1217,7,true,1.1439,1216.0000
E6,maze,5172,50,100,30,2646,0,greedy,manhattan,4,,1642,1216,1216.0000,1217,26,true,0.4341,1216.0000
E6,maze,5172,50,100,30,2646,0,swarm,manhattan,4,,2043,1216,1216.0000,1217,7,true,0.5842,1216.0000
E6,maze,5172,50,100,30,2646,0,convergent_swarm,manhattan,4,,1833,1216,1216.0000,1217,17,true,0.5092,1216.0000
E6,maze,5172,50,100,30,2646,0,zero_one_bfs,manhattan,4,,1388,0,1216.0000,1217,41,true,0.3922,1216.0000
E6,maze,5291,50,100,30,2646,0,bfs,manhattan,4,,1732,896,896.0000,897,8,true,0.3433,896.0000
E6,maze,5291,50,100,30,2646,0,dfs,manhattan,4,,1060,896,896.0000,897,23,true,0.2404,896.0000
E6,maze,5291,50,100,30,2646,0,dijkstra,manhattan,4,,1732,896,896.0000,897,8,true,0.4771,896.0000
E6,maze,5291,50,100,30,2646,0,a_star,manhattan,4,,1639,896,896.0000,897,8,true,0.4274,896.0000
E6,maze,5291,50,100,30,2646,0,greedy,manhattan,4,,1000,896,896.0000,897,20,true,0.2470,896.0000
E6,maze,5291,50,100,30,2646,0,swarm,manhattan,4,,1578,896,896.0000,897,7,true,0.5914,896.0000
E6,maze,5291,50,100,30,2646,0,convergent_swarm,manhattan,4,,1220,896,896.0000,897,9,true,0.3494,896.0000
E6,maze,5291,50,100,30,2646,0,zero_one_bfs,manhattan,4,,1060,0,896.0000,897,23,true,0.3380,896.0000
E6,open,42,50,100,30,0,0,bfs,manhattan,4,,3174,50,50.0000,51,100,true,0.8908,50.0000
E6,open,42,50,100,30,0,0,dfs,manhattan,4,,50,50,50.0000,51,102,true,0.0180,50.0000
E6,open,42,50,100,30,0,0,dijkstra,manhattan,4,,3130,50,50.0000,51,132,true,1.4111,50.0000
E6,open,42,50,100,30,0,0,a_star,manhattan,4,,50,50,50.0000,51,102,true,0.0250,50.0000
E6,open,42,50,100,30,0,0,greedy,manhattan,4,,50,50,50.0000,51,102,true,0.0265,50.0000
E6,open,42,50,100,30,0,0,swarm,manhattan,4,,50,50,50.0000,51,102,true,0.0259,50.0000
E6,open,42,50,100,30,0,0,convergent_swarm,manhattan,4,,50,50,50.0000,51,102,true,0.0286,50.0000
E6,open,42,50,100,30,0,0,zero_one_bfs,manhattan,4,,50,0,50.0000,51,102,true,0.0291,50.0000
E6,open,137,50,100,30,0,0,bfs,manhattan,4,,3174,50,50.0000,51,100,true,0.9910,50.0000
E6,open,137,50,100,30,0,0,dfs,manhattan,4,,50,50,50.0000,51,102,true,0.0224,50.0000
E6,open,137,50,100,30,0,0,dijkstra,manhattan,4,,3130,50,50.0000,51,132,true,1.5455,50.0000
E6,open,137,50,100,30,0,0,a_star,manhattan,4,,50,50,50.0000,51,102,true,0.0246,50.0000
E6,open,137,50,100,30,0,0,greedy,manhattan,4,,50,50,50.0000,51,102,true,0.0256,50.0000
E6,open,137,50,100,30,0,0,swarm,manhattan,4,,50,50,50.0000,51,102,true,0.0264,50.0000
E6,open,137,50,100,30,0,0,convergent_swarm,manhattan,4,,50,50,50.0000,51,102,true,0.0252,50.0000
E6,open,137,50,100,30,0,0,zero_one_bfs,manhattan,4,,50,0,50.0000,51,102,true,0.0285,50.0000
E6,open,256,50,100,30,0,0,bfs,manhattan,4,,3174,50,50.0000,51,100,true,1.0073,50.0000
E6,open,256,50,100,30,0,0,dfs,manhattan,4,,50,50,50.0000,51,102,true,0.0305,50.0000
E6,open,256,50,100,30,0,0,dijkstra,manhattan,4,,3130,50,50.0000,51,132,true,1.7768,50.0000
E6,open,256,50,100,30,0,0,a_star,manhattan,4,,50,50,50.0000,51,102,true,0.0326,50.0000
E6,open,256,50,100,30,0,0,greedy,manhattan,4,,50,50,50.0000,51,102,true,0.0273,50.0000
E6,open,256,50,100,30,0,0,swarm,manhattan,4,,50,50,50.0000,51,102,true,0.0252,50.0000
E6,open,256,50,100,30,0,0,convergent_swarm,manhattan,4,,50,50,50.0000,51,102,true,0.0283,50.0000
E6,open,256,50,100,30,0,0,zero_one_bfs,manhattan,4,,50,0,50.0000,51,102,true,0.0289,50.0000
E6,open,1049,50,100,30,0,0,bfs,manhattan,4,,3174,50,50.0000,51,100,true,0.9019,50.0000
E6,open,1049,50,100,30,0,0,dfs,manhattan,4,,50,50,50.0000,51,102,true,0.0172,50.0000
E6,open,1049,50,100,30,0,0,dijkstra,manhattan,4,,3130,50,50.0000,51,132,true,1.4520,50.0000
E6,open,1049,50,100,30,0,0,a_star,manhattan,4,,50,50,50.0000,51,102,true,0.0232,50.0000
E6,open,1049,50,100,30,0,0,greedy,manhattan,4,,50,50,50.0000,51,102,true,0.0260,50.0000
E6,open,1049,50,100,30,0,0,swarm,manhattan,4,,50,50,50.0000,51,102,true,0.0245,50.0000
E6,open,1049,50,100,30,0,0,convergent_swarm,manhattan,4,,50,50,50.0000,51,102,true,0.0253,50.0000
E6,open,1049,50,100,30,0,0,zero_one_bfs,manhattan,4,,50,0,50.0000,51,102,true,0.0263,50.0000
E6,open,1144,50,100,30,0,0,bfs,manhattan,4,,3174,50,50.0000,51,100,true,0.9178,50.0000
E6,open,1144,50,100,30,0,0,dfs,manhattan,4,,50,50,50.0000,51,102,true,0.0171,50.0000
E6,open,1144,50,100,30,0,0,dijkstra,manhattan,4,,3130,50,50.0000,51,132,true,1.4194,50.0000
E6,open,1144,50,100,30,0,0,a_star,manhattan,4,,50,50,50.0000,51,102,true,0.0241,50.0000
E6,open,1144,50,100,30,0,0,greedy,manhattan,4,,50,50,50.0000,51,102,true,0.0263,50.0000
E6,open,1144,50,100,30,0,0,swarm,manhattan,4,,50,50,50.0000,51,102,true,0.0244,50.0000
E6,open,1144,50,100,30,0,0,convergent_swarm,manhattan,4,,50,50,50.0000,51,102,true,0.0265,50.0000
E6,open,1144,50,100,30,0,0,zero_one_bfs,manhattan,4,,50,0,50.0000,51,102,true,0.0278,50.0000
E6,open,1263,50,100,30,0,0,bfs,manhattan,4,,3174,50,50.0000,51,100,true,1.2158,50.0000
E6,open,1263,50,100,30,0,0,dfs,manhattan,4,,50,50,50.0000,51,102,true,0.0202,50.0000
E6,open,1263,50,100,30,0,0,dijkstra,manhattan,4,,3130,50,50.0000,51,132,true,1.6201,50.0000
E6,open,1263,50,100,30,0,0,a_star,manhattan,4,,50,50,50.0000,51,102,true,0.0243,50.0000
E6,open,1263,50,100,30,0,0,greedy,manhattan,4,,50,50,50.0000,51,102,true,0.0265,50.0000
E6,open,1263,50,100,30,0,0,swarm,manhattan,4,,50,50,50.0000,51,102,true,0.0251,50.0000
E6,open,1263,50,100,30,0,0,convergent_swarm,manhattan,4,,50,50,50.0000,51,102,true,0.0265,50.0000
E6,open,1263,50,100,30,0,0,zero_one_bfs,manhattan,4,,50,0,50.0000,51,102,true,0.0293,50.0000
E6,open,2056,50,100,30,0,0,bfs,manhattan,4,,3174,50,50.0000,51,100,true,0.9100,50.0000
E6,open,2056,50,100,30,0,0,dfs,manhattan,4,,50,50,50.0000,51,102,true,0.0176,50.0000
E6,open,2056,50,100,30,0,0,dijkstra,manhattan,4,,3130,50,50.0000,51,132,true,2.2161,50.0000
E6,open,2056,50,100,30,0,0,a_star,manhattan,4,,50,50,50.0000,51,102,true,0.0243,50.0000
E6,open,2056,50,100,30,0,0,greedy,manhattan,4,,50,50,50.0000,51,102,true,0.0277,50.0000
E6,open,2056,50,100,30,0,0,swarm,manhattan,4,,50,50,50.0000,51,102,true,0.0264,50.0000
E6,open,2056,50,100,30,0,0,convergent_swarm,manhattan,4,,50,50,50.0000,51,102,true,0.0252,50.0000
E6,open,2056,50,100,30,0,0,zero_one_bfs,manhattan,4,,50,0,50.0000,51,102,true,0.0287,50.0000
E6,open,2151,50,100,30,0,0,bfs,manhattan,4,,3174,50,50.0000,51,100,true,1.0455,50.0000
E6,open,2151,50,100,30,0,0,dfs,manhattan,4,,50,50,50.0000,51,102,true,0.0170,50.0000
E6,open,2151,50,100,30,0,0,dijkstra,manhattan,4,,3130,50,50.0000,51,132,true,1.5448,50.0000
E6,open,2151,50,100,30,0,0,a_star,manhattan,4,,50,50,50.0000,51,102,true,0.0268,50.0000
E6,open,2151,50,100,30,0,0,greedy,manhattan,4,,50,50,50.0000,51,102,true,0.0353,50.0000
E6,open,2151,50,100,30,0,0,swarm,manhattan,4,,50,50,50.0000,51,102,true,0.0330,50.0000
E6,open,2151,50,100,30,0,0,convergent_swarm,manhattan,4,,50,50,50.0000,51,102,true,0.0257,50.0000
E6,open,2151,50,100,30,0,0,zero_one_bfs,manhattan,4,,50,0,50.0000,51,102,true,0.0268,50.0000
E6,open,2270,50,100,30,0,0,bfs,manhattan,4,,3174,50,50.0000,51,100,true,1.2615,50.0000
E6,open,2270,50,100,30,0,0,dfs,manhattan,4,,50,50,50.0000,51,102,true,0.0199,50.0000
E6,open,2270,50,100,30,0,0,dijkstra,manhattan,4,,3130,50,50.0000,51,132,true,1.4791,50.0000
E6,open,2270,50,100,30,0,0,a_star,manhattan,4,,50,50,50.0000,51,102,true,0.0239,50.0000
E6,open,2270,50,100,30,0,0,greedy,manhattan,4,,50,50,50.0000,51,102,true,0.0268,50.0000
E6,open,2270,50,100,30,0,0,swarm,manhattan,4,,50,50,50.0000,51,102,true,0.0246,50.0000
E6,open,2270,50,100,30,0,0,convergent_swarm,manhattan,4,,50,50,50.0000,51,102,true,0.0286,50.0000
E6,open,2270,50,100,30,0,0,zero_one_bfs,manhattan,4,,50,0,50.0000,51,102,true,0.0315,50.0000
E6,open,3063,50,100,30,0,0,bfs,manhattan,4,,3174,50,50.0000,51,100,true,1.2416,50.0000
E6,open,3063,50,100,30,0,0,dfs,manhattan,4,,50,50,50.0000,51,102,true,0.0187,50.0000
E6,open,3063,50,100,30,0,0,dijkstra,manhattan,4,,3130,50,50.0000,51,132,true,1.7046,50.0000
E6,open,3063,50,100,30,0,0,a_star,manhattan,4,,50,50,50.0000,51,102,true,0.0271,50.0000
E6,open,3063,50,100,30,0,0,greedy,manhattan,4,,50,50,50.0000,51,102,true,0.0266,50.0000
E6,open,3063,50,100,30,0,0,swarm,manhattan,4,,50,50,50.0000,51,102,true,0.0251,50.0000
E6,open,3063,50,100,30,0,0,convergent_swarm,manhattan,4,,50,50,50.0000,51,102,true,0.0254,50.0000
E6,open,3063,50,100,30,0,0,zero_one_bfs,manhattan,4,,50,0,50.0000,51,102,true,0.0347,50.0000
E6,open,3158,50,100,30,0,0,bfs,manhattan,4,,3174,50,50.0000,51,100,true,0.9467,50.0000
E6,open,3158,50,100,30,0,0,dfs,manhattan,4,,50,50,50.0000,51,102,true,0.0174,50.0000
E6,open,3158,50,100,30,0,0,dijkstra,manhattan,4,,3130,50,50.0000,51,132,true,1.5307,50.0000
E6,open,3158,50,100,30,0,0,a_star,manhattan,4,,50,50,50.0000,51,102,true,0.0242,50.0000
E6,open,3158,50,100,30,0,0,greedy,manhattan,4,,50,50,50.0000,51,102,true,0.0266,50.0000
E6,open,3158,50,100,30,0,0,swarm,manhattan,4,,50,50,50.0000,51,102,true,0.0258,50.0000
E6,open,3158,50,100,30,0,0,convergent_swarm,manhattan,4,,50,50,50.0000,51,102,true,0.0256,50.0000
E6,open,3158,50,100,30,0,0,zero_one_bfs,manhattan,4,,50,0,50.0000,51,102,true,0.0275,50.0000
E6,open,3277,50,100,30,0,0,bfs,manhattan,4,,3174,50,50.0000,51,100,true,0.9692,50.0000
E6,open,3277,50,100,30,0,0,dfs,manhattan,4,,50,50,50.0000,51,102,true,0.0167,50.0000
E6,open,3277,50,100,30,0,0,dijkstra,manhattan,4,,3130,50,50.0000,51,132,true,1.4294,50.0000
E6,open,3277,50,100,30,0,0,a_star,manhattan,4,,50,50,50.0000,51,102,true,0.0233,50.0000
E6,open,3277,50,100,30,0,0,greedy,manhattan,4,,50,50,50.0000,51,102,true,0.0263,50.0000
E6,open,3277,50,100,30,0,0,swarm,manhattan,4,,50,50,50.0000,51,102,true,0.0250,50.0000
E6,open,3277,50,100,30,0,0,convergent_swarm,manhattan,4,,50,50,50.0000,51,102,true,0.0239,50.0000
E6,open,3277,50,100,30,0,0,zero_one_bfs,manhattan,4,,50,0,50.0000,51,102,true,0.0266,50.0000
E6,open,4070,50,100,30,0,0,bfs,manhattan,4,,3174,50,50.0000,51,100,true,1.3951,50.0000
E6,open,4070,50,100,30,0,0,dfs,manhattan,4,,50,50,50.0000,51,102,true,0.0188,50.0000
E6,open,4070,50,100,30,0,0,dijkstra,manhattan,4,,3130,50,50.0000,51,132,true,1.4948,50.0000
E6,open,4070,50,100,30,0,0,a_star,manhattan,4,,50,50,50.0000,51,102,true,0.0243,50.0000
E6,open,4070,50,100,30,0,0,greedy,manhattan,4,,50,50,50.0000,51,102,true,0.0263,50.0000
E6,open,4070,50,100,30,0,0,swarm,manhattan,4,,50,50,50.0000,51,102,true,0.0245,50.0000
E6,open,4070,50,100,30,0,0,convergent_swarm,manhattan,4,,50,50,50.0000,51,102,true,0.0233,50.0000
E6,open,4070,50,100,30,0,0,zero_one_bfs,manhattan,4,,50,0,50.0000,51,102,true,0.0323,50.0000
E6,open,4165,50,100,30,0,0,bfs,manhattan,4,,3174,50,50.0000,51,100,true,1.5756,50.0000
E6,open,4165,50,100,30,0,0,dfs,manhattan,4,,50,50,50.0000,51,102,true,0.0172,50.0000
E6,open,4165,50,100,30,0,0,dijkstra,manhattan,4,,3130,50,50.0000,51,132,true,2.0119,50.0000
E6,open,4165,50,100,30,0,0,a_star,manhattan,4,,50,50,50.0000,51,102,true,0.0250,50.0000
E6,open,4165,50,100,30,0,0,greedy,manhattan,4,,50,50,50.0000,51,102,true,0.0288,50.0000
E6,open,4165,50,100,30,0,0,swarm,manhattan,4,,50,50,50.0000,51,102,true,0.0420,50.0000
E6,open,4165,50,100,30,0,0,convergent_swarm,manhattan,4,,50,50,50.0000,51,102,true,0.0291,50.0000
E6,open,4165,50,100,30,0,0,zero_one_bfs,manhattan,4,,50,0,50.0000,51,102,true,0.0282,50.0000
E6,open,4284,50,100,30,0,0,bfs,manhattan,4,,3174,50,50.0000,51,100,true,1.0049,50.0000
E6,open,4284,50,100,30,0,0,dfs,manhattan,4,,50,50,50.0000,51,102,true,0.0186,50.0000
E6,open,4284,50,100,30,0,0,dijkstra,manhattan,4,,3130,50,50.0000,51,132,true,1.5062,50.0000
E6,open,4284,50,100,30,0,0,a_star,manhattan,4,,50,50,50.0000,51,102,true,0.0251,50.0000
E6,open,4284,50,100,30,0,0,greedy,manhattan,4,,50,50,50.0000,51,102,true,0.0252,50.0000
E6,open,4284,50,100,30,0,0,swarm,manhattan,4,,50,50,50.0000,51,102,true,0.0273,50.0000
E6,open,4284,50,100,30,0,0,convergent_swarm,manhattan,4,,50,50,50.0000,51,102,true,0.0244,50.0000
E6,open,4284,50,100,30,0,0,zero_one_bfs,manhattan,4,,50,0,50.0000,51,102,true,0.0282,50.0000
E6,open,5077,50,100,30,0,0,bfs,manhattan,4,,3174,50,50.0000,51,100,true,0.8563,50.0000
E6,open,5077,50,100,30,0,0,dfs,manhattan,4,,50,50,50.0000,51,102,true,0.0214,50.0000
E6,open,5077,50,100,30,0,0,dijkstra,manhattan,4,,3130,50,50.0000,51,132,true,1.7759,50.0000
E6,open,5077,50,100,30,0,0,a_star,manhattan,4,,50,50,50.0000,51,102,true,0.0349,50.0000
E6,open,5077,50,100,30,0,0,greedy,manhattan,4,,50,50,50.0000,51,102,true,0.0320,50.0000
E6,open,5077,50,100,30,0,0,swarm,manhattan,4,,50,50,50.0000,51,102,true,0.0336,50.0000
E6,open,5077,50,100,30,0,0,convergent_swarm,manhattan,4,,50,50,50.0000,51,102,true,0.0302,50.0000
E6,open,5077,50,100,30,0,0,zero_one_bfs,manhattan,4,,50,0,50.0000,51,102,true,0.0376,50.0000
E6,open,5172,50,100,30,0,0,bfs,manhattan,4,,3174,50,50.0000,51,100,true,0.9791,50.0000
E6,open,5172,50,100,30,0,0,dfs,manhattan,4,,50,50,50.0000,51,102,true,0.0186,50.0000
E6,open,5172,50,100,30,0,0,dijkstra,manhattan,4,,3130,50,50.0000,51,132,true,1.4065,50.0000
E6,open,5172,50,100,30,0,0,a_star,manhattan,4,,50,50,50.0000,51,102,true,0.0255,50.0000
E6,open,5172,50,100,30,0,0,greedy,manhattan,4,,50,50,50.0000,51,102,true,0.0259,50.0000
E6,open,5172,50,100,30,0,0,swarm,manhattan,4,,50,50,50.0000,51,102,true,0.0259,50.0000
E6,open,5172,50,100,30,0,0,convergent_swarm,manhattan,4,,50,50,50.0000,51,102,true,0.0239,50.0000
E6,open,5172,50,100,30,0,0,zero_one_bfs,manhattan,4,,50,0,50.0000,51,102,true,0.0295,50.0000
E6,open,5291,50,100,30,0,0,bfs,manhattan,4,,3174,50,50.0000,51,100,true,1.0346,50.0000
E6,open,5291,50,100,30,0,0,dfs,manhattan,4,,50,50,50.0000,51,102,true,0.0183,50.0000
E6,open,5291,50,100,30,0,0,dijkstra,manhattan,4,,3130,50,50.0000,51,132,true,1.5767,50.0000
E6,open,5291,50,100,30,0,0,a_star,manhattan,4,,50,50,50.0000,51,102,true,0.0315,50.0000
E6,open,5291,50,100,30,0,0,greedy,manhattan,4,,50,50,50.0000,51,102,true,0.0379,50.0000
E6,open,5291,50,100,30,0,0,swarm,manhattan,4,,50,50,50.0000,51,102,true,0.0297,50.0000
E6,open,5291,50,100,30,0,0,convergent_swarm,manhattan,4,,50,50,50.0000,51,102,true,0.0391,50.0000
E6,open,5291,50,100,30,0,0,zero_one_bfs,manhattan,4,,50,0,50.0000,51,102,true,0.0304,50.0000
E6,random,42,75,150,30,3377,0,bfs,manhattan,4,,5875,113,113.0000,114,132,true,1.6242,113.0000
E6,random,42,75,150,30,3377,0,dfs,manhattan,4,,6256,1475,1475.0000,1476,1963,true,3.0871,113.0000
E6,random,42,75,150,30,3377,0,dijkstra,manhattan,4,,5869,113,113.0000,114,141,true,2.7576,113.0000
E6,random,42,75,150,30,3377,0,a_star,manhattan,4,,1635,113,113.0000,114,112,true,0.8290,113.0000
E6,random,42,75,150,30,3377,0,greedy,manhattan,4,,202,133,133.0000,134,106,true,0.2362,113.0000
E6,random,42,75,150,30,3377,0,swarm,manhattan,4,,348,127,127.0000,128,91,true,0.1576,113.0000
E6,random,42,75,150,30,3377,0,convergent_swarm,manhattan,4,,234,131,131.0000,132,100,true,0.1002,113.0000
E6,random,42,75,150,30,3377,0,zero_one_bfs,manhattan,4,,1075,0,441.0000,442,316,true,0.5015,113.0000
E6,random,137,75,150,30,3361,0,bfs,manhattan,4,,5342,99,99.0000,100,119,true,1.5043,99.0000
E6,random,137,75,150,30,3361,0,dfs,manhattan,4,,7617,497,497.0000,498,1666,true,2.9608,99.0000
E6,random,137,75,150,30,3361,0,dijkstra,manhattan,4,,5347,99,99.0000,100,131,true,2.7755,99.0000
E6,random,137,75,150,30,3361,0,a_star,manhattan,4,,681,99,99.0000,100,105,true,0.2340,99.0000
E6,random,137,75,150,30,3361,0,greedy,manhattan,4,,140,117,117.0000,118,95,true,0.0527,99.0000
E6,random,137,75,150,30,3361,0,swarm,manhattan,4,,165,111,111.0000,112,90,true,0.0618,99.0000
E6,random,137,75,150,30,3361,0,convergent_swarm,manhattan,4,,146,115,115.0000,116,96,true,0.0737,99.0000
E6,random,137,75,150,30,3361,0,zero_one_bfs,manhattan,4,,6656,0,739.0000,740,1154,true,5.0216,99.0000
E6,random,256,75,150,30,3346,0,bfs,manhattan,4,,5498,103,103.0000,104,103,true,1.8013,103.0000
E6,random,256,75,150,30,3346,0,dfs,manhattan,4,,3641,1699,1699.0000,1700,1359,true,1.3119,103.0000
E6,random,256,75,150,30,3346,0,dijkstra,manhattan,4,,5492,103,103.0000,104,109,true,2.5518,103.0000
E6,random,256,75,150,30,3346,0,a_star,manhattan,4,,1019,103,103.0000,104,100,true,0.3782,103.0000
E6,random,256,75,150,30,3346,0,greedy,manhattan,4,,177,127,127.0000,128,100,true,0.0681,103.0000
E6,random,256,75,150,30,3346,0,swarm,manhattan,4,,262,111,111.0000,112,101,true,0.0982,103.0000
E6,random,256,75,150,30,3346,0,convergent_swarm,manhattan,4,,196,123,123.0000,124,90,true,0.0735,103.0000
E6,random,256,75,150,30,3346,0,zero_one_bfs,manhattan,4,,566,0,309.0000,310,241,true,0.3483,103.0000
E6,random,1049,75,150,30,3322,0,bfs,manhattan,4,,5494,105,105.0000,106,106,true,1.5864,105.0000
E6,random,1049,75,150,30,3322,0,dfs,manhattan,4,,6890,1435,1435.0000,1436,1905,true,2.7999,105.0000
E6,random,1049,75,150,30,3322,0,dijkstra,manhattan,4,,5500,105,105.0000,106,113,true,2.5486,105.0000
E6,random,1049,75,150,30,3322,0,a_star,manhattan,4,,1074,105,105.0000,106,82,true,1.0995,105.0000
E6,random,1049,75,150,30,3322,0,greedy,manhattan,4,,185,123,123.0000,124,102,true,0.0707,105.0000
E6,random,1049,75,150,30,3322,0,swarm,manhattan,4,,242,119,119.0000,120,100,true,0.0892,105.0000
E6,random,1049,75,150,30,3322,0,convergent_swarm,manhattan,4,,192,123,123.0000,124,99,true,0.0714,105.0000
E6,random,1049,75,150,30,3322,0,zero_one_bfs,manhattan,4,,1089,0,671.0000,672,504,true,0.4652,105.0000
E6,random,1144,75,150,30,3290,0,bfs,manhattan,4,,5682,105,105.0000,106,116,true,2.3767,105.0000
E6,random,1144,75,150,30,3290,0,dfs,manhattan,4,,2492,1405,1405.0000,1406,1165,true,0.8380,105.0000
E6,random,1144,75,150,30,3290,0,dijkstra,manhattan,4,,5645,105,105.0000,106,117,true,3.2174,105.0000
E6,random,1144,75,150,30,3290,0,a_star,manhattan,4,,1138,105,105.0000,106,136,true,0.4560,105.0000
E6,random,1144,75,150,30,3290,0,greedy,manhattan,4,,201,129,127.0000,128,89,true,0.0749,105.0000
E6,random,1144,75,150,30,3290,0,swarm,manhattan,4,,311,113,113.0000,114,97,true,0.1116,105.0000
E6,random,1144,75,150,30,3290,0,convergent_swarm,manhattan,4,,218,127,127.0000,128,88,true,0.1014,105.0000
E6,random,1144,75,150,30,3290,0,zero_one_bfs,manhattan,4,,2070,0,1057.0000,1058,828,true,1.6630,105.0000
E6,random,1263,75,150,30,3370,0,bfs,manhattan,4,,5574,99,99.0000,100,119,true,1.6912,99.0000
E6,random,1263,75,150,30,3370,0,dfs,manhattan,4,,1576,833,833.0000,834,725,true,0.4763,99.0000
E6,random,1263,75,150,30,3370,0,dijkstra,manhattan,4,,5571,99,99.0000,100,127,true,3.4588,99.0000
E6,random,1263,75,150,30,3370,0,a_star,manhattan,4,,945,99,99.0000,100,114,true,0.3562,99.0000
E6,random,1263,75,150,30,3370,0,greedy,manhattan,4,,192,113,113.0000,114,101,true,0.0825,99.0000
E6,random,1263,75,150,30,3370,0,swarm,manhattan,4,,235,111,111.0000,112,102,true,0.0930,99.0000
E6,random,1263,75,150,30,3370,0,convergent_swarm,manhattan,4,,196,113,113.0000,114,98,true,0.0767,99.0000
E6,random,1263,75,150,30,3370,0,zero_one_bfs,manhattan,4,,6015,0,1133.0000,1134,1337,true,5.3162,99.0000
E6,random,2056,75,150,30,3327,0,bfs,manhattan,4,,5658,105,105.0000,106,114,true,1.6160,105.0000
E6,random,2056,75,150,30,3327,0,dfs,manhattan,4,,1890,1203,1203.0000,1204,920,true,0.5448,105.0000
E6,random,2056,75,150,30,3327,0,dijkstra,manhattan,4,,5690,105,105.0000,106,119,true,2.9049,105.0000
E6,random,2056,75,150,30,3327,0,a_star,manhattan,4,,1272,105,105.0000,106,123,true,0.4681,105.0000
E6,random,2056,75,150,30,3327,0,greedy,manhattan,4,,143,115,115.0000,116,99,true,0.0552,105.0000
E6,random,2056,75,150,30,3327,0,swarm,manhattan,4,,217,115,115.0000,116,87,true,0.0800,105.0000
E6,random,2056,75,150,30,3327,0,convergent_swarm,manhattan,4,,161,115,115.0000,116,96,true,0.0628,105.0000
E6,random,2056,75,150,30,3327,0,zero_one_bfs,manhattan,4,,1239,0,735.0000,736,498,true,0.5503,105.0000
E6,random,2151,75,150,30,3345,0,bfs,manhattan,4,,5559,111,111.0000,112,121,true,1.7810,111.0000
E6,random,2151,75,150,30,3345,0,dfs,manhattan,4,,2066,811,811.0000,812,910,true,0.7354,111.0000
E6,random,2151,75,150,30,3345,0,dijkstra,manhattan,4,,5560,111,111.0000,112,132,true,2.6009,111.0000
E6,random,2151,75,150,30,3345,0,a_star,manhattan,4,,989,111,111.0000,112,95,true,0.3606,111.0000
E6,random,2151,75,150,30,3345,0,greedy,manhattan,4,,159,117,117.0000,118,101,true,0.0633,111.0000
E6,random,2151,75,150,30,3345,0,swarm,manhattan,4,,201,113,113.0000,114,98,true,0.0744,111.0000
E6,random,2151,75,150,30,3345,0,convergent_swarm,manhattan,4,,168,117,117.0000,118,97,true,0.0682,111.0000
E6,random,2151,75,150,30,3345,0,zero_one_bfs,manhattan,4,,933,0,553.0000,554,434,true,0.4064,111.0000
E6,random,2270,75,150,30,3340,0,bfs,manhattan,4,,5659,101,101.0000,102,127,true,2.0553,101.0000
E6,random,2270,75,150,30,3340,0,dfs,manhattan,4,,4197,2037,2037.0000,2038,1716,true,2.1535,101.0000
E6,random,2270,75,150,30,3340,0,dijkstra,manhattan,4,,5656,101,101.0000,102,132,true,2.6891,101.0000
E6,random,2270,75,150,30,3340,0,a_star,manhattan,4,,1123,101,101.0000,102,116,true,0.4065,101.0000
E6,random,2270,75,150,30,3340,0,greedy,manhattan,4,,160,119,119.0000,120,97,true,0.0627,101.0000
E6,random,2270,75,150,30,3340,0,swarm,manhattan,4,,196,107,107.0000,108,87,true,0.0727,101.0000
E6,random,2270,75,150,30,3340,0,convergent_swarm,manhattan,4,,168,119,119.0000,120,97,true,0.0681,101.0000
E6,random,2270,75,150,30,3340,0,zero_one_bfs,manhattan,4,,1575,0,805.0000,806,599,true,0.7645,101.0000
E6,random,3063,75,150,30,3414,0,bfs,manhattan,4,,1,,,,1,false,0.0015,
E6,random,3063,75,150,30,3414,0,dfs,manhattan,4,,1,,,,1,false,0.0005,
E6,random,3063,75,150,30,3414,0,dijkstra,manhattan,4,,1,,,,1,false,0.0003,
E6,random,3063,75,150,30,3414,0,a_star,manhattan,4,,1,,,,1,false,0.0002,
E6,random,3063,75,150,30,3414,0,greedy,manhattan,4,,1,,,,1,false,0.0002,
E6,random,3063,75,150,30,3414,0,swarm,manhattan,4,,1,,,,1,false,0.0002,
E6,random,3063,75,150,30,3414,0,convergent_swarm,manhattan,4,,1,,,,1,false,0.0002,
E6,random,3063,75,150,30,3414,0,zero_one_bfs,manhattan,4,,1,,,,1,false,0.0005,
E6,random,3158,75,150,30,3361,0,bfs,manhattan,4,,5787,115,115.0000,116,110,true,1.6649,115.0000
E6,random,3158,75,150,30,3361,0,dfs,manhattan,4,,709,473,473.0000,474,404,true,0.2024,115.0000
E6,random,3158,75,150,30,3361,0,dijkstra,manhattan,4,,5788,115,115.0000,116,114,true,2.9377,115.0000
E6,random,3158,75,150,30,3361,0,a_star,manhattan,4,,1208,115,115.0000,116,116,true,0.4351,115.0000
E6,random,3158,75,150,30,3361,0,greedy,manhattan,4,,180,131,131.0000,132,98,true,0.0683,115.0000
E6,random,3158,75,150,30,3361,0,swarm,manhattan,4,,231,117,117.0000,118,88,true,0.0807,115.0000
E6,random,3158,75,150,30,3361,0,convergent_swarm,manhattan,4,,184,131,131.0000,132,93,true,0.0653,115.0000
E6,random,3158,75,150,30,3361,0,zero_one_bfs,manhattan,4,,4894,0,539.0000,540,952,true,2.6546,115.0000
E6,random,3277,75,150,30,3363,0,bfs,manhattan,4,,5723,119,119.0000,120,111,true,1.6759,119.0000
E6,random,3277,75,150,30,3363,0,dfs,manhattan,4,,5039,2221,2221.0000,2222,1881,true,1.8348,119.0000
E6,random,3277,75,150,30,3363,0,dijkstra,manhattan,4,,5726,119,119.0000,120,121,true,3.1064,119.0000
E6,random,3277,75,150,30,3363,0,a_star,manhattan,4,,1156,119,119.0000,120,120,true,0.4579,119.0000
E6,random,3277,75,150,30,3363,0,greedy,manhattan,4,,268,137,137.0000,138,106,true,0.1190,119.0000
E6,random,3277,75,150,30,3363,0,swarm,manhattan,4,,360,123,123.0000,124,93,true,0.1246,119.0000
E6,random,3277,75,150,30,3363,0,convergent_swarm,manhattan,4,,285,137,137.0000,138,101,true,0.1004,119.0000
E6,random,3277,75,150,30,3363,0,zero_one_bfs,manhattan,4,,914,0,587.0000,588,423,true,0.4113,119.0000
E6,random,4070,75,150,30,3438,0,bfs,manhattan,4,,5431,101,101.0000,102,104,true,2.5292,101.0000
E6,random,4070,75,150,30,3438,0,dfs,manhattan,4,,6130,1093,1093.0000,1094,1770,true,2.8646,101.0000
E6,random,4070,75,150,30,3438,0,dijkstra,manhattan,4,,5451,101,101.0000,102,111,true,2.8248,101.0000
E6,random,4070,75,150,30,3438,0,a_star,manhattan,4,,987,101,101.0000,102,121,true,0.3867,101.0000
E6,random,4070,75,150,30,3438,0,greedy,manhattan,4,,380,133,133.0000,134,115,true,0.1408,101.0000
E6,random,4070,75,150,30,3438,0,swarm,manhattan,4,,369,115,115.0000,116,94,true,0.1327,101.0000
E6,random,4070,75,150,30,3438,0,convergent_swarm,manhattan,4,,342,125,125.0000,126,104,true,0.1235,101.0000
E6,random,4070,75,150,30,3438,0,zero_one_bfs,manhattan,4,,6718,0,585.0000,586,1003,true,6.3929,101.0000
E6,random,4165,75,150,30,3386,0,bfs,manhattan,4,,5356,97,97.0000,98,128,true,1.5632,97.0000
E6,random,4165,75,150,30,3386,0,dfs,manhattan,4,,7040,1211,1211.0000,1212,1824,true,3.1684,97.0000
E6,random,4165,75,150,30,3386,0,dijkstra,manhattan,4,,5341,97,97.0000,98,142,true,2.6231,97.0000
E6,random,4165,75,150,30,3386,0,a_star,manhattan,4,,809,97,97.0000,98,99,true,0.2814,97.0000
E6,random,4165,75,150,30,3386,0,greedy,manhattan,4,,143,113,113.0000,114,102,true,0.0553,97.0000
E6,random,4165,75,150,30,3386,0,swarm,manhattan,4,,168,105,105.0000,106,103,true,0.0666,97.0000
E6,random,4165,75,150,30,3386,0,convergent_swarm,manhattan,4,,150,113,113.0000,114,102,true,0.0561,97.0000
E6,random,4165,75,150,30,3386,0,zero_one_bfs,manhattan,4,,2956,0,1197.0000,1198,938,true,2.1411,97.0000
E6,random,4284,75,150,30,3295,0,bfs,manhattan,4,,5438,97,97.0000,98,115,true,2.0010,97.0000
E6,random,4284,75,150,30,3295,0,dfs,manhattan,4,,5947,1459,1459.0000,1460,1729,true,2.8194,97.0000
E6,random,4284,75,150,30,3295,0,dijkstra,manhattan,4,,5423,97,97.0000,98,116,true,4.5317,97.0000
E6,random,4284,75,150,30,3295,0,a_star,manhattan,4,,640,97,97.0000,98,106,true,0.3163,97.0000
E6,random,4284,75,150,30,3295,0,greedy,manhattan,4,,125,105,105.0000,106,89,true,0.0503,97.0000
E6,random,4284,75,150,30,3295,0,swarm,manhattan,4,,136,101,101.0000,102,90,true,0.0517,97.0000
E6,random,4284,75,150,30,3295,0,convergent_swarm,manhattan,4,,125,105,105.0000,106,89,true,0.0463,97.0000
E6,random,4284,75,150,30,3295,0,zero_one_bfs,manhattan,4,,4859,0,763.0000,764,767,true,3.0051,97.0000
E6,random,5077,75,150,30,3362,0,bfs,manhattan,4,,5410,99,99.0000,100,121,true,1.7494,99.0000
E6,random,5077,75,150,30,3362,0,dfs,manhattan,4,,1922,1095,1095.0000,1096,880,true,0.7221,99.0000
E6,random,5077,75,150,30,3362,0,dijkstra,manhattan,4,,5403,99,99.0000,100,130,true,2.8919,99.0000
E6,random,5077,75,150,30,3362,0,a_star,manhattan,4,,866,99,99.0000,100,95,true,0.3096,99.0000
E6,random,5077,75,150,30,3362,0,greedy,manhattan,4,,145,111,111.0000,112,90,true,0.0542,99.0000
E6,random,5077,75,150,30,3362,0,swarm,manhattan,4,,181,107,107.0000,108,89,true,0.0684,99.0000
E6,random,5077,75,150,30,3362,0,convergent_swarm,manhattan,4,,148,111,111.0000,112,89,true,0.0573,99.0000
E6,random,5077,75,150,30,3362,0,zero_one_bfs,manhattan,4,,2500,0,857.0000,858,678,true,1.2711,99.0000
E6,random,5172,75,150,30,3304,0,bfs,manhattan,4,,5666,101,101.0000,102,119,true,2.9144,101.0000
E6,random,5172,75,150,30,3304,0,dfs,manhattan,4,,1670,951,951.0000,952,770,true,0.6287,101.0000
E6,random,5172,75,150,30,3304,0,dijkstra,manhattan,4,,5645,101,101.0000,102,127,true,3.4517,101.0000
E6,random,5172,75,150,30,3304,0,a_star,manhattan,4,,1106,101,101.0000,102,107,true,0.4677,101.0000
E6,random,5172,75,150,30,3304,0,greedy,manhattan,4,,199,135,135.0000,136,98,true,0.0873,101.0000
E6,random,5172,75,150,30,3304,0,swarm,manhattan,4,,267,111,111.0000,112,94,true,0.1096,101.0000
E6,random,5172,75,150,30,3304,0,convergent_swarm,manhattan,4,,212,135,135.0000,136,97,true,0.0805,101.0000
E6,random,5172,75,150,30,3304,0,zero_one_bfs,manhattan,4,,1242,0,869.0000,870,698,true,0.6116,101.0000
E6,random,5291,75,150,30,3445,0,bfs,manhattan,4,,5326,103,103.0000,104,101,true,2.1858,103.0000
E6,random,5291,75,150,30,3445,0,dfs,manhattan,4,,6794,1003,1003.0000,1004,2093,true,3.1262,103.0000
E6,random,5291,75,150,30,3445,0,dijkstra,manhattan,4,,5314,103,103.0000,104,108,true,3.1906,103.0000
E6,random,5291,75,150,30,3445,0,a_star,manhattan,4,,902,103,103.0000,104,88,true,0.3283,103.0000
E6,random,5291,75,150,30,3445,0,greedy,manhattan,4,,195,125,125.0000,126,88,true,0.0779,103.0000
E6,random,5291,75,150,30,3445,0,swarm,manhattan,4,,324,107,107.0000,108,92,true,0.1187,103.0000
E6,random,5291,75,150,30,3445,0,convergent_swarm,manhattan,4,,216,119,119.0000,120,85,true,0.0872,103.0000
E6,random,5291,75,150,30,3445,0,zero_one_bfs,manhattan,4,,5261,0,823.0000,824,1125,true,3.3254,103.0000
E6,maze,42,75,150,30,5773,0,bfs,manhattan,4,,5472,1839,1839.0000,1840,10,true,1.3968,1839.0000
E6,maze,42,75,150,30,5773,0,dfs,manhattan,4,,2149,1839,1839.0000,1840,50,true,0.4938,1839.0000
E6,maze,42,75,150,30,5773,0,dijkstra,manhattan,4,,5472,1839,1839.0000,1840,10,true,2.1599,1839.0000
E6,maze,42,75,150,30,5773,0,a_star,manhattan,4,,5467,1839,1839.0000,1840,11,true,3.2099,1839.0000
E6,maze,42,75,150,30,5773,0,greedy,manhattan,4,,2572,1839,1839.0000,1840,24,true,0.7930,1839.0000
E6,maze,42,75,150,30,5773,0,swarm,manhattan,4,,5311,1839,1839.0000,1840,12,true,2.3624,1839.0000
E6,maze,42,75,150,30,5773,0,convergent_swarm,manhattan,4,,4705,1839,1839.0000,1840,17,true,1.8196,1839.0000
E6,maze,42,75,150,30,5773,0,zero_one_bfs,manhattan,4,,2149,0,1839.0000,1840,50,true,0.6672,1839.0000
E6,maze,137,75,150,30,5773,0,bfs,manhattan,4,,4906,2535,2535.0000,2536,9,true,1.3310,2535.0000
E6,maze,137,75,150,30,5773,0,dfs,manhattan,4,,3009,2535,2535.0000,2536,64,true,0.7306,2535.0000
E6,maze,137,75,150,30,5773,0,dijkstra,manhattan,4,,4905,2535,2535.0000,2536,8,true,2.0893,2535.0000
E6,maze,137,75,150,30,5773,0,a_star,manhattan,4,,4874,2535,2535.0000,2536,10,true,1.9265,2535.0000
E6,maze,137,75,150,30,5773,0,greedy,manhattan,4,,3338,2535,2535.0000,2536,32,true,1.3600,2535.0000
E6,maze,137,75,150,30,5773,0,swarm,manhattan,4,,4806,2535,2535.0000,2536,9,true,2.1032,2535.0000
E6,maze,137,75,150,30,5773,0,convergent_swarm,manhattan,4,,4603,2535,2535.0000,2536,10,true,1.9328,2535.0000
E6,maze,137,75,150,30,5773,0,zero_one_bfs,manhattan,4,,3009,0,2535.0000,2536,64,true,1.8919,2535.0000
E6,maze,256,75,150,30,5773,0,bfs,manhattan,4,,3969,1871,1871.0000,1872,11,true,0.7676,1871.0000
E6,maze,256,75,150,30,5773,0,dfs,manhattan,4,,2147,1871,1871.0000,1872,48,true,0.5159,1871.0000
E6,maze,256,75,150,30,5773,0,dijkstra,manhattan,4,,3968,1871,1871.0000,1872,9,true,1.0473,1871.0000
E6,maze,256,75,150,30,5773,0,a_star,manhattan,4,,3485,1871,1871.0000,1872,10,true,0.8846,1871.0000
E6,maze,256,75,150,30,5773,0,greedy,manhattan,4,,2473,1871,1871.0000,1872,27,true,1.1300,1871.0000
E6,maze,256,75,150,30,5773,0,swarm,manhattan,4,,3248,1871,1871.0000,1872,11,true,1.0195,1871.0000
E6,maze,256,75,150,30,5773,0,convergent_swarm,manhattan,4,,2776,1871,1871.0000,1872,16,true,0.7835,1871.0000
E6,maze,256,75,150,30,5773,0,zero_one_bfs,manhattan,4,,2147,0,1871.0000,1872,48,true,0.6990,1871.0000
E6,maze,1049,75,150,30,5773,0,bfs,manhattan,4,,2092,931,931.0000,932,9,true,0.4341,931.0000
E6,maze,1049,75,150,30,5773,0,dfs,manhattan,4,,951,931,931.0000,932,21,true,0.2003,931.0000
E6,maze,1049,75,150,30,5773,0,dijkstra,manhattan,4,,2090,931,931.0000,932,8,true,0.6887,931.0000
E6,maze,1049,75,150,30,5773,0,a_star,manhattan,4,,1733,931,931.0000,932,8,true,0.4861,931.0000
E6,maze,1049,75,150,30,5773,0,greedy,manhattan,4,,1043,931,931.0000,932,15,true,0.2828,931.0000
E6,maze,1049,75,150,30,5773,0,swarm,manhattan,4,,1495,931,931.0000,932,7,true,0.3892,931.0000
E6,maze,1049,75,150,30,5773,0,convergent_swarm,manhattan,4,,1165,931,931.0000,932,7,true,0.3205,931.0000
E6,maze,1049,75,150,30,5773,0,zero_one_bfs,manhattan,4,,951,0,931.0000,932,21,true,0.2621,931.0000
E6,maze,1144,75,150,30,5773,0,bfs,manhattan,4,,3600,1315,1315.0000,1316,18,true,0.8596,1315.0000
E6,maze,1144,75,150,30,5773,0,dfs,manhattan,4,,1431,1315,1315.0000,1316,36,true,0.3089,1315.0000
E6,maze,1144,75,150,30,5773,0,dijkstra,manhattan,4,,3599,1315,1315.0000,1316,17,true,1.1075,1315.0000
E6,maze,1144,75,150,30,5773,0,a_star,manhattan,4,,2921,1315,1315.0000,1316,14,true,0.9338,1315.0000
E6,maze,1144,75,150,30,5773,0,greedy,manhattan,4,,1493,1315,1315.0000,1316,22,true,0.4216,1315.0000
E6,maze,1144,75,150,30,5773,0,swarm,manhattan,4,,2592,1315,1315.0000,1316,10,true,0.8088,1315.0000
E6,maze,1144,75,150,30,5773,0,convergent_swarm,manhattan,4,,2183,1315,1315.0000,1316,11,true,0.6261,1315.0000
E6,maze,1144,75,150,30,5773,0,zero_one_bfs,manhattan,4,,1431,0,1315.0000,1316,36,true,0.4572,1315.0000
E6,maze,1263,75,150,30,5773,0,bfs,manhattan,4,,3390,1759,1759.0000,1760,12,true,0.7131,1759.0000
E6,maze,1263,75,150,30,5773,0,dfs,manhattan,4,,1973,1759,1759.0000,1760,38,true,0.4511,1759.0000
E6,maze,1263,75,150,30,5773,0,dijkstra,manhattan,4,,3389,1759,1759.0000,1760,12,true,0.8579,1759.0000
E6,maze,1263,75,150,30,5773,0,a_star,manhattan,4,,3179,1759,1759.0000,1760,12,true,0.8404,1759.0000
E6,maze,1263,75,150,30,5773,0,greedy,manhattan,4,,2082,1759,1759.0000,1760,25,true,0.5597,1759.0000
E6,maze,1263,75,150,30,5773,0,swarm,manhattan,4,,3097,1759,1759.0000,1760,12,true,0.8536,1759.0000
E6,maze,1263,75,150,30,5773,0,convergent_swarm,manhattan,4,,2464,1759,1759.0000,1760,11,true,0.8675,1759.0000
E6,maze,1263,75,150,30,5773,0,zero_one_bfs,manhattan,4,,1973,0,1759.0000,1760,38,true,0.5384,1759.0000
E6,maze,2056,75,150,30,5773,0,bfs,manhattan,4,,3980,2259,2259.0000,2260,9,true,0.7045,2259.0000
E6,maze,2056,75,150,30,5773,0,dfs,manhattan,4,,2635,2259,2259.0000,2260,54,true,0.5374,2259.0000
E6,maze,2056,75,150,30,5773,0,dijkstra,manhattan,4,,3977,2259,2259.0000,2260,8,true,1.1157,2259.0000
E6,maze,2056,75,150,30,5773,0,a_star,manhattan,4,,3935,2259,2259.0000,2260,9,true,1.1455,2259.0000
E6,maze,2056,75,150,30,5773,0,greedy,manhattan,4,,3042,2259,2259.0000,2260,24,true,0.7964,2259.0000
E6,maze,2056,75,150,30,5773,0,swarm,manhattan,4,,3923,2259,2259.0000,2260,10,true,0.9881,2259.0000
E6,maze,2056,75,150,30,5773,0,convergent_swarm,manhattan,4,,3834,2259,2259.0000,2260,10,true,0.9912,2259.0000
E6,maze,2056,75,150,30,5773,0,zero_one_bfs,manhattan,4,,2635,0,2259.0000,2260,54,true,0.9237,2259.0000
E6,maze,2151,75,150,30,5773,0,bfs,manhattan,4,,1567,1039,1039.0000,1040,5,true,0.4477,1039.0000
E6,maze,2151,75,150,30,5773,0,dfs,manhattan,4,,1107,1039,1039.0000,1040,25,true,0.2325,1039.0000
E6,maze,2151,75,150,30,5773,0,dijkstra,manhattan,4,,1567,1039,1039.0000,1040,5,true,0.3815,1039.0000
E6,maze,2151,75,150,30,5773,0,a_star,manhattan,4,,1514,1039,1039.0000,1040,5,true,0.3680,1039.0000
E6,maze,2151,75,150,30,5773,0,greedy,manhattan,4,,1149,1039,1039.0000,1040,17,true,0.3056,1039.0000
E6,maze,2151,75,150,30,5773,0,swarm,manhattan,4,,1494,1039,1039.0000,1040,7,true,0.3673,1039.0000
E6,maze,2151,75,150,30,5773,0,convergent_swarm,manhattan,4,,1331,1039,1039.0000,1040,13,true,0.3525,1039.0000
E6,maze,2151,75,150,30,5773,0,zero_one_bfs,manhattan,4,,1107,0,1039.0000,1040,25,true,0.3403,1039.0000
E6,maze,2270,75,150,30,5773,0,bfs,manhattan,4,,4542,2163,2163.0000,2164,10,true,1.1812,2163.0000
E6,maze,2270,75,150,30,5773,0,dfs,manhattan,4,,2613,2163,2163.0000,2164,51,true,0.5643,2163.0000
E6,maze,2270,75,150,30,5773,0,dijkstra,manhattan,4,,4539,2163,2163.0000,2164,10,true,1.8131,2163.0000
E6,maze,2270,75,150,30,5773,0,a_star,manhattan,4,,4399,2163,2163.0000,2164,10,true,1.5950,2163.0000
E6,maze,2270,75,150,30,5773,0,greedy,manhattan,4,,3086,2163,2163.0000,2164,20,true,0.9042,2163.0000
E6,maze,2270,75,150,30,5773,0,swarm,manhattan,4,,4151,2163,2163.0000,2164,12,true,1.8175,2163.0000
E6,maze,2270,75,150,30,5773,0,convergent_swarm,manhattan,4,,3910,2163,2163.0000,2164,14,true,1.4068,2163.0000
E6,maze,2270,75,150,30,5773,0,zero_one_bfs,manhattan,4,,2613,0,2163.0000,2164,51,true,0.9053,2163.0000
E6,maze,3063,75,150,30,5773,0,bfs,manhattan,4,,4493,2223,2223.0000,2224,7,true,1.0920,2223.0000
E6,maze,3063,75,150,30,5773,0,dfs,manhattan,4,,2805,2223,2223.0000,2224,50,true,0.5836,2223.0000
E6,maze,3063,75,150,30,5773,0,dijkstra,manhattan,4,,4492,2223,2223.0000,2224,7,true,1.3102,2223.0000
E6,maze,3063,75,150,30,5773,0,a_star,manhattan,4,,4292,2223,2223.0000,2224,8,true,1.5525,2223.0000
E6,maze,3063,75,150,30,5773,0,greedy,manhattan,4,,3244,2223,2223.0000,2224,27,true,0.9415,2223.0000
E6,maze,3063,75,150,30,5773,0,swarm,manhattan,4,,4235,2223,2223.0000,2224,11,true,2.6250,2223.0000
E6,maze,3063,75,150,30,5773,0,convergent_swarm,manhattan,4,,3874,2223,2223.0000,2224,11,true,1.5345,2223.0000
E6,maze,3063,75,150,30,5773,0,zero_one_bfs,manhattan,4,,2805,0,2223.0000,2224,50,true,0.8979,2223.0000
E6,maze,3158,75,150,30,5773,0,bfs,manhattan,4,,5380,1979,1979.0000,1980,10,true,1.0941,1979.0000
E6,maze,3158,75,150,30,5773,0,dfs,manhattan,4,,2181,1979,1979.0000,1980,51,true,0.4581,1979.0000
E6,maze,3158,75,150,30,5773,0,dijkstra,manhattan,4,,5379,1979,1979.0000,1980,10,true,1.9104,1979.0000
E6,maze,3158,75,150,30,5773,0,a_star,manhattan,4,,5201,1979,1979.0000,1980,16,true,2.5513,1979.0000
E6,maze,3158,75,150,30,5773,0,greedy,manhattan,4,,2806,1979,1979.0000,1980,31,true,0.8023,1979.0000
E6,maze,3158,75,150,30,5773,0,swarm,manhattan,4,,4931,1979,1979.0000,1980,12,true,1.8505,1979.0000
E6,maze,3158,75,150,30,5773,0,convergent_swarm,manhattan,4,,4419,1979,1979.0000,1980,14,true,1.3566,1979.0000
E6,maze,3158,75,150,30,5773,0,zero_one_bfs,manhattan,4,,2181,0,1979.0000,1980,51,true,0.6227,1979.0000
E6,maze,3277,75,150,30,5773,0,bfs,manhattan,4,,4428,2467,2467.0000,2468,8,true,2.2441,2467.0000
E6,maze,3277,75,150,30,5773,0,dfs,manhattan,4,,3259,2467,2467.0000,2468,58,true,0.8577,2467.0000
E6,maze,3277,75,150,30,5773,0,dijkstra,manhattan,4,,4427,2467,2467.0000,2468,8,true,1.5132,2467.0000
E6,maze,3277,75,150,30,5773,0,a_star,manhattan,4,,4252,2467,2467.0000,2468,7,true,1.5134,2467.0000
E6,maze,3277,75,150,30,5773,0,greedy,manhattan,4,,3640,2467,2467.0000,2468,27,true,1.1712,2467.0000
E6,maze,3277,75,150,30,5773,0,swarm,manhattan,4,,4208,2467,2467.0000,2468,9,true,1.5215,2467.0000
E6,maze,3277,75,150,30,5773,0,convergent_swarm,manhattan,4,,3728,2467,2467.0000,2468,17,true,1.7580,2467.0000
E6,maze,3277,75,150,30,5773,0,zero_one_bfs,manhattan,4,,3259,0,2467.0000,2468,58,true,1.3741,2467.0000
E6,maze,4070,75,150,30,5773,0,bfs,manhattan,4,,2894,1947,1947.0000,1948,7,true,0.5214,1947.0000
E6,maze,4070,75,150,30,5773,0,dfs,manhattan,4,,2199,1947,1947.0000,1948,50,true,0.4807,1947.0000
E6,maze,4070,75,150,30,5773,0,dijkstra,manhattan,4,,2891,1947,1947.0000,1948,7,true,0.7423,1947.0000
E6,maze,4070,75,150,30,5773,0,a_star,manhattan,4,,2851,1947,1947.0000,1948,6,true,0.7160,1947.0000
E6,maze,4070,75,150,30,5773,0,greedy,manhattan,4,,2476,1947,1947.0000,1948,26,true,0.6635,1947.0000
E6,maze,4070,75,150,30,5773,0,swarm,manhattan,4,,2831,1947,1947.0000,1948,8,true,0.7554,1947.0000
E6,maze,4070,75,150,30,5773,0,convergent_swarm,manhattan,4,,2779,1947,1947.0000,1948,9,true,1.3312,1947.0000
E6,maze,4070,75,150,30,5773,0,zero_one_bfs,manhattan,4,,2199,0,1947.0000,1948,50,true,0.9381,1947.0000
E6,maze,4165,75,150,30,5773,0,bfs,manhattan,4,,5281,2283,2283.0000,2284,8,true,1.1609,2283.0000
E6,maze,4165,75,150,30,5773,0,dfs,manhattan,4,,3061,2283,2283.0000,2284,52,true,0.6581,2283.0000
E6,maze,4165,75,150,30,5773,0,dijkstra,manhattan,4,,5280,2283,2283.0000,2284,8,true,2.1132,2283.0000
E6,maze,4165,75,150,30,5773,0,a_star,manhattan,4,,5233,2283,2283.0000,2284,11,true,1.5436,2283.0000
E6,maze,4165,75,150,30,5773,0,greedy,manhattan,4,,3581,2283,2283.0000,2284,30,true,0.9273,2283.0000
E6,maze,4165,75,150,30,5773,0,swarm,manhattan,4,,5133,2283,2283.0000,2284,17,true,1.9755,2283.0000
E6,maze,4165,75,150,30,5773,0,convergent_swarm,manhattan,4,,4633,2283,2283.0000,2284,12,true,1.7171,2283.0000
E6,maze,4165,75,150,30,5773,0,zero_one_bfs,manhattan,4,,3061,0,2283.0000,2284,52,true,0.8575,2283.0000
E6,maze,4284,75,150,30,5773,0,bfs,manhattan,4,,4389,2203,2203.0000,2204,8,true,2.3215,2203.0000
E6,maze,4284,75,150,30,5773,0,dfs,manhattan,4,,2461,2203,2203.0000,2204,48,true,0.5030,2203.0000
E6,maze,4284,75,150,30,5773,0,dijkstra,manhattan,4,,4388,2203,2203.0000,2204,9,true,1.2777,2203.0000
E6,maze,4284,75,150,30,5773,0,a_star,manhattan,4,,4367,2203,2203.0000,2204,10,true,1.6167,2203.0000
E6,maze,4284,75,150,30,5773,0,greedy,manhattan,4,,3051,2203,2203.0000,2204,29,true,1.0776,2203.0000
E6,maze,4284,75,150,30,5773,0,swarm,manhattan,4,,4363,2203,2203.0000,2204,10,true,1.3147,2203.0000
E6,maze,4284,75,150,30,5773,0,convergent_swarm,manhattan,4,,4274,2203,2203.0000,2204,10,true,1.2839,2203.0000
E6,maze,4284,75,150,30,5773,0,zero_one_bfs,manhattan,4,,2461,0,2203.0000,2204,48,true,0.9120,2203.0000
E6,maze,5077,75,150,30,5773,0,bfs,manhattan,4,,4495,2143,2143.0000,2144,7,true,1.2595,2143.0000
E6,maze,5077,75,150,30,5773,0,dfs,manhattan,4,,2423,2143,2143.0000,2144,41,true,0.5272,2143.0000
E6,maze,5077,75,150,30,5773,0,dijkstra,manhattan,4,,4495,2143,2143.0000,2144,8,true,1.8699,2143.0000
E6,maze,5077,75,150,30,5773,0,a_star,manhattan,4,,4256,2143,2143.0000,2144,9,true,1.5852,2143.0000
E6,maze,5077,75,150,30,5773,0,greedy,manhattan,4,,3388,2143,2143.0000,2144,23,true,1.0294,2143.0000
E6,maze,5077,75,150,30,5773,0,swarm,manhattan,4,,4111,2143,2143.0000,2144,9,true,3.1982,2143.0000
E6,maze,5077,75,150,30,5773,0,convergent_swarm,manhattan,4,,3811,2143,2143.0000,2144,11,true,1.1339,2143.0000
E6,maze,5077,75,150,30,5773,0,zero_one_bfs,manhattan,4,,2423,0,2143.0000,2144,41,true,0.7108,2143.0000
E6,maze,5172,75,150,30,5773,0,bfs,manhattan,4,,4505,2523,2523.0000,2524,11,true,1.0075,2523.0000
E6,maze,5172,75,150,30,5773,0,dfs,manhattan,4,,3193,2523,2523.0000,2524,71,true,0.6885,2523.0000
E6,maze,5172,75,150,30,5773,0,dijkstra,manhattan,4,,4505,2523,2523.0000,2524,11,true,1.3241,2523.0000
E6,maze,5172,75,150,30,5773,0,a_star,manhattan,4,,4407,2523,2523.0000,2524,9,true,1.3262,2523.0000
E6,maze,5172,75,150,30,5773,0,greedy,manhattan,4,,3727,2523,2523.0000,2524,33,true,1.4365,2523.0000
E6,maze,5172,75,150,30,5773,0,swarm,manhattan,4,,4340,2523,2523.0000,2524,10,true,1.3804,2523.0000
E6,maze,5172,75,150,30,5773,0,convergent_swarm,manhattan,4,,4195,2523,2523.0000,2524,12,true,1.2605,2523.0000
E6,maze,5172,75,150,30,5773,0,zero_one_bfs,manhattan,4,,3193,0,2523.0000,2524,71,true,1.0609,2523.0000
E6,maze,5291,75,150,30,5773,0,bfs,manhattan,4,,3978,2099,2099.0000,2100,8,true,1.5389,2099.0000
E6,maze,5291,75,150,30,5773,0,dfs,manhattan,4,,2721,2099,2099.0000,2100,42,true,0.5539,2099.0000
E6,maze,5291,75,150,30,5773,0,dijkstra,manhattan,4,,3977,2099,2099.0000,2100,8,true,1.6756,2099.0000
E6,maze,5291,75,150,30,5773,0,a_star,manhattan,4,,3807,2099,2099.0000,2100,9,true,1.8049,2099.0000
E6,maze,5291,75,150,30,5773,0,greedy,manhattan,4,,3115,2099,2099.0000,2100,26,true,0.8290,2099.0000
E6,maze,5291,75,150,30,5773,0,swarm,manhattan,4,,3714,2099,2099.0000,2100,9,true,0.9161,2099.0000
E6,maze,5291,75,150,30,5773,0,convergent_swarm,manhattan,4,,3368,2099,2099.0000,2100,10,true,1.3281,2099.0000
E6,maze,5291,75,150,30,5773,0,zero_one_bfs,manhattan,4,,2721,0,2099.0000,2100,42,true,0.7633,2099.0000
E6,open,42,75,150,30,0,0,bfs,manhattan,4,,7068,75,75.0000,76,150,true,2.0614,75.0000
E6,open,42,75,150,30,0,0,dfs,manhattan,4,,75,75,75.0000,76,152,true,0.0265,75.0000
E6,open,42,75,150,30,0,0,dijkstra,manhattan,4,,7019,75,75.0000,76,193,true,4.4189,75.0000
E6,open,42,75,150,30,0,0,a_star,manhattan,4,,75,75,75.0000,76,152,true,0.0367,75.0000
E6,open,42,75,150,30,0,0,greedy,manhattan,4,,75,75,75.0000,76,152,true,0.0389,75.0000
E6,open,42,75,150,30,0,0,swarm,manhattan,4,,75,75,75.0000,76,152,true,0.0367,75.0000
E6,open,42,75,150,30,0,0,convergent_swarm,manhattan,4,,75,75,75.0000,76,152,true,0.0355,75.0000
E6,open,42,75,150,30,0,0,zero_one_bfs,manhattan,4,,75,0,75.0000,76,152,true,0.0443,75.0000
E6,open,137,75,150,30,0,0,bfs,manhattan,4,,7068,75,75.0000,76,150,true,1.8318,75.0000
E6,open,137,75,150,30,0,0,dfs,manhattan,4,,75,75,75.0000,76,152,true,0.0254,75.0000
E6,open,137,75,150,30,0,0,dijkstra,manhattan,4,,7019,75,75.0000,76,193,true,3.3122,75.0000
E6,open,137,75,150,30,0,0,a_star,manhattan,4,,75,75,75.0000,76,152,true,0.0341,75.0000
E6,open,137,75,150,30,0,0,greedy,manhattan,4,,75,75,75.0000,76,152,true,0.0381,75.0000
E6,open,137,75,150,30,0,0,swarm,manhattan,4,,75,75,75.0000,76,152,true,0.0411,75.0000
E6,open,137,75,150,30,0,0,convergent_swarm,manhattan,4,,75,75,75.0000,76,152,true,0.0418,75.0000
E6,open,137,75,150,30,0,0,zero_one_bfs,manhattan,4,,75,0,75.0000,76,152,true,0.0452,75.0000
E6,open,256,75,150,30,0,0,bfs,manhattan,4,,7068,75,75.0000,76,150,true,1.8731,75.0000
E6,open,256,75,150,30,0,0,dfs,manhattan,4,,75,75,75.0000,76,152,true,0.0276,75.0000
E6,open,256,75,150,30,0,0,dijkstra,manhattan,4,,7019,75,75.0000,76,193,true,4.4214,75.0000
E6,open,256,75,150,30,0,0,a_star,manhattan,4,,75,75,75.0000,76,152,true,0.0366,75.0000
E6,open,256,75,150,30,0,0,greedy,manhattan,4,,75,75,75.0000,76,152,true,0.0386,75.0000
E6,open,256,75,150,30,0,0,swarm,manhattan,4,,75,75,75.0000,76,152,true,0.0366,75.0000
E6,open,256,75,150,30,0,0,convergent_swarm,manhattan,4,,75,75,75.0000,76,152,true,0.0356,75.0000
E6,open,256,75,150,30,0,0,zero_one_bfs,manhattan,4,,75,0,75.0000,76,152,true,0.0444,75.0000
E6,open,1049,75,150,30,0,0,bfs,manhattan,4,,7068,75,75.0000,76,150,true,2.6717,75.0000
E6,open,1049,75,150,30,0,0,dfs,manhattan,4,,75,75,75.0000,76,152,true,0.0315,75.0000
E6,open,1049,75,150,30,0,0,dijkstra,manhattan,4,,7019,75,75.0000,76,193,true,8.0409,75.0000
E6,open,1049,75,150,30,0,0,a_star,manhattan,4,,75,75,75.0000,76,152,true,0.0525,75.0000
E6,open,1049,75,150,30,0,0,greedy,manhattan,4,,75,75,75.0000,76,152,true,0.0547,75.0000
E6,open,1049,75,150,30,0,0,swarm,manhattan,4,,75,75,75.0000,76,152,true,0.0577,75.0000
E6,open,1049,75,150,30,0,0,convergent_swarm,manhattan,4,,75,75,75.0000,76,152,true,0.0582,75.0000
E6,open,1049,75,150,30,0,0,zero_one_bfs,manhattan,4,,75,0,75.0000,76,152,true,0.0719,75.0000
E6,open,1144,75,150,30,0,0,bfs,manhattan,4,,7068,75,75.0000,76,150,true,2.9381,75.0000
E6,open,1144,75,150,30,0,0,dfs,manhattan,4,,75,75,75.0000,76,152,true,0.0281,75.0000
E6,open,1144,75,150,30,0,0,dijkstra,manhattan,4,,7019,75,75.0000,76,193,true,4.6948,75.0000
E6,open,1144,75,150,30,0,0,a_star,manhattan,4,,75,75,75.0000,76,152,true,0.0356,75.0000
E6,open,1144,75,150,30,0,0,greedy,manhattan,4,,75,75,75.0000,76,152,true,0.0380,75.0000
E6,open,1144,75,150,30,0,0,swarm,manhattan,4,,75,75,75.0000,76,152,true,0.0377,75.0000
E6,open,1144,75,150,30,0,0,convergent_swarm,manhattan,4,,75,75,75.0000,76,152,true,0.0379,75.0000
E6,open,1144,75,150,30,0,0,zero_one_bfs,manhattan,4,,75,0,75.0000,76,152,true,0.0446,75.0000
E6,open,1263,75,150,30,0,0,bfs,manhattan,4,,7068,75,75.0000,76,150,true,2.0630,75.0000
E6,open,1263,75,150,30,0,0,dfs,manhattan,4,,75,75,75.0000,76,152,true,0.0259,75.0000
E6,open,1263,75,150,30,0,0,dijkstra,manhattan,4,,7019,75,75.0000,76,193,true,4.3306,75.0000
E6,open,1263,75,150,30,0,0,a_star,manhattan,4,,75,75,75.0000,76,152,true,0.0352,75.0000
E6,open,1263,75,150,30,0,0,greedy,manhattan,4,,75,75,75.0000,76,152,true,0.0383,75.0000
E6,open,1263,75,150,30,0,0,swarm,manhattan,4,,75,75,75.0000,76,152,true,0.0373,75.0000
E6,open,1263,75,150,30,0,0,convergent_swarm,manhattan,4,,75,75,75.0000,76,152,true,0.0387,75.0000
E6,open,1263,75,150,30,0,0,zero_one_bfs,manhattan,4,,75,0,75.0000,76,152,true,0.0444,75.0000
E6,open,2056,75,150,30,0,0,bfs,manhattan,4,,7068,75,75.0000,76,150,true,4.9742,75.0000
E6,open,2056,75,150,30,0,0,dfs,manhattan,4,,75,75,75.0000,76,152,true,0.0387,75.0000
E6,open,2056,75,150,30,0,0,dijkstra,manhattan,4,,7019,75,75.0000,76,193,true,4.3047,75.0000
E6,open,2056,75,150,30,0,0,a_star,manhattan,4,,75,75,75.0000,76,152,true,0.0351,75.0000
E6,open,2056,75,150,30,0,0,greedy,manhattan,4,,75,75,75.0000,76,152,true,0.0396,75.0000
E6,open,2056,75,150,30,0,0,swarm,manhattan,4,,75,75,75.0000,76,152,true,0.0373,75.0000
E6,open,2056,75,150,30,0,0,convergent_swarm,manhattan,4,,75,75,75.0000,76,152,true,0.0374,75.0000
E6,open,2056,75,150,30,0,0,zero_one_bfs,manhattan,4,,75,0,75.0000,76,152,true,0.0449,75.0000
E6,open,2151,75,150,30,0,0,bfs,manhattan,4,,7068,75,75.0000,76,150,true,2.1828,75.0000
E6,open,2151,75,150,30,0,0,dfs,manhattan,4,,75,75,75.0000,76,152,true,0.0259,75.0000
E6,open,2151,75,150,30,0,0,dijkstra,manhattan,4,,7019,75,75.0000,76,193,true,4.4560,75.0000
E6,open,2151,75,150,30,0,0,a_star,manhattan,4,,75,75,75.0000,76,152,true,0.0364,75.0000
E6,open,2151,75,150,30,0,0,greedy,manhattan,4,,75,75,75.0000,76,152,true,0.0427,75.0000
E6,open,2151,75,150,30,0,0,swarm,manhattan,4,,75,75,75.0000,76,152,true,0.0429,75.0000
E6,open,2151,75,150,30,0,0,convergent_swarm,manhattan,4,,75,75,75.0000,76,152,true,0.0373,75.0000
E6,open,2151,75,150,30,0,0,zero_one_bfs,manhattan,4,,75,0,75.0000,76,152,true,0.0451,75.0000
E6,open,2270,75,150,30,0,0,bfs,manhattan,4,,7068,75,75.0000,76,150,true,3.5987,75.0000
E6,open,2270,75,150,30,0,0,dfs,manhattan,4,,75,75,75.0000,76,152,true,0.0263,75.0000
E6,open,2270,75,150,30,0,0,dijkstra,manhattan,4,,7019,75,75.0000,76,193,true,5.7028,75.0000
E6,open,2270,75,150,30,0,0,a_star,manhattan,4,,75,75,75.0000,76,152,true,0.0520,75.0000
E6,open,2270,75,150,30,0,0,greedy,manhattan,4,,75,75,75.0000,76,152,true,0.0553,75.0000
E6,open,2270,75,150,30,0,0,swarm,manhattan,4,,75,75,75.0000,76,152,true,0.0542,75.0000
E6,open,2270,75,150,30,0,0,convergent_swarm,manhattan,4,,75,75,75.0000,76,152,true,0.0538,75.0000
E6,open,2270,75,150,30,0,0,zero_one_bfs,manhattan,4,,75,0,75.0000,76,152,true,0.0642,75.0000
E6,open,3063,75,150,30,0,0,bfs,manhattan,4,,7068,75,75.0000,76,150,true,2.5625,75.0000
E6,open,3063,75,150,30,0,0,dfs,manhattan,4,,75,75,75.0000,76,152,true,0.0257,75.0000
E6,open,3063,75,150,30,0,0,dijkstra,manhattan,4,,7019,75,75.0000,76,193,true,4.3107,75.0000
E6,open,3063,75,150,30,0,0,a_star,manhattan,4,,75,75,75.0000,76,152,true,0.0380,75.0000
E6,open,3063,75,150,30,0,0,greedy,manhattan,4,,75,75,75.0000,76,152,true,0.0522,75.0000
E6,open,3063,75,150,30,0,0,swarm,manhattan,4,,75,75,75.0000,76,152,true,0.0413,75.0000
E6,open,3063,75,150,30,0,0,convergent_swarm,manhattan,4,,75,75,75.0000,76,152,true,0.0414,75.0000
E6,open,3063,75,150,30,0,0,zero_one_bfs,manhattan,4,,75,0,75.0000,76,152,true,0.0477,75.0000
E6,open,3158,75,150,30,0,0,bfs,manhattan,4,,7068,75,75.0000,76,150,true,3.1636,75.0000
E6,open,3158,75,150,30,0,0,dfs,manhattan,4,,75,75,75.0000,76,152,true,0.0282,75.0000
E6,open,3158,75,150,30,0,0,dijkstra,manhattan,4,,7019,75,75.0000,76,193,true,3.2429,75.0000
E6,open,3158,75,150,30,0,0,a_star,manhattan,4,,75,75,75.0000,76,152,true,0.0365,75.0000
E6,open,3158,75,150,30,0,0,greedy,manhattan,4,,75,75,75.0000,76,152,true,0.0377,75.0000
E6,open,3158,75,150,30,0,0,swarm,manhattan,4,,75,75,75.0000,76,152,true,0.0379,75.0000
E6,open,3158,75,150,30,0,0,convergent_swarm,manhattan,4,,75,75,75.0000,76,152,true,0.0386,75.0000
E6,open,3158,75,150,30,0,0,zero_one_bfs,manhattan,4,,75,0,75.0000,76,152,true,0.0454,75.0000
E6,open,3277,75,150,30,0,0,bfs,manhattan,4,,7068,75,75.0000,76,150,true,1.9334,75.0000
E6,open,3277,75,150,30,0,0,dfs,manhattan,4,,75,75,75.0000,76,152,true,0.0255,75.0000
E6,open,3277,75,150,30,0,0,dijkstra,manhattan,4,,7019,75,75.0000,76,193,true,3.0625,75.0000
E6,open,3277,75,150,30,0,0,a_star,manhattan,4,,75,75,75.0000,76,152,true,0.0353,75.0000
E6,open,3277,75,150,30,0,0,greedy,manhattan,4,,75,75,75.0000,76,152,true,0.0372,75.0000
E6,open,3277,75,150,30,0,0,swarm,manhattan,4,,75,75,75.0000,76,152,true,0.0371,75.0000
E6,open,3277,75,150,30,0,0,convergent_swarm,manhattan,4,,75,75,75.0000,76,152,true,0.0390,75.0000
E6,open,3277,75,150,30,0,0,zero_one_bfs,manhattan,4,,75,0,75.0000,76,152,true,0.0729,75.0000
E6,open,4070,75,150,30,0,0,bfs,manhattan,4,,7068,75,75.0000,76,150,true,3.4911,75.0000
E6,open,4070,75,150,30,0,0,dfs,manhattan,4,,75,75,75.0000,76,152,true,0.0390,75.0000
E6,open,4070,75,150,30,0,0,dijkstra,manhattan,4,,7019,75,75.0000,76,193,true,3.2104,75.0000
E6,open,4070,75,150,30,0,0,a_star,manhattan,4,,75,75,75.0000,76,152,true,0.0355,75.0000
E6,open,4070,75,150,30,0,0,greedy,manhattan,4,,75,75,75.0000,76,152,true,0.0389,75.0000
E6,open,4070,75,150,30,0,0,swarm,manhattan,4,,75,75,75.0000,76,152,true,0.0379,75.0000
E6,open,4070,75,150,30,0,0,convergent_swarm,manhattan,4,,75,75,75.0000,76,152,true,0.0372,75.0000
E6,open,4070,75,150,30,0,0,zero_one_bfs,manhattan,4,,75,0,75.0000,76,152,true,0.0450,75.0000
E6,open,4165,75,150,30,0,0,bfs,manhattan,4,,7068,75,75.0000,76,150,true,2.0763,75.0000
E6,open,4165,75,150,30,0,0,dfs,manhattan,4,,75,75,75.0000,76,152,true,0.0307,75.0000
E6,open,4165,75,150,30,0,0,dijkstra,manhattan,4,,7019,75,75.0000,76,193,true,3.8446,75.0000
E6,open,4165,75,150,30,0,0,a_star,manhattan,4,,75,75,75.0000,76,152,true,0.0358,75.0000
E6,open,4165,75,150,30,0,0,greedy,manhattan,4,,75,75,75.0000,76,152,true,0.0384,75.0000
E6,open,4165,75,150,30,0,0,swarm,manhattan,4,,75,75,75.0000,76,152,true,0.0504,75.0000
E6,open,4165,75,150,30,0,0,convergent_swarm,manhattan,4,,75,75,75.0000,76,152,true,0.0416,75.0000
E6,open,4165,75,150,30,0,0,zero_one_bfs,manhattan,4,,75,0,75.0000,76,152,true,0.0447,75.0000
E6,open,4284,75,150,30,0,0,bfs,manhattan,4,,7068,75,75.0000,76,150,true,2.6460,75.0000
E6,open,4284,75,150,30,0,0,dfs,manhattan,4,,75,75,75.0000,76,152,true,0.0284,75.0000
E6,open,4284,75,150,30,0,0,dijkstra,manhattan,4,,7019,75,75.0000,76,193,true,3.2608,75.0000
E6,open,4284,75,150,30,0,0,a_star,manhattan,4,,75,75,75.0000,76,152,true,0.0368,75.0000
E6,open,4284,75,150,30,0,0,greedy,manhattan,4,,75,75,75.0000,76,152,true,0.0377,75.0000
E6,open,4284,75,150,30,0,0,swarm,manhattan,4,,75,75,75.0000,76,152,true,0.0370,75.0000
E6,open,4284,75,150,30,0,0,convergent_swarm,manhattan,4,,75,75,75.0000,76,152,true,0.0382,75.0000
E6,open,4284,75,150,30,0,0,zero_one_bfs,manhattan,4,,75,0,75.0000,76,152,true,0.0469,75.0000
E6,open,5077,75,150,30,0,0,bfs,manhattan,4,,7068,75,75.0000,76,150,true,2.7495,75.0000
E6,open,5077,75,150,30,0,0,dfs,manhattan,4,,75,75,75.0000,76,152,true,0.0376,75.0000
E6,open,5077,75,150,30,0,0,dijkstra,manhattan,4,,7019,75,75.0000,76,193,true,5.6642,75.0000
E6,open,5077,75,150,30,0,0,a_star,manhattan,4,,75,75,75.0000,76,152,true,0.0519,75.0000
E6,open,5077,75,150,30,0,0,greedy,manhattan,4,,75,75,75.0000,76,152,true,0.0515,75.0000
E6,open,5077,75,150,30,0,0,swarm,manhattan,4,,75,75,75.0000,76,152,true,0.0615,75.0000
E6,open,5077,75,150,30,0,0,convergent_swarm,manhattan,4,,75,75,75.0000,76,152,true,0.0524,75.0000
E6,open,5077,75,150,30,0,0,zero_one_bfs,manhattan,4,,75,0,75.0000,76,152,true,0.0619,75.0000
E6,open,5172,75,150,30,0,0,bfs,manhattan,4,,7068,75,75.0000,76,150,true,2.0828,75.0000
E6,open,5172,75,150,30,0,0,dfs,manhattan,4,,75,75,75.0000,76,152,true,0.0286,75.0000
E6,open,5172,75,150,30,0,0,dijkstra,manhattan,4,,7019,75,75.0000,76,193,true,4.5067,75.0000
E6,open,5172,75,150,30,0,0,a_star,manhattan,4,,75,75,75.0000,76,152,true,0.0373,75.0000
E6,open,5172,75,150,30,0,0,greedy,manhattan,4,,75,75,75.0000,76,152,true,0.0364,75.0000
E6,open,5172,75,150,30,0,0,swarm,manhattan,4,,75,75,75.0000,76,152,true,0.0372,75.0000
E6,open,5172,75,150,30,0,0,convergent_swarm,manhattan,4,,75,75,75.0000,76,152,true,0.0372,75.0000
E6,open,5172,75,150,30,0,0,zero_one_bfs,manhattan,4,,75,0,75.0000,76,152,true,0.0466,75.0000
E6,open,5291,75,150,30,0,0,bfs,manhattan,4,,7068,75,75.0000,76,150,true,2.2162,75.0000
E6,open,5291,75,150,30,0,0,dfs,manhattan,4,,75,75,75.0000,76,152,true,0.0268,75.0000
E6,open,5291,75,150,30,0,0,dijkstra,manhattan,4,,7019,75,75.0000,76,193,true,4.2086,75.0000
E6,open,5291,75,150,30,0,0,a_star,manhattan,4,,75,75,75.0000,76,152,true,0.0780,75.0000
E6,open,5291,75,150,30,0,0,greedy,manhattan,4,,75,75,75.0000,76,152,true,0.0589,75.0000
E6,open,5291,75,150,30,0,0,swarm,manhattan,4,,75,75,75.0000,76,152,true,0.0399,75.0000
E6,open,5291,75,150,30,0,0,convergent_swarm,manhattan,4,,75,75,75.0000,76,152,true,0.0468,75.0000
E6,open,5291,75,150,30,0,0,zero_one_bfs,manhattan,4,,75,0,75.0000,76,152,true,0.0522,75.0000
E6,random,42,100,200,30,5921,0,bfs,manhattan,4,,10161,136,136.0000,137,158,true,3.3788,136.0000
E6,random,42,100,200,30,5921,0,dfs,manhattan,4,,13060,1208,1208.0000,1209,3930,true,4.9865,136.0000
E6,random,42,100,200,30,5921,0,dijkstra,manhattan,4,,10158,136,136.0000,137,164,true,5.5751,136.0000
E6,random,42,100,200,30,5921,0,a_star,manhattan,4,,2041,136,136.0000,137,165,true,1.2888,136.0000
E6,random,42,100,200,30,5921,0,greedy,manhattan,4,,236,146,146.0000,147,129,true,0.1383,136.0000
E6,random,42,100,200,30,5921,0,swarm,manhattan,4,,241,144,144.0000,145,130,true,0.1376,136.0000
E6,random,42,100,200,30,5921,0,convergent_swarm,manhattan,4,,231,146,146.0000,147,125,true,0.1453,136.0000
E6,random,42,100,200,30,5921,0,zero_one_bfs,manhattan,4,,11733,0,1314.0000,1315,1873,true,9.5483,136.0000
E6,random,137,100,200,30,5999,0,bfs,manhattan,4,,9729,170,170.0000,171,140,true,2.9635,170.0000
E6,random,137,100,200,30,5999,0,dfs,manhattan,4,,4956,1926,1926.0000,1927,1515,true,2.2549,170.0000
E6,random,137,100,200,30,5999,0,dijkstra,manhattan,4,,9697,170,170.0000,171,142,true,4.7359,170.0000
E6,random,137,100,200,30,5999,0,a_star,manhattan,4,,1972,170,170.0000,171,135,true,1.1372,170.0000
E6,random,137,100,200,30,5999,0,greedy,manhattan,4,,277,194,194.0000,195,153,true,0.1106,170.0000
E6,random,137,100,200,30,5999,0,swarm,manhattan,4,,360,176,176.0000,177,148,true,0.1302,170.0000
E6,random,137,100,200,30,5999,0,convergent_swarm,manhattan,4,,284,194,194.0000,195,150,true,0.1041,170.0000
E6,random,137,100,200,30,5999,0,zero_one_bfs,manhattan,4,,3678,0,1396.0000,1397,1049,true,1.9071,170.0000
E6,random,256,100,200,30,6017,0,bfs,manhattan,4,,9455,130,130.0000,131,147,true,2.8988,130.0000
E6,random,256,100,200,30,6017,0,dfs,manhattan,4,,4950,2328,2328.0000,2329,1826,true,1.8446,130.0000
E6,random,256,100,200,30,6017,0,dijkstra,manhattan,4,,9427,130,130.0000,131,154,true,4.4332,130.0000
E6,random,256,100,200,30,6017,0,a_star,manhattan,4,,1386,130,130.0000,131,134,true,0.6155,130.0000
E6,random,256,100,200,30,6017,0,greedy,manhattan,4,,270,170,170.0000,171,117,true,0.1485,130.0000
E6,random,256,100,200,30,6017,0,swarm,manhattan,4,,368,154,154.0000,155,119,true,0.1711,130.0000
E6,random,256,100,200,30,6017,0,convergent_swarm,manhattan,4,,290,158,158.0000,159,121,true,0.1153,130.0000
E6,random,256,100,200,30,6017,0,zero_one_bfs,manhattan,4,,3440,0,1660.0000,1661,1252,true,2.4403,130.0000
E6,random,1049,100,200,30,5916,0,bfs,manhattan,4,,9961,132,132.0000,133,153,true,6.6167,132.0000
E6,random,1049,100,200,30,5916,0,dfs,manhattan,4,,2736,1660,1660.0000,1661,1327,true,0.9388,132.0000
E6,random,1049,100,200,30,5916,0,dijkstra,manhattan,4,,9922,132,132.0000,133,158,true,6.1867,132.0000
E6,random,1049,100,200,30,5916,0,a_star,manhattan,4,,1626,132,132.0000,133,152,true,0.6293,132.0000
E6,random,1049,100,200,30,5916,0,greedy,manhattan,4,,243,166,166.0000,167,142,true,0.0936,132.0000
E6,random,1049,100,200,30,5916,0,swarm,manhattan,4,,332,144,144.0000,145,140,true,0.1239,132.0000
E6,random,1049,100,200,30,5916,0,convergent_swarm,manhattan,4,,268,164,164.0000,165,142,true,0.1251,132.0000
E6,random,1049,100,200,30,5916,0,zero_one_bfs,manhattan,4,,13677,0,182.0000,183,2624,true,9.7204,132.0000
E6,random,1144,100,200,30,5903,0,bfs,manhattan,4,,9858,146,146.0000,147,140,true,3.3633,146.0000
E6,random,1144,100,200,30,5903,0,dfs,manhattan,4,,5050,2636,2636.0000,2637,2272,true,3.5447,146.0000
E6,random,1144,100,200,30,5903,0,dijkstra,manhattan,4,,9845,146,146.0000,147,146,true,5.0908,146.0000
E6,random,1144,100,200,30,5903,0,a_star,manhattan,4,,1830,146,146.0000,147,136,true,0.6790,146.0000
E6,random,1144,100,200,30,5903,0,greedy,manhattan,4,,322,190,190.0000,191,141,true,0.1167,146.0000
E6,random,1144,100,200,30,5903,0,swarm,manhattan,4,,419,158,158.0000,159,132,true,0.1552,146.0000
E6,random,1144,100,200,30,5903,0,convergent_swarm,manhattan,4,,349,174,174.0000,175,134,true,0.1272,146.0000
E6,random,1144,100,200,30,5903,0,zero_one_bfs,manhattan,4,,6347,0,1718.0000,1719,1694,true,3.9851,146.0000
E6,random,1263,100,200,30,5992,0,bfs,manhattan,4,,10136,144,144.0000,145,154,true,2.8347,144.0000
E6,random,1263,100,200,30,5992,0,dfs,manhattan,4,,9506,3286,3286.0000,3287,3245,true,4.4172,144.0000
E6,random,1263,100,200,30,5992,0,dijkstra,manhattan,4,,10126,144,144.0000,145,160,true,5.5859,144.0000
E6,random,1263,100,200,30,5992,0,a_star,manhattan,4,,2223,144,144.0000,145,181,true,0.8898,144.0000
E6,random,1263,100,200,30,5992,0,greedy,manhattan,4,,307,176,176.0000,177,129,true,0.1133,144.0000
E6,random,1263,100,200,30,5992,0,swarm,manhattan,4,,628,162,162.0000,163,122,true,0.2398,144.0000
E6,random,1263,100,200,30,5992,0,convergent_swarm,manhattan,4,,363,166,166.0000,167,128,true,0.1609,144.0000
E6,random,1263,100,200,30,5992,0,zero_one_bfs,manhattan,4,,4429,0,2156.0000,2157,1565,true,3.5877,144.0000
E6,random,2056,100,200,30,5913,0,bfs,manhattan,4,,10038,140,140.0000,141,149,true,4.9373,140.0000
E6,random,2056,100,200,30,5913,0,dfs,manhattan,4,,2137,1480,1480.0000,1481,1207,true,0.9397,140.0000
E6,random,2056,100,200,30,5913,0,dijkstra,manhattan,4,,10025,140,140.0000,141,152,true,7.2120,140.0000
E6,random,2056,100,200,30,5913,0,a_star,manhattan,4,,1809,140,140.0000,141,114,true,1.0097,140.0000
E6,random,2056,100,200,30,5913,0,greedy,manhattan,4,,356,172,172.0000,173,132,true,0.2343,140.0000
E6,random,2056,100,200,30,5913,0,swarm,manhattan,4,,431,162,162.0000,163,120,true,0.3071,140.0000
E6,random,2056,100,200,30,5913,0,convergent_swarm,manhattan,4,,358,170,170.0000,171,127,true,0.2577,140.0000
E6,random,2056,100,200,30,5913,0,zero_one_bfs,manhattan,4,,12409,0,770.0000,771,1717,true,9.0785,140.0000
E6,random,2151,100,200,30,6036,0,bfs,manhattan,4,,9917,140,140.0000,141,148,true,3.5299,140.0000
E6,random,2151,100,200,30,6036,0,dfs,manhattan,4,,5722,3448,3448.0000,3449,2792,true,1.9114,140.0000
E6,random,2151,100,200,30,6036,0,dijkstra,manhattan,4,,9905,140,140.0000,141,150,true,5.7463,140.0000
E6,random,2151,100,200,30,6036,0,a_star,manhattan,4,,1897,140,140.0000,141,139,true,2.9164,140.0000
E6,random,2151,100,200,30,6036,0,greedy,manhattan,4,,314,180,180.0000,181,147,true,0.2097,140.0000
E6,random,2151,100,200,30,6036,0,swarm,manhattan,4,,421,146,146.0000,147,129,true,0.2566,140.0000
E6,random,2151,100,200,30,6036,0,convergent_swarm,manhattan,4,,359,176,176.0000,177,137,true,0.1663,140.0000
E6,random,2151,100,200,30,6036,0,zero_one_bfs,manhattan,4,,6524,0,1922.0000,1923,1431,true,3.9837,140.0000
E6,random,2270,100,200,30,5961,0,bfs,manhattan,4,,9731,128,128.0000,129,163,true,3.4058,128.0000
E6,random,2270,100,200,30,5961,0,dfs,manhattan,4,,12029,2148,2148.0000,2149,3416,true,5.0299,128.0000
E6,random,2270,100,200,30,5961,0,dijkstra,manhattan,4,,9672,128,128.0000,129,165,true,5.8528,128.0000
E6,random,2270,100,200,30,5961,0,a_star,manhattan,4,,1360,128,128.0000,129,141,true,0.4997,128.0000
E6,random,2270,100,200,30,5961,0,greedy,manhattan,4,,189,144,144.0000,145,118,true,0.0803,128.0000
E6,random,2270,100,200,30,5961,0,swarm,manhattan,4,,206,134,134.0000,135,114,true,0.0780,128.0000
E6,random,2270,100,200,30,5961,0,convergent_swarm,manhattan,4,,189,140,140.0000,141,118,true,0.0712,128.0000
E6,random,2270,100,200,30,5961,0,zero_one_bfs,manhattan,4,,3355,0,1846.0000,1847,1505,true,3.4123,128.0000
E6,random,3063,100,200,30,6051,0,bfs,manhattan,4,,9728,140,140.0000,141,151,true,2.7915,140.0000
E6,random,3063,100,200,30,6051,0,dfs,manhattan,4,,12470,1642,1642.0000,1643,2932,true,5.2380,140.0000
E6,random,3063,100,200,30,6051,0,dijkstra,manhattan,4,,9720,140,140.0000,141,152,true,4.9429,140.0000
E6,random,3063,100,200,30,6051,0,a_star,manhattan,4,,1823,140,140.0000,141,168,true,0.6922,140.0000
E6,random,3063,100,200,30,6051,0,greedy,manhattan,4,,266,182,182.0000,183,124,true,0.0984,140.0000
E6,random,3063,100,200,30,6051,0,swarm,manhattan,4,,297,144,144.0000,145,134,true,0.1098,140.0000
E6,random,3063,100,200,30,6051,0,convergent_swarm,manhattan,4,,307,160,160.0000,161,138,true,0.1102,140.0000
E6,random,3063,100,200,30,6051,0,zero_one_bfs,manhattan,4,,10869,0,1284.0000,1285,1997,true,8.6912,140.0000
E6,random,3158,100,200,30,6016,0,bfs,manhattan,4,,9893,136,136.0000,137,155,true,2.9065,136.0000
E6,random,3158,100,200,30,6016,0,dfs,manhattan,4,,5871,3052,3052.0000,3053,2394,true,2.3731,136.0000
E6,random,3158,100,200,30,6016,0,dijkstra,manhattan,4,,9934,136,136.0000,137,161,true,5.9409,136.0000
E6,random,3158,100,200,30,6016,0,a_star,manhattan,4,,1561,136,136.0000,137,144,true,0.7211,136.0000
E6,random,3158,100,200,30,6016,0,greedy,manhattan,4,,273,184,184.0000,185,132,true,0.1027,136.0000
E6,random,3158,100,200,30,6016,0,swarm,manhattan,4,,449,162,162.0000,163,113,true,0.1679,136.0000
E6,random,3158,100,200,30,6016,0,convergent_swarm,manhattan,4,,319,184,184.0000,185,126,true,0.1214,136.0000
E6,random,3158,100,200,30,6016,0,zero_one_bfs,manhattan,4,,1915,0,986.0000,987,756,true,1.0002,136.0000
E6,random,3277,100,200,30,5986,0,bfs,manhattan,4,,9927,136,136.0000,137,146,true,4.2005,136.0000
E6,random,3277,100,200,30,5986,0,dfs,manhattan,4,,2766,1574,1574.0000,1575,1327,true,0.9240,136.0000
E6,random,3277,100,200,30,5986,0,dijkstra,manhattan,4,,9948,136,136.0000,137,151,true,5.8752,136.0000
E6,random,3277,100,200,30,5986,0,a_star,manhattan,4,,1811,136,136.0000,137,140,true,0.6828,136.0000
E6,random,3277,100,200,30,5986,0,greedy,manhattan,4,,244,164,164.0000,165,103,true,0.0864,136.0000
E6,random,3277,100,200,30,5986,0,swarm,manhattan,4,,271,142,142.0000,143,111,true,0.1022,136.0000
E6,random,3277,100,200,30,5986,0,convergent_swarm,manhattan,4,,247,162,162.0000,163,111,true,0.0994,136.0000
E6,random,3277,100,200,30,5986,0,zero_one_bfs,manhattan,4,,5384,0,2298.0000,2299,1727,true,3.2608,136.0000
E6,random,4070,100,200,30,6056,0,bfs,manhattan,4,,10227,150,150.0000,151,153,true,6.7553,150.0000
E6,random,4070,100,200,30,6056,0,dfs,manhattan,4,,12865,1366,1366.0000,1367,2511,true,5.9989,150.0000
E6,random,4070,100,200,30,6056,0,dijkstra,manhattan,4,,10221,150,150.0000,151,153,true,6.3081,150.0000
E6,random,4070,100,200,30,6056,0,a_star,manhattan,4,,2893,150,150.0000,151,168,true,1.1454,150.0000
E6,random,4070,100,200,30,6056,0,greedy,manhattan,4,,293,172,172.0000,173,125,true,0.1073,150.0000
E6,random,4070,100,200,30,6056,0,swarm,manhattan,4,,569,166,166.0000,167,135,true,0.2078,150.0000
E6,random,4070,100,200,30,6056,0,convergent_swarm,manhattan,4,,355,172,172.0000,173,123,true,0.1259,150.0000
E6,random,4070,100,200,30,6056,0,zero_one_bfs,manhattan,4,,11712,0,1170.0000,1171,1556,true,9.4346,150.0000
E6,random,4165,100,200,30,6013,0,bfs,manhattan,4,,9934,144,144.0000,145,145,true,4.6404,144.0000
E6,random,4165,100,200,30,6013,0,dfs,manhattan,4,,1129,748,748.0000,749,574,true,0.3578,144.0000
E6,random,4165,100,200,30,6013,0,dijkstra,manhattan,4,,9933,144,144.0000,145,152,true,5.4815,144.0000
E6,random,4165,100,200,30,6013,0,a_star,manhattan,4,,1993,144,144.0000,145,144,true,0.7782,144.0000
E6,random,4165,100,200,30,6013,0,greedy,manhattan,4,,261,168,168.0000,169,122,true,0.0997,144.0000
E6,random,4165,100,200,30,6013,0,swarm,manhattan,4,,336,148,148.0000,149,113,true,0.1226,144.0000
E6,random,4165,100,200,30,6013,0,convergent_swarm,manhattan,4,,276,164,164.0000,165,118,true,0.1000,144.0000
E6,random,4165,100,200,30,6013,0,zero_one_bfs,manhattan,4,,1932,0,1078.0000,1079,794,true,1.3026,144.0000
E6,random,4284,100,200,30,5958,0,bfs,manhattan,4,,10408,146,146.0000,147,167,true,3.8608,146.0000
E6,random,4284,100,200,30,5958,0,dfs,manhattan,4,,2624,1418,1418.0000,1419,1141,true,0.8135,146.0000
E6,random,4284,100,200,30,5958,0,dijkstra,manhattan,4,,10415,146,146.0000,147,173,true,7.9562,146.0000
E6,random,4284,100,200,30,5958,0,a_star,manhattan,4,,2888,146,146.0000,147,160,true,1.3347,146.0000
E6,random,4284,100,200,30,5958,0,greedy,manhattan,4,,252,172,172.0000,173,130,true,0.1013,146.0000
E6,random,4284,100,200,30,5958,0,swarm,manhattan,4,,331,158,158.0000,159,117,true,0.2864,146.0000
E6,random,4284,100,200,30,5958,0,convergent_swarm,manhattan,4,,255,164,164.0000,165,129,true,0.1674,146.0000
E6,random,4284,100,200,30,5958,0,zero_one_bfs,manhattan,4,,11752,0,1228.0000,1229,1728,true,9.0735,146.0000
E6,random,5077,100,200,30,5985,0,bfs,manhattan,4,,9683,132,132.0000,133,177,true,2.8049,132.0000
E6,random,5077,100,200,30,5985,0,dfs,manhattan,4,,6138,2332,2332.0000,2333,1934,true,2.7652,132.0000
E6,random,5077,100,200,30,5985,0,dijkstra,manhattan,4,,9676,132,132.0000,133,186,true,6.4722,132.0000
E6,random,5077,100,200,30,5985,0,a_star,manhattan,4,,1428,132,132.0000,133,128,true,0.5528,132.0000
E6,random,5077,100,200,30,5985,0,greedy,manhattan,4,,175,144,144.0000,145,137,true,0.0747,132.0000
E6,random,5077,100,200,30,5985,0,swarm,manhattan,4,,199,140,140.0000,141,132,true,0.0817,132.0000
E6,random,5077,100,200,30,5985,0,convergent_swarm,manhattan,4,,180,144,144.0000,145,133,true,0.0738,132.0000
E6,random,5077,100,200,30,5985,0,zero_one_bfs,manhattan,4,,4727,0,2244.0000,2245,1664,true,3.1569,132.0000
E6,random,5172,100,200,30,5901,0,bfs,manhattan,4,,9813,130,130.0000,131,165,true,3.7170,130.0000
E6,random,5172,100,200,30,5901,0,dfs,manhattan,4,,6749,3188,3188.0000,3189,2612,true,2.2530,130.0000
E6,random,5172,100,200,30,5901,0,dijkstra,manhattan,4,,9800,130,130.0000,131,170,true,5.3560,130.0000
E6,random,5172,100,200,30,5901,0,a_star,manhattan,4,,1600,130,130.0000,131,125,true,0.6119,130.0000
E6,random,5172,100,200,30,5901,0,greedy,manhattan,4,,219,148,148.0000,149,120,true,0.0902,130.0000
E6,random,5172,100,200,30,5901,0,swarm,manhattan,4,,261,136,136.0000,137,120,true,1.8382,130.0000
E6,random,5172,100,200,30,5901,0,convergent_swarm,manhattan,4,,220,148,148.0000,149,119,true,0.1394,130.0000
E6,random,5172,100,200,30,5901,0,zero_one_bfs,manhattan,4,,4688,0,2608.0000,2609,1983,true,3.6232,130.0000
E6,random,5291,100,200,30,6094,0,bfs,manhattan,4,,9489,124,124.0000,125,155,true,3.0853,124.0000
E6,random,5291,100,200,30,6094,0,dfs,manhattan,4,,6961,3324,3324.0000,3325,2711,true,3.1499,124.0000
E6,random,5291,100,200,30,6094,0,dijkstra,manhattan,4,,9518,124,124.0000,125,166,true,5.4047,124.0000
E6,random,5291,100,200,30,6094,0,a_star,manhattan,4,,1157,124,124.0000,125,113,true,0.7340,124.0000
E6,random,5291,100,200,30,6094,0,greedy,manhattan,4,,228,162,162.0000,163,124,true,0.1708,124.0000
E6,random,5291,100,200,30,6094,0,swarm,manhattan,4,,306,136,136.0000,137,118,true,0.1208,124.0000
E6,random,5291,100,200,30,6094,0,convergent_swarm,manhattan,4,,251,148,148.0000,149,119,true,0.1051,124.0000
E6,random,5291,100,200,30,6094,0,zero_one_bfs,manhattan,4,,11648,0,898.0000,899,2004,true,11.1306,124.0000
E6,maze,42,100,200,30,10296,0,bfs,manhattan,4,,8647,3366,3366.0000,3367,13,true,2.6068,3366.0000
E6,maze,42,100,200,30,10296,0,dfs,manhattan,4,,3888,3366,3366.0000,3367,83,true,0.8125,3366.0000
E6,maze,42,100,200,30,10296,0,dijkstra,manhattan,4,,8643,3366,3366.0000,3367,13,true,2.9923,3366.0000
E6,maze,42,100,200,30,10296,0,a_star,manhattan,4,,8533,3366,3366.0000,3367,12,true,3.1827,3366.0000
E6,maze,42,100,200,30,10296,0,greedy,manhattan,4,,4691,3366,3366.0000,3367,34,true,1.4435,3366.0000
E6,maze,42,100,200,30,10296,0,swarm,manhattan,4,,8225,3366,3366.0000,3367,15,true,3.3790,3366.0000
E6,maze,42,100,200,30,10296,0,convergent_swarm,manhattan,4,,7644,3366,3366.0000,3367,15,true,5.1827,3366.0000
E6,maze,42,100,200,30,10296,0,zero_one_bfs,manhattan,4,,3888,0,3366.0000,3367,83,true,1.1235,3366.0000
E6,maze,137,100,200,30,10296,0,bfs,manhattan,4,,8886,3938,3938.0000,3939,11,true,2.0799,3938.0000
E6,maze,137,100,200,30,10296,0,dfs,manhattan,4,,5802,3938,3938.0000,3939,75,true,1.6966,3938.0000
E6,maze,137,100,200,30,10296,0,dijkstra,manhattan,4,,8887,3938,3938.0000,3939,10,true,3.1230,3938.0000
E6,maze,137,100,200,30,10296,0,a_star,manhattan,4,,8757,3938,3938.0000,3939,16,true,3.5599,3938.0000
E6,maze,137,100,200,30,10296,0,greedy,manhattan,4,,5366,3938,3938.0000,3939,35,true,1.7173,3938.0000
E6,maze,137,100,200,30,10296,0,swarm,manhattan,4,,8240,3938,3938.0000,3939,20,true,3.7230,3938.0000
E6,maze,137,100,200,30,10296,0,convergent_swarm,manhattan,4,,7637,3938,3938.0000,3939,17,true,3.2543,3938.0000
E6,maze,137,100,200,30,10296,0,zero_one_bfs,manhattan,4,,5802,0,3938.0000,3939,75,true,2.1079,3938.0000
E6,maze,256,100,200,30,10296,0,bfs,manhattan,4,,6070,2878,2878.0000,2879,8,true,1.2224,2878.0000
E6,maze,256,100,200,30,10296,0,dfs,manhattan,4,,3142,2878,2878.0000,2879,76,true,0.6826,2878.0000
E6,maze,256,100,200,30,10296,0,dijkstra,manhattan,4,,6070,2878,2878.0000,2879,9,true,2.3759,2878.0000
E6,maze,256,100,200,30,10296,0,a_star,manhattan,4,,5675,2878,2878.0000,2879,12,true,1.6717,2878.0000
E6,maze,256,100,200,30,10296,0,greedy,manhattan,4,,3547,2878,2878.0000,2879,32,true,1.1780,2878.0000
E6,maze,256,100,200,30,10296,0,swarm,manhattan,4,,5553,2878,2878.0000,2879,12,true,3.3211,2878.0000
E6,maze,256,100,200,30,10296,0,convergent_swarm,manhattan,4,,5110,2878,2878.0000,2879,17,true,1.5669,2878.0000
E6,maze,256,100,200,30,10296,0,zero_one_bfs,manhattan,4,,3142,0,2878.0000,2879,76,true,0.9537,2878.0000
E6,maze,1049,100,200,30,10296,0,bfs,manhattan,4,,9308,3638,3638.0000,3639,11,true,2.6370,3638.0000
E6,maze,1049,100,200,30,10296,0,dfs,manhattan,4,,5072,3638,3638.0000,3639,64,true,1.1702,3638.0000
E6,maze,1049,100,200,30,10296,0,dijkstra,manhattan,4,,9305,3638,3638.0000,3639,11,true,4.1445,3638.0000
E6,maze,1049,100,200,30,10296,0,a_star,manhattan,4,,9111,3638,3638.0000,3639,10,true,3.6939,3638.0000
E6,maze,1049,100,200,30,10296,0,greedy,manhattan,4,,7104,3638,3638.0000,3639,31,true,3.7430,3638.0000
E6,maze,1049,100,200,30,10296,0,swarm,manhattan,4,,9024,3638,3638.0000,3639,15,true,3.8522,3638.0000
E6,maze,1049,100,200,30,10296,0,convergent_swarm,manhattan,4,,8704,3638,3638.0000,3639,19,true,3.0754,3638.0000
E6,maze,1049,100,200,30,10296,0,zero_one_bfs,manhattan,4,,5072,0,3638.0000,3639,64,true,2.7692,3638.0000
E6,maze,1144,100,200,30,10296,0,bfs,manhattan,4,,4058,2054,2054.0000,2055,8,true,0.7382,2054.0000
E6,maze,1144,100,200,30,10296,0,dfs,manhattan,4,,2168,2054,2054.0000,2055,46,true,0.5398,2054.0000
E6,maze,1144,100,200,30,10296,0,dijkstra,manhattan,4,,4057,2054,2054.0000,2055,8,true,1.3490,2054.0000
E6,maze,1144,100,200,30,10296,0,a_star,manhattan,4,,3919,2054,2054.0000,2055,10,true,1.0320,2054.0000
E6,maze,1144,100,200,30,10296,0,greedy,manhattan,4,,2338,2054,2054.0000,2055,26,true,0.6362,2054.0000
E6,maze,1144,100,200,30,10296,0,swarm,manhattan,4,,3841,2054,2054.0000,2055,11,true,1.0487,2054.0000
E6,maze,1144,100,200,30,10296,0,convergent_swarm,manhattan,4,,3402,2054,2054.0000,2055,11,true,1.1579,2054.0000
E6,maze,1144,100,200,30,10296,0,zero_one_bfs,manhattan,4,,2168,0,2054.0000,2055,46,true,0.6354,2054.0000
E6,maze,1263,100,200,30,10296,0,bfs,manhattan,4,,5051,2410,2410.0000,2411,12,true,1.4391,2410.0000
E6,maze,1263,100,200,30,10296,0,dfs,manhattan,4,,2612,2410,2410.0000,2411,54,true,0.5315,2410.0000
E6,maze,1263,100,200,30,10296,0,dijkstra,manhattan,4,,5048,2410,2410.0000,2411,12,true,1.5612,2410.0000
E6,maze,1263,100,200,30,10296,0,a_star,manhattan,4,,4559,2410,2410.0000,2411,11,true,1.3691,2410.0000
E6,maze,1263,100,200,30,10296,0,greedy,manhattan,4,,3169,2410,2410.0000,2411,30,true,0.9626,2410.0000
E6,maze,1263,100,200,30,10296,0,swarm,manhattan,4,,4325,2410,2410.0000,2411,12,true,1.4955,2410.0000
E6,maze,1263,100,200,30,10296,0,convergent_swarm,manhattan,4,,4115,2410,2410.0000,2411,17,true,1.4800,2410.0000
E6,maze,1263,100,200,30,10296,0,zero_one_bfs,manhattan,4,,2612,0,2410.0000,2411,54,true,1.3705,2410.0000
E6,maze,2056,100,200,30,10296,0,bfs,manhattan,4,,8646,2978,2978.0000,2979,15,true,2.1884,2978.0000
E6,maze,2056,100,200,30,10296,0,dfs,manhattan,4,,3222,2978,2978.0000,2979,70,true,0.7039,2978.0000
E6,maze,2056,100,200,30,10296,0,dijkstra,manhattan,4,,8641,2978,2978.0000,2979,15,true,3.4424,2978.0000
E6,maze,2056,100,200,30,10296,0,a_star,manhattan,4,,7777,2978,2978.0000,2979,13,true,2.6665,2978.0000
E6,maze,2056,100,200,30,10296,0,greedy,manhattan,4,,4109,2978,2978.0000,2979,30,true,1.5487,2978.0000
E6,maze,2056,100,200,30,10296,0,swarm,manhattan,4,,7137,2978,2978.0000,2979,15,true,2.5813,2978.0000
E6,maze,2056,100,200,30,10296,0,convergent_swarm,manhattan,4,,6144,2978,2978.0000,2979,11,true,2.9433,2978.0000
E6,maze,2056,100,200,30,10296,0,zero_one_bfs,manhattan,4,,3222,0,2978.0000,2979,70,true,0.9343,2978.0000
E6,maze,2151,100,200,30,10296,0,bfs,manhattan,4,,8050,3854,3854.0000,3855,13,true,1.9279,3854.0000
E6,maze,2151,100,200,30,10296,0,dfs,manhattan,4,,5424,3854,3854.0000,3855,78,true,1.2385,3854.0000
E6,maze,2151,100,200,30,10296,0,dijkstra,manhattan,4,,8049,3854,3854.0000,3855,12,true,2.3225,3854.0000
E6,maze,2151,100,200,30,10296,0,a_star,manhattan,4,,7577,3854,3854.0000,3855,11,true,3.1417,3854.0000
E6,maze,2151,100,200,30,10296,0,greedy,manhattan,4,,6270,3854,3854.0000,3855,32,true,1.8877,3854.0000
E6,maze,2151,100,200,30,10296,0,swarm,manhattan,4,,7455,3854,3854.0000,3855,12,true,3.3590,3854.0000
E6,maze,2151,100,200,30,10296,0,convergent_swarm,manhattan,4,,6909,3854,3854.0000,3855,22,true,2.2292,3854.0000
E6,maze,2151,100,200,30,10296,0,zero_one_bfs,manhattan,4,,5424,0,3854.0000,3855,78,true,3.3308,3854.0000
E6,maze,2270,100,200,30,10296,0,bfs,manhattan,4,,8085,3786,3786.0000,3787,10,true,1.7616,3786.0000
E6,maze,2270,100,200,30,10296,0,dfs,manhattan,4,,4432,3786,3786.0000,3787,83,true,0.9842,3786.0000
E6,maze,2270,100,200,30,10296,0,dijkstra,manhattan,4,,8085,3786,3786.0000,3787,10,true,2.8170,3786.0000
E6,maze,2270,100,200,30,10296,0,a_star,manhattan,4,,7909,3786,3786.0000,3787,10,true,2.4628,3786.0000
E6,maze,2270,100,200,30,10296,0,greedy,manhattan,4,,6154,3786,3786.0000,3787,30,true,2.2635,3786.0000
E6,maze,2270,100,200,30,10296,0,swarm,manhattan,4,,7845,3786,3786.0000,3787,10,true,2.3862,3786.0000
E6,maze,2270,100,200,30,10296,0,convergent_swarm,manhattan,4,,7112,3786,3786.0000,3787,16,true,3.9534,3786.0000
E6,maze,2270,100,200,30,10296,0,zero_one_bfs,manhattan,4,,4432,0,3786.0000,3787,83,true,1.4904,3786.0000
E6,maze,3063,100,200,30,10296,0,bfs,manhattan,4,,7866,3354,3354.0000,3355,11,true,2.0490,3354.0000
E6,maze,3063,100,200,30,10296,0,dfs,manhattan,4,,4878,3354,3354.0000,3355,77,true,1.5510,3354.0000
E6,maze,3063,100,200,30,10296,0,dijkstra,manhattan,4,,7866,3354,3354.0000,3355,11,true,2.3451,3354.0000
E6,maze,3063,100,200,30,10296,0,a_star,manhattan,4,,7175,3354,3354.0000,3355,11,true,3.4068,3354.0000
E6,maze,3063,100,200,30,10296,0,greedy,manhattan,4,,4903,3354,3354.0000,3355,38,true,1.6019,3354.0000
E6,maze,3063,100,200,30,10296,0,swarm,manhattan,4,,6919,3354,3354.0000,3355,11,true,3.5260,3354.0000
E6,maze,3063,100,200,30,10296,0,convergent_swarm,manhattan,4,,5964,3354,3354.0000,3355,14,true,1.7725,3354.0000
E6,maze,3063,100,200,30,10296,0,zero_one_bfs,manhattan,4,,4878,0,3354.0000,3355,77,true,1.5714,3354.0000
E6,maze,3158,100,200,30,10296,0,bfs,manhattan,4,,4309,1690,1690.0000,1691,10,true,0.9215,1690.0000
E6,maze,3158,100,200,30,10296,0,dfs,manhattan,4,,1758,1690,1690.0000,1691,39,true,0.3573,1690.0000
E6,maze,3158,100,200,30,10296,0,dijkstra,manhattan,4,,4308,1690,1690.0000,1691,10,true,1.3443,1690.0000
E6,maze,3158,100,200,30,10296,0,a_star,manhattan,4,,4119,1690,1690.0000,1691,11,true,2.5817,1690.0000
E6,maze,3158,100,200,30,10296,0,greedy,manhattan,4,,2281,1690,1690.0000,1691,26,true,0.6374,1690.0000
E6,maze,3158,100,200,30,10296,0,swarm,manhattan,4,,3667,1690,1690.0000,1691,11,true,0.9822,1690.0000
E6,maze,3158,100,200,30,10296,0,convergent_swarm,manhattan,4,,2653,1690,1690.0000,1691,16,true,0.7212,1690.0000
E6,maze,3158,100,200,30,10296,0,zero_one_bfs,manhattan,4,,1758,0,1690.0000,1691,39,true,0.4797,1690.0000
E6,maze,3277,100,200,30,10296,0,bfs,manhattan,4,,8461,3534,3534.0000,3535,16,true,2.7226,3534.0000
E6,maze,3277,100,200,30,10296,0,dfs,manhattan,4,,4694,3534,3534.0000,3535,72,true,1.0841,3534.0000
E6,maze,3277,100,200,30,10296,0,dijkstra,manhattan,4,,8460,3534,3534.0000,3535,16,true,3.5454,3534.0000
E6,maze,3277,100,200,30,10296,0,a_star,manhattan,4,,8321,3534,3534.0000,3535,12,true,3.0269,3534.0000
E6,maze,3277,100,200,30,10296,0,greedy,manhattan,4,,5771,3534,3534.0000,3535,33,true,2.5163,3534.0000
E6,maze,3277,100,200,30,10296,0,swarm,manhattan,4,,8205,3534,3534.0000,3535,11,true,2.9356,3534.0000
E6,maze,3277,100,200,30,10296,0,convergent_swarm,manhattan,4,,7976,3534,3534.0000,3535,15,true,3.3312,3534.0000
E6,maze,3277,100,200,30,10296,0,zero_one_bfs,manhattan,4,,4694,0,3534.0000,3535,72,true,1.5879,3534.0000
E6,maze,4070,100,200,30,10296,0,bfs,manhattan,4,,4238,2450,2450.0000,2451,10,true,0.8754,2450.0000
E6,maze,4070,100,200,30,10296,0,dfs,manhattan,4,,2726,2450,2450.0000,2451,55,true,0.5898,2450.0000
E6,maze,4070,100,200,30,10296,0,dijkstra,manhattan,4,,4237,2450,2450.0000,2451,10,true,2.5067,2450.0000
E6,maze,4070,100,200,30,10296,0,a_star,manhattan,4,,4137,2450,2450.0000,2451,9,true,1.2714,2450.0000
E6,maze,4070,100,200,30,10296,0,greedy,manhattan,4,,3063,2450,2450.0000,2451,31,true,0.9309,2450.0000
E6,maze,4070,100,200,30,10296,0,swarm,manhattan,4,,4101,2450,2450.0000,2451,10,true,2.6115,2450.0000
E6,maze,4070,100,200,30,10296,0,convergent_swarm,manhattan,4,,4075,2450,2450.0000,2451,11,true,2.4113,2450.0000
E6,maze,4070,100,200,30,10296,0,zero_one_bfs,manhattan,4,,2726,0,2450.0000,2451,55,true,1.0701,2450.0000
E6,maze,4165,100,200,30,10296,0,bfs,manhattan,4,,8316,3854,3854.0000,3855,14,true,3.6331,3854.0000
E6,maze,4165,100,200,30,10296,0,dfs,manhattan,4,,5300,3854,3854.0000,3855,79,true,1.2253,3854.0000
E6,maze,4165,100,200,30,10296,0,dijkstra,manhattan,4,,8315,3854,3854.0000,3855,15,true,2.8664,3854.0000
E6,maze,4165,100,200,30,10296,0,a_star,manhattan,4,,8045,3854,3854.0000,3855,10,true,3.3878,3854.0000
E6,maze,4165,100,200,30,10296,0,greedy,manhattan,4,,5850,3854,3854.0000,3855,46,true,1.7751,3854.0000
E6,maze,4165,100,200,30,10296,0,swarm,manhattan,4,,7911,3854,3854.0000,3855,14,true,2.7559,3854.0000
E6,maze,4165,100,200,30,10296,0,convergent_swarm,manhattan,4,,7602,3854,3854.0000,3855,18,true,2.2203,3854.0000
E6,maze,4165,100,200,30,10296,0,zero_one_bfs,manhattan,4,,5300,0,3854.0000,3855,79,true,2.3223,3854.0000
E6,maze,4284,100,200,30,10296,0,bfs,manhattan,4,,7642,2890,2890.0000,2891,11,true,1.7331,2890.0000
E6,maze,4284,100,200,30,10296,0,dfs,manhattan,4,,4620,2890,2890.0000,2891,59,true,1.0644,2890.0000
E6,maze,4284,100,200,30,10296,0,dijkstra,manhattan,4,,7641,2890,2890.0000,2891,11,true,3.4067,2890.0000
E6,maze,4284,100,200,30,10296,0,a_star,manhattan,4,,7629,2890,2890.0000,2891,12,true,2.3726,2890.0000
E6,maze,4284,100,200,30,10296,0,greedy,manhattan,4,,4453,2890,2890.0000,2891,31,true,2.3365,2890.0000
E6,maze,4284,100,200,30,10296,0,swarm,manhattan,4,,7154,2890,2890.0000,2891,13,true,2.3948,2890.0000
E6,maze,4284,100,200,30,10296,0,convergent_swarm,manhattan,4,,6687,2890,2890.0000,2891,16,true,2.7957,2890.0000
E6,maze,4284,100,200,30,10296,0,zero_one_bfs,manhattan,4,,4620,0,2890.0000,2891,59,true,1.5327,2890.0000
E6,maze,5077,100,200,30,10296,0,bfs,manhattan,4,,5101,2566,2566.0000,2567,12,true,1.0479,2566.0000
E6,maze,5077,100,200,30,10296,0,dfs,manhattan,4,,3084,2566,2566.0000,2567,44,true,0.6587,2566.0000
E6,maze,5077,100,200,30,10296,0,dijkstra,manhattan,4,,5099,2566,2566.0000,2567,14,true,1.5629,2566.0000
E6,maze,5077,100,200,30,10296,0,a_star,manhattan,4,,4553,2566,2566.0000,2567,12,true,1.4536,2566.0000
E6,maze,5077,100,200,30,10296,0,greedy,manhattan,4,,3576,2566,2566.0000,2567,29,true,1.5122,2566.0000
E6,maze,5077,100,200,30,10296,0,swarm,manhattan,4,,4373,2566,2566.0000,2567,12,true,1.3246,2566.0000
E6,maze,5077,100,200,30,10296,0,convergent_swarm,manhattan,4,,4111,2566,2566.0000,2567,11,true,2.0527,2566.0000
E6,maze,5077,100,200,30,10296,0,zero_one_bfs,manhattan,4,,3084,0,2566.0000,2567,44,true,0.8523,2566.0000
E6,maze,5172,100,200,30,10296,0,bfs,manhattan,4,,8067,3622,3622.0000,3623,11,true,1.9087,3622.0000
E6,maze,5172,100,200,30,10296,0,dfs,manhattan,4,,4322,3622,3622.0000,3623,99,true,2.3426,3622.0000
E6,maze,5172,100,200,30,10296,0,dijkstra,manhattan,4,,8062,3622,3622.0000,3623,10,true,2.5445,3622.0000
E6,maze,5172,100,200,30,10296,0,a_star,manhattan,4,,7825,3622,3622.0000,3623,15,true,3.1943,3622.0000
E6,maze,5172,100,200,30,10296,0,greedy,manhattan,4,,4858,3622,3622.0000,3623,41,true,1.7017,3622.0000
E6,maze,5172,100,200,30,10296,0,swarm,manhattan,4,,7649,3622,3622.0000,3623,11,true,3.2056,3622.0000
E6,maze,5172,100,200,30,10296,0,convergent_swarm,manhattan,4,,6599,3622,3622.0000,3623,13,true,2.0962,3622.0000
E6,maze,5172,100,200,30,10296,0,zero_one_bfs,manhattan,4,,4322,0,3622.0000,3623,99,true,1.5045,3622.0000
E6,maze,5291,100,200,30,10296,0,bfs,manhattan,4,,7562,3450,3450.0000,3451,11,true,3.4888,3450.0000
E6,maze,5291,100,200,30,10296,0,dfs,manhattan,4,,4776,3450,3450.0000,3451,69,true,1.0746,3450.0000
E6,maze,5291,100,200,30,10296,0,dijkstra,manhattan,4,,7561,3450,3450.0000,3451,11,true,2.6745,3450.0000
E6,maze,5291,100,200,30,10296,0,a_star,manhattan,4,,7489,3450,3450.0000,3451,10,true,2.3537,3450.0000
E6,maze,5291,100,200,30,10296,0,greedy,manhattan,4,,5569,3450,3450.0000,3451,44,true,1.8847,3450.0000
E6,maze,5291,100,200,30,10296,0,swarm,manhattan,4,,7434,3450,3450.0000,3451,10,true,2.7128,3450.0000
E6,maze,5291,100,200,30,10296,0,convergent_swarm,manhattan,4,,7107,3450,3450.0000,3451,12,true,2.2180,3450.0000
E6,maze,5291,100,200,30,10296,0,zero_one_bfs,manhattan,4,,4776,0,3450.0000,3451,69,true,1.7797,3450.0000
E6,open,42,100,200,30,0,0,bfs,manhattan,4,,12599,100,100.0000,101,200,true,4.8932,100.0000
E6,open,42,100,200,30,0,0,dfs,manhattan,4,,100,100,100.0000,101,202,true,0.0383,100.0000
E6,open,42,100,200,30,0,0,dijkstra,manhattan,4,,12581,100,100.0000,101,253,true,7.1106,100.0000
E6,open,42,100,200,30,0,0,a_star,manhattan,4,,100,100,100.0000,101,202,true,0.0507,100.0000
E6,open,42,100,200,30,0,0,greedy,manhattan,4,,100,100,100.0000,101,202,true,0.0525,100.0000
E6,open,42,100,200,30,0,0,swarm,manhattan,4,,100,100,100.0000,101,202,true,0.0526,100.0000
E6,open,42,100,200,30,0,0,convergent_swarm,manhattan,4,,100,100,100.0000,101,202,true,0.0538,100.0000
E6,open,42,100,200,30,0,0,zero_one_bfs,manhattan,4,,100,0,100.0000,101,202,true,0.0624,100.0000
E6,open,137,100,200,30,0,0,bfs,manhattan,4,,12599,100,100.0000,101,200,true,4.5035,100.0000
E6,open,137,100,200,30,0,0,dfs,manhattan,4,,100,100,100.0000,101,202,true,0.0364,100.0000
E6,open,137,100,200,30,0,0,dijkstra,manhattan,4,,12581,100,100.0000,101,253,true,7.2922,100.0000
E6,open,137,100,200,30,0,0,a_star,manhattan,4,,100,100,100.0000,101,202,true,0.0529,100.0000
E6,open,137,100,200,30,0,0,greedy,manhattan,4,,100,100,100.0000,101,202,true,0.0519,100.0000
E6,open,137,100,200,30,0,0,swarm,manhattan,4,,100,100,100.0000,101,202,true,0.0525,100.0000
E6,open,137,100,200,30,0,0,convergent_swarm,manhattan,4,,100,100,100.0000,101,202,true,0.0515,100.0000
E6,open,137,100,200,30,0,0,zero_one_bfs,manhattan,4,,100,0,100.0000,101,202,true,0.0619,100.0000
E6,open,256,100,200,30,0,0,bfs,manhattan,4,,12599,100,100.0000,101,200,true,4.7889,100.0000
E6,open,256,100,200,30,0,0,dfs,manhattan,4,,100,100,100.0000,101,202,true,0.0358,100.0000
E6,open,256,100,200,30,0,0,dijkstra,manhattan,4,,12581,100,100.0000,101,253,true,8.7484,100.0000
E6,open,256,100,200,30,0,0,a_star,manhattan,4,,100,100,100.0000,101,202,true,0.0744,100.0000
E6,open,256,100,200,30,0,0,greedy,manhattan,4,,100,100,100.0000,101,202,true,0.0819,100.0000
E6,open,256,100,200,30,0,0,swarm,manhattan,4,,100,100,100.0000,101,202,true,0.0561,100.0000
E6,open,256,100,200,30,0,0,convergent_swarm,manhattan,4,,100,100,100.0000,101,202,true,0.0593,100.0000
E6,open,256,100,200,30,0,0,zero_one_bfs,manhattan,4,,100,0,100.0000,101,202,true,0.0677,100.0000
E6,open,1049,100,200,30,0,0,bfs,manhattan,4,,12599,100,100.0000,101,200,true,4.8151,100.0000
E6,open,1049,100,200,30,0,0,dfs,manhattan,4,,100,100,100.0000,101,202,true,0.0380,100.0000
E6,open,1049,100,200,30,0,0,dijkstra,manhattan,4,,12581,100,100.0000,101,253,true,8.3923,100.0000
E6,open,1049,100,200,30,0,0,a_star,manhattan,4,,100,100,100.0000,101,202,true,0.0564,100.0000
E6,open,1049,100,200,30,0,0,greedy,manhattan,4,,100,100,100.0000,101,202,true,0.0577,100.0000
E6,open,1049,100,200,30,0,0,swarm,manhattan,4,,100,100,100.0000,101,202,true,0.0992,100.0000
E6,open,1049,100,200,30,0,0,convergent_swarm,manhattan,4,,100,100,100.0000,101,202,true,0.0636,100.0000
E6,open,1049,100,200,30,0,0,zero_one_bfs,manhattan,4,,100,0,100.0000,101,202,true,0.0640,100.0000
E6,open,1144,100,200,30,0,0,bfs,manhattan,4,,12599,100,100.0000,101,200,true,7.2066,100.0000
E6,open,1144,100,200,30,0,0,dfs,manhattan,4,,100,100,100.0000,101,202,true,0.0379,100.0000
E6,open,1144,100,200,30,0,0,dijkstra,manhattan,4,,12581,100,100.0000,101,253,true,8.1660,100.0000
E6,open,1144,100,200,30,0,0,a_star,manhattan,4,,100,100,100.0000,101,202,true,0.0570,100.0000
E6,open,1144,100,200,30,0,0,greedy,manhattan,4,,100,100,100.0000,101,202,true,0.0535,100.0000
E6,open,1144,100,200,30,0,0,swarm,manhattan,4,,100,100,100.0000,101,202,true,0.0520,100.0000
E6,open,1144,100,200,30,0,0,convergent_swarm,manhattan,4,,100,100,100.0000,101,202,true,0.0518,100.0000
E6,open,1144,100,200,30,0,0,zero_one_bfs,manhattan,4,,100,0,100.0000,101,202,true,0.0622,100.0000
E6,open,1263,100,200,30,0,0,bfs,manhattan,4,,12599,100,100.0000,101,200,true,6.5246,100.0000
E6,open,1263,100,200,30,0,0,dfs,manhattan,4,,100,100,100.0000,101,202,true,0.0519,100.0000
E6,open,1263,100,200,30,0,0,dijkstra,manhattan,4,,12581,100,100.0000,101,253,true,6.9387,100.0000
E6,open,1263,100,200,30,0,0,a_star,manhattan,4,,100,100,100.0000,101,202,true,0.1024,100.0000
E6,open,1263,100,200,30,0,0,greedy,manhattan,4,,100,100,100.0000,101,202,true,0.0782,100.0000
E6,open,1263,100,200,30,0,0,swarm,manhattan,4,,100,100,100.0000,101,202,true,0.0812,100.0000
E6,open,1263,100,200,30,0,0,convergent_swarm,manhattan,4,,100,100,100.0000,101,202,true,0.0810,100.0000
E6,open,1263,100,200,30,0,0,zero_one_bfs,manhattan,4,,100,0,100.0000,101,202,true,0.1002,100.0000
E6,open,2056,100,200,30,0,0,bfs,manhattan,4,,12599,100,100.0000,101,200,true,8.1544,100.0000
E6,open,2056,100,200,30,0,0,dfs,manhattan,4,,100,100,100.0000,101,202,true,0.0415,100.0000
E6,open,2056,100,200,30,0,0,dijkstra,manhattan,4,,12581,100,100.0000,101,253,true,8.4256,100.0000
E6,open,2056,100,200,30,0,0,a_star,manhattan,4,,100,100,100.0000,101,202,true,0.0610,100.0000
E6,open,2056,100,200,30,0,0,greedy,manhattan,4,,100,100,100.0000,101,202,true,0.0527,100.0000
E6,open,2056,100,200,30,0,0,swarm,manhattan,4,,100,100,100.0000,101,202,true,0.0512,100.0000
E6,open,2056,100,200,30,0,0,convergent_swarm,manhattan,4,,100,100,100.0000,101,202,true,0.0506,100.0000
E6,open,2056,100,200,30,0,0,zero_one_bfs,manhattan,4,,100,0,100.0000,101,202,true,0.0623,100.0000
E6,open,2151,100,200,30,0,0,bfs,manhattan,4,,12599,100,100.0000,101,200,true,9.6999,100.0000
E6,open,2151,100,200,30,0,0,dfs,manhattan,4,,100,100,100.0000,101,202,true,0.0394,100.0000
E6,open,2151,100,200,30,0,0,dijkstra,manhattan,4,,12581,100,100.0000,101,253,true,7.6162,100.0000
E6,open,2151,100,200,30,0,0,a_star,manhattan,4,,100,100,100.0000,101,202,true,0.0509,100.0000
E6,open,2151,100,200,30,0,0,greedy,manhattan,4,,100,100,100.0000,101,202,true,0.0529,100.0000
E6,open,2151,100,200,30,0,0,swarm,manhattan,4,,100,100,100.0000,101,202,true,0.0518,100.0000
E6,open,2151,100,200,30,0,0,convergent_swarm,manhattan,4,,100,100,100.0000,101,202,true,0.0508,100.0000
E6,open,2151,100,200,30,0,0,zero_one_bfs,manhattan,4,,100,0,100.0000,101,202,true,0.0615,100.0000
E6,open,2270,100,200,30,0,0,bfs,manhattan,4,,12599,100,100.0000,101,200,true,5.1201,100.0000
E6,open,2270,100,200,30,0,0,dfs,manhattan,4,,100,100,100.0000,101,202,true,0.0379,100.0000
E6,open,2270,100,200,30,0,0,dijkstra,manhattan,4,,12581,100,100.0000,101,253,true,9.4455,100.0000
E6,open,2270,100,200,30,0,0,a_star,manhattan,4,,100,100,100.0000,101,202,true,0.0519,100.0000
E6,open,2270,100,200,30,0,0,greedy,manhattan,4,,100,100,100.0000,101,202,true,0.0524,100.0000
E6,open,2270,100,200,30,0,0,swarm,manhattan,4,,100,100,100.0000,101,202,true,0.0523,100.0000
E6,open,2270,100,200,30,0,0,convergent_swarm,manhattan,4,,100,100,100.0000,101,202,true,0.0502,100.0000
E6,open,2270,100,200,30,0,0,zero_one_bfs,manhattan,4,,100,0,100.0000,101,202,true,0.0616,100.0000
E6,open,3063,100,200,30,0,0,bfs,manhattan,4,,12599,100,100.0000,101,200,true,5.1506,100.0000
E6,open,3063,100,200,30,0,0,dfs,manhattan,4,,100,100,100.0000,101,202,true,0.0406,100.0000
E6,open,3063,100,200,30,0,0,dijkstra,manhattan,4,,12581,100,100.0000,101,253,true,8.7453,100.0000
E6,open,3063,100,200,30,0,0,a_star,manhattan,4,,100,100,100.0000,101,202,true,0.0492,100.0000
E6,open,3063,100,200,30,0,0,greedy,manhattan,4,,100,100,100.0000,101,202,true,0.0536,100.0000
E6,open,3063,100,200,30,0,0,swarm,manhattan,4,,100,100,100.0000,101,202,true,0.0525,100.0000
E6,open,3063,100,200,30,0,0,convergent_swarm,manhattan,4,,100,100,100.0000,101,202,true,0.0511,100.0000
E6,open,3063,100,200,30,0,0,zero_one_bfs,manhattan,4,,100,0,100.0000,101,202,true,0.0610,100.0000
E6,open,3158,100,200,30,0,0,bfs,manhattan,4,,12599,100,100.0000,101,200,true,4.5150,100.0000
E6,open,3158,100,200,30,0,0,dfs,manhattan,4,,100,100,100.0000,101,202,true,0.0432,100.0000
E6,open,3158,100,200,30,0,0,dijkstra,manhattan,4,,12581,100,100.0000,101,253,true,9.0998,100.0000
E6,open,3158,100,200,30,0,0,a_star,manhattan,4,,100,100,100.0000,101,202,true,0.0687,100.0000
E6,open,3158,100,200,30,0,0,greedy,manhattan,4,,100,100,100.0000,101,202,true,0.0541,100.0000
E6,open,3158,100,200,30,0,0,swarm,manhattan,4,,100,100,100.0000,101,202,true,0.0517,100.0000
E6,open,3158,100,200,30,0,0,convergent_swarm,manhattan,4,,100,100,100.0000,101,202,true,0.0514,100.0000
E6,open,3158,100,200,30,0,0,zero_one_bfs,manhattan,4,,100,0,100.0000,101,202,true,0.0630,100.0000
E6,open,3277,100,200,30,0,0,bfs,manhattan,4,,12599,100,100.0000,101,200,true,4.1223,100.0000
E6,open,3277,100,200,30,0,0,dfs,manhattan,4,,100,100,100.0000,101,202,true,0.0355,100.0000
E6,open,3277,100,200,30,0,0,dijkstra,manhattan,4,,12581,100,100.0000,101,253,true,11.0696,100.0000
E6,open,3277,100,200,30,0,0,a_star,manhattan,4,,100,100,100.0000,101,202,true,0.0587,100.0000
E6,open,3277,100,200,30,0,0,greedy,manhattan,4,,100,100,100.0000,101,202,true,0.0597,100.0000
E6,open,3277,100,200,30,0,0,swarm,manhattan,4,,100,100,100.0000,101,202,true,0.0596,100.0000
E6,open,3277,100,200,30,0,0,convergent_swarm,manhattan,4,,100,100,100.0000,101,202,true,0.0542,100.0000
E6,open,3277,100,200,30,0,0,zero_one_bfs,manhattan,4,,100,0,100.0000,101,202,true,0.0608,100.0000
E6,open,4070,100,200,30,0,0,bfs,manhattan,4,,12599,100,100.0000,101,200,true,3.8112,100.0000
E6,open,4070,100,200,30,0,0,dfs,manhattan,4,,100,100,100.0000,101,202,true,0.0395,100.0000
E6,open,4070,100,200,30,0,0,dijkstra,manhattan,4,,12581,100,100.0000,101,253,true,10.8145,100.0000
E6,open,4070,100,200,30,0,0,a_star,manhattan,4,,100,100,100.0000,101,202,true,0.0622,100.0000
E6,open,4070,100,200,30,0,0,greedy,manhattan,4,,100,100,100.0000,101,202,true,0.0631,100.0000
E6,open,4070,100,200,30,0,0,swarm,manhattan,4,,100,100,100.0000,101,202,true,0.0626,100.0000
E6,open,4070,100,200,30,0,0,convergent_swarm,manhattan,4,,100,100,100.0000,101,202,true,0.1052,100.0000
E6,open,4070,100,200,30,0,0,zero_one_bfs,manhattan,4,,100,0,100.0000,101,202,true,0.0739,100.0000
E6,open,4165,100,200,30,0,0,bfs,manhattan,4,,12599,100,100.0000,101,200,true,4.3498,100.0000
E6,open,4165,100,200,30,0,0,dfs,manhattan,4,,100,100,100.0000,101,202,true,0.0370,100.0000
E6,open,4165,100,200,30,0,0,dijkstra,manhattan,4,,12581,100,100.0000,101,253,true,7.6668,100.0000
E6,open,4165,100,200,30,0,0,a_star,manhattan,4,,100,100,100.0000,101,202,true,0.0505,100.0000
E6,open,4165,100,200,30,0,0,greedy,manhattan,4,,100,100,100.0000,101,202,true,0.0526,100.0000
E6,open,4165,100,200,30,0,0,swarm,manhattan,4,,100,100,100.0000,101,202,true,0.0520,100.0000
E6,open,4165,100,200,30,0,0,convergent_swarm,manhattan,4,,100,100,100.0000,101,202,true,0.0565,100.0000
E6,open,4165,100,200,30,0,0,zero_one_bfs,manhattan,4,,100,0,100.0000,101,202,true,0.0801,100.0000
E6,open,4284,100,200,30,0,0,bfs,manhattan,4,,12599,100,100.0000,101,200,true,4.4125,100.0000
E6,open,4284,100,200,30,0,0,dfs,manhattan,4,,100,100,100.0000,101,202,true,0.0355,100.0000
E6,open,4284,100,200,30,0,0,dijkstra,manhattan,4,,12581,100,100.0000,101,253,true,7.0329,100.0000
E6,open,4284,100,200,30,0,0,a_star,manhattan,4,,100,100,100.0000,101,202,true,0.0543,100.0000
E6,open,4284,100,200,30,0,0,greedy,manhattan,4,,100,100,100.0000,101,202,true,0.0516,100.0000
E6,open,4284,100,200,30,0,0,swarm,manhattan,4,,100,100,100.0000,101,202,true,0.0527,100.0000
E6,open,4284,100,200,30,0,0,convergent_swarm,manhattan,4,,100,100,100.0000,101,202,true,0.0525,100.0000
E6,open,4284,100,200,30,0,0,zero_one_bfs,manhattan,4,,100,0,100.0000,101,202,true,0.0620,100.0000
E6,open,5077,100,200,30,0,0,bfs,manhattan,4,,12599,100,100.0000,101,200,true,5.2392,100.0000
E6,open,5077,100,200,30,0,0,dfs,manhattan,4,,100,100,100.0000,101,202,true,0.0393,100.0000
E6,open,5077,100,200,30,0,0,dijkstra,manhattan,4,,12581,100,100.0000,101,253,true,8.9612,100.0000
E6,open,5077,100,200,30,0,0,a_star,manhattan,4,,100,100,100.0000,101,202,true,0.0526,100.0000
E6,open,5077,100,200,30,0,0,greedy,manhattan,4,,100,100,100.0000,101,202,true,0.0524,100.0000
E6,open,5077,100,200,30,0,0,swarm,manhattan,4,,100,100,100.0000,101,202,true,0.0521,100.0000
E6,open,5077,100,200,30,0,0,convergent_swarm,manhattan,4,,100,100,100.0000,101,202,true,0.0602,100.0000
E6,open,5077,100,200,30,0,0,zero_one_bfs,manhattan,4,,100,0,100.0000,101,202,true,0.1529,100.0000
E6,open,5172,100,200,30,0,0,bfs,manhattan,4,,12599,100,100.0000,101,200,true,3.8053,100.0000
E6,open,5172,100,200,30,0,0,dfs,manhattan,4,,100,100,100.0000,101,202,true,0.0365,100.0000
E6,open,5172,100,200,30,0,0,dijkstra,manhattan,4,,12581,100,100.0000,101,253,true,7.1188,100.0000
E6,open,5172,100,200,30,0,0,a_star,manhattan,4,,100,100,100.0000,101,202,true,0.0502,100.0000
E6,open,5172,100,200,30,0,0,greedy,manhattan,4,,100,100,100.0000,101,202,true,0.0531,100.0000
E6,open,5172,100,200,30,0,0,swarm,manhattan,4,,100,100,100.0000,101,202,true,0.0524,100.0000
E6,open,5172,100,200,30,0,0,convergent_swarm,manhattan,4,,100,100,100.0000,101,202,true,0.0558,100.0000
E6,open,5172,100,200,30,0,0,zero_one_bfs,manhattan,4,,100,0,100.0000,101,202,true,0.0620,100.0000
E6,open,5291,100,200,30,0,0,bfs,manhattan,4,,12599,100,100.0000,101,200,true,4.3371,100.0000
E6,open,5291,100,200,30,0,0,dfs,manhattan,4,,100,100,100.0000,101,202,true,0.0608,100.0000
E6,open,5291,100,200,30,0,0,dijkstra,manhattan,4,,12581,100,100.0000,101,253,true,7.0889,100.0000
E6,open,5291,100,200,30,0,0,a_star,manhattan,4,,100,100,100.0000,101,202,true,0.0796,100.0000
E6,open,5291,100,200,30,0,0,greedy,manhattan,4,,100,100,100.0000,101,202,true,0.0833,100.0000
E6,open,5291,100,200,30,0,0,swarm,manhattan,4,,100,100,100.0000,101,202,true,0.0854,100.0000
E6,open,5291,100,200,30,0,0,convergent_swarm,manhattan,4,,100,100,100.0000,101,202,true,0.0824,100.0000
E6,open,5291,100,200,30,0,0,zero_one_bfs,manhattan,4,,100,0,100.0000,101,202,true,0.0969,100.0000
E7,random,42,25,50,30,359,0,a_star,manhattan,4,,200,37,37.0000,38,44,true,0.1042,37.0000
E7,random,42,25,50,30,359,0,greedy,manhattan,4,,76,39,39.0000,40,37,true,0.0392,37.0000
E7,random,42,25,50,30,359,0,swarm,manhattan,4,,106,37,37.0000,38,34,true,0.0783,37.0000
E7,random,42,25,50,30,359,0,convergent_swarm,manhattan,4,,83,39,39.0000,40,37,true,0.0512,37.0000
E7,random,42,25,50,30,359,0,a_star,euclidean,4,,289,37,37.0000,38,39,true,0.9249,37.0000
E7,random,42,25,50,30,359,0,greedy,euclidean,4,,54,39,39.0000,40,42,true,0.2351,37.0000
E7,random,42,25,50,30,359,0,swarm,euclidean,4,,88,37,37.0000,38,39,true,0.2781,37.0000
E7,random,42,25,50,30,359,0,convergent_swarm,euclidean,4,,68,39,39.0000,40,44,true,0.2256,37.0000
E7,random,42,25,50,30,359,0,a_star,chebyshev,4,,359,37,37.0000,38,43,true,0.6338,37.0000
E7,random,42,25,50,30,359,0,greedy,chebyshev,4,,49,39,39.0000,40,43,true,0.0377,37.0000
E7,random,42,25,50,30,359,0,swarm,chebyshev,4,,93,39,39.0000,40,40,true,0.0607,37.0000
E7,random,42,25,50,30,359,0,convergent_swarm,chebyshev,4,,57,39,39.0000,40,45,true,0.0690,37.0000
E7,random,42,25,50,30,359,0,a_star,octile,4,,259,37,37.0000,38,42,true,0.3549,37.0000
E7,random,42,25,50,30,359,0,greedy,octile,4,,56,39,39.0000,40,43,true,0.0748,37.0000
E7,random,42,25,50,30,359,0,swarm,octile,4,,88,37,37.0000,38,38,true,0.1312,37.0000
E7,random,42,25,50,30,359,0,convergent_swarm,octile,4,,69,39,39.0000,40,42,true,0.1327,37.0000
E7,random,42,25,50,30,359,0,bfs,manhattan,4,,589,37,37.0000,38,43,true,0.2056,37.0000
E7,random,42,25,50,30,359,0,dfs,manhattan,4,,326,137,137.0000,138,145,true,0.1105,37.0000
E7,random,42,25,50,30,359,0,dijkstra,manhattan,4,,591,37,37.0000,38,44,true,0.7079,37.0000
E7,random,42,25,50,30,359,0,zero_one_bfs,manhattan,4,,229,0,123.0000,124,101,true,0.1494,37.0000
E7,random,137,25,50,30,383,0,a_star,manhattan,4,,618,91,91.0000,92,30,true,0.5274,91.0000
E7,random,137,25,50,30,383,0,greedy,manhattan,4,,217,97,97.0000,98,55,true,0.2660,91.0000
E7,random,137,25,50,30,383,0,swarm,manhattan,4,,538,91,91.0000,92,39,true,0.4543,91.0000
E7,random,137,25,50,30,383,0,convergent_swarm,manhattan,4,,295,91,91.0000,92,47,true,0.2899,91.0000
E7,random,137,25,50,30,383,0,a_star,euclidean,4,,638,91,91.0000,92,27,true,0.4216,91.0000
E7,random,137,25,50,30,383,0,greedy,euclidean,4,,187,101,99.0000,100,63,true,0.1099,91.0000
E7,random,137,25,50,30,383,0,swarm,euclidean,4,,574,91,91.0000,92,38,true,0.4898,91.0000
E7,random,137,25,50,30,383,0,convergent_swarm,euclidean,4,,282,91,91.0000,92,45,true,0.2656,91.0000
E7,random,137,25,50,30,383,0,a_star,chebyshev,4,,651,91,91.0000,92,30,true,0.4990,91.0000
E7,random,137,25,50,30,383,0,greedy,chebyshev,4,,201,95,91.0000,92,64,true,0.2153,91.0000
E7,random,137,25,50,30,383,0,swarm,chebyshev,4,,605,91,91.0000,92,40,true,0.4959,91.0000
E7,random,137,25,50,30,383,0,convergent_swarm,chebyshev,4,,275,91,91.0000,92,50,true,0.1828,91.0000
E7,random,137,25,50,30,383,0,a_star,octile,4,,634,91,91.0000,92,27,true,0.3179,91.0000
E7,random,137,25,50,30,383,0,greedy,octile,4,,197,101,99.0000,100,66,true,0.0909,91.0000
E7,random,137,25,50,30,383,0,swarm,octile,4,,559,91,91.0000,92,37,true,0.2443,91.0000
E7,random,137,25,50,30,383,0,convergent_swarm,octile,4,,279,91,91.0000,92,48,true,0.1233,91.0000
E7,random,137,25,50,30,383,0,bfs,manhattan,4,,732,91,91.0000,92,25,true,0.1653,91.0000
E7,random,137,25,50,30,383,0,dfs,manhattan,4,,343,277,277.0000,278,209,true,0.0939,91.0000
E7,random,137,25,50,30,383,0,dijkstra,manhattan,4,,728,91,91.0000,92,24,true,0.9604,91.0000
E7,random,137,25,50,30,383,0,zero_one_bfs,manhattan,4,,324,0,181.0000,182,122,true,0.1781,91.0000
E7,random,256,25,50,30,343,0,a_star,manhattan,4,,109,33,33.0000,34,37,true,0.1516,33.0000
E7,random,256,25,50,30,343,0,greedy,manhattan,4,,47,35,35.0000,36,35,true,0.0398,33.0000
E7,random,256,25,50,30,343,0,swarm,manhattan,4,,54,33,33.0000,34,31,true,0.0521,33.0000
E7,random,256,25,50,30,343,0,convergent_swarm,manhattan,4,,47,35,35.0000,36,35,true,0.0380,33.0000
E7,random,256,25,50,30,343,0,a_star,euclidean,4,,170,33,33.0000,34,36,true,0.1188,33.0000
E7,random,256,25,50,30,343,0,greedy,euclidean,4,,35,33,33.0000,34,34,true,0.0283,33.0000
E7,random,256,25,50,30,343,0,swarm,euclidean,4,,37,33,33.0000,34,33,true,0.0286,33.0000
E7,random,256,25,50,30,343,0,convergent_swarm,euclidean,4,,35,33,33.0000,34,34,true,0.0261,33.0000
E7,random,256,25,50,30,343,0,a_star,chebyshev,4,,194,33,33.0000,34,41,true,0.0878,33.0000
E7,random,256,25,50,30,343,0,greedy,chebyshev,4,,35,35,35.0000,36,35,true,0.0187,33.0000
E7,random,256,25,50,30,343,0,swarm,chebyshev,4,,38,35,35.0000,36,34,true,0.0214,33.0000
E7,random,256,25,50,30,343,0,convergent_swarm,chebyshev,4,,35,35,35.0000,36,35,true,0.0187,33.0000
E7,random,256,25,50,30,343,0,a_star,octile,4,,148,33,33.0000,34,37,true,0.0655,33.0000
E7,random,256,25,50,30,343,0,greedy,octile,4,,36,33,33.0000,34,34,true,0.0200,33.0000
E7,random,256,25,50,30,343,0,swarm,octile,4,,43,33,33.0000,34,32,true,0.0206,33.0000
E7,random,256,25,50,30,343,0,convergent_swarm,octile,4,,39,33,33.0000,34,35,true,0.0184,33.0000
E7,random,256,25,50,30,343,0,bfs,manhattan,4,,617,33,33.0000,34,40,true,0.1928,33.0000
E7,random,256,25,50,30,343,0,dfs,manhattan,4,,855,75,75.0000,76,213,true,0.2906,33.0000
E7,random,256,25,50,30,343,0,dijkstra,manhattan,4,,620,33,33.0000,34,47,true,0.2653,33.0000
E7,random,256,25,50,30,343,0,zero_one_bfs,manhattan,4,,855,0,35.0000,36,156,true,0.5759,33.0000
E7,random,1049,25,50,30,353,0,a_star,manhattan,4,,114,31,31.0000,32,34,true,0.0897,31.0000
E7,random,1049,25,50,30,353,0,greedy,manhattan,4,,33,33,33.0000,34,37,true,0.0319,31.0000
E7,random,1049,25,50,30,353,0,swarm,manhattan,4,,48,31,31.0000,32,42,true,0.0415,31.0000
E7,random,1049,25,50,30,353,0,convergent_swarm,manhattan,4,,33,33,33.0000,34,37,true,0.0298,31.0000
E7,random,1049,25,50,30,353,0,a_star,euclidean,4,,165,31,31.0000,32,33,true,0.1272,31.0000
E7,random,1049,25,50,30,353,0,greedy,euclidean,4,,31,31,31.0000,32,38,true,0.0301,31.0000
E7,random,1049,25,50,30,353,0,swarm,euclidean,4,,46,31,31.0000,32,43,true,0.0413,31.0000
E7,random,1049,25,50,30,353,0,convergent_swarm,euclidean,4,,31,31,31.0000,32,38,true,0.0292,31.0000
E7,random,1049,25,50,30,353,0,a_star,chebyshev,4,,192,31,31.0000,32,38,true,0.1439,31.0000
E7,random,1049,25,50,30,353,0,greedy,chebyshev,4,,65,49,49.0000,50,50,true,0.0555,31.0000
E7,random,1049,25,50,30,353,0,swarm,chebyshev,4,,49,31,31.0000,32,41,true,0.0546,31.0000
E7,random,1049,25,50,30,353,0,convergent_swarm,chebyshev,4,,70,31,31.0000,32,44,true,0.0586,31.0000
E7,random,1049,25,50,30,353,0,a_star,octile,4,,146,31,31.0000,32,35,true,0.1154,31.0000
E7,random,1049,25,50,30,353,0,greedy,octile,4,,31,31,31.0000,32,38,true,0.0298,31.0000
E7,random,1049,25,50,30,353,0,swarm,octile,4,,46,31,31.0000,32,43,true,0.0415,31.0000
E7,random,1049,25,50,30,353,0,convergent_swarm,octile,4,,31,31,31.0000,32,38,true,0.0303,31.0000
E7,random,1049,25,50,30,353,0,bfs,manhattan,4,,629,31,31.0000,32,31,true,0.2538,31.0000
E7,random,1049,25,50,30,353,0,dfs,manhattan,4,,159,115,115.0000,116,109,true,0.0723,31.0000
E7,random,1049,25,50,30,353,0,dijkstra,manhattan,4,,617,31,31.0000,32,36,true,0.4401,31.0000
E7,random,1049,25,50,30,353,0,zero_one_bfs,manhattan,4,,516,0,173.0000,174,172,true,0.3594,31.0000
E7,random,1144,25,50,30,380,0,a_star,manhattan,4,,90,33,33.0000,34,31,true,0.0786,33.0000
E7,random,1144,25,50,30,380,0,greedy,manhattan,4,,46,35,35.0000,36,26,true,0.0353,33.0000
E7,random,1144,25,50,30,380,0,swarm,manhattan,4,,48,33,33.0000,34,25,true,0.0371,33.0000
E7,random,1144,25,50,30,380,0,convergent_swarm,manhattan,4,,46,35,35.0000,36,26,true,0.0334,33.0000
E7,random,1144,25,50,30,380,0,a_star,euclidean,4,,129,33,33.0000,34,40,true,0.0969,33.0000
E7,random,1144,25,50,30,380,0,greedy,euclidean,4,,40,33,33.0000,34,28,true,0.0330,33.0000
E7,random,1144,25,50,30,380,0,swarm,euclidean,4,,41,33,33.0000,34,27,true,0.0333,33.0000
E7,random,1144,25,50,30,380,0,convergent_swarm,euclidean,4,,40,33,33.0000,34,28,true,0.0307,33.0000
E7,random,1144,25,50,30,380,0,a_star,chebyshev,4,,139,33,33.0000,34,38,true,0.1044,33.0000
E7,random,1144,25,50,30,380,0,greedy,chebyshev,4,,40,33,33.0000,34,28,true,0.0345,33.0000
E7,random,1144,25,50,30,380,0,swarm,chebyshev,4,,42,33,33.0000,34,28,true,0.0367,33.0000
E7,random,1144,25,50,30,380,0,convergent_swarm,chebyshev,4,,40,33,33.0000,34,28,true,0.0326,33.0000
E7,random,1144,25,50,30,380,0,a_star,octile,4,,113,33,33.0000,34,41,true,0.1079,33.0000
E7,random,1144,25,50,30,380,0,greedy,octile,4,,40,33,33.0000,34,28,true,0.0327,33.0000
E7,random,1144,25,50,30,380,0,swarm,octile,4,,42,33,33.0000,34,26,true,0.0346,33.0000
E7,random,1144,25,50,30,380,0,convergent_swarm,octile,4,,41,33,33.0000,34,27,true,0.0336,33.0000
E7,random,1144,25,50,30,380,0,bfs,manhattan,4,,439,33,33.0000,34,28,true,0.1667,33.0000
E7,random,1144,25,50,30,380,0,dfs,manhattan,4,,169,115,115.0000,116,111,true,0.0704,33.0000
E7,random,1144,25,50,30,380,0,dijkstra,manhattan,4,,434,33,33.0000,34,30,true,0.2809,33.0000
E7,random,1144,25,50,30,380,0,zero_one_bfs,manhattan,4,,94,0,75.0000,76,66,true,0.1013,33.0000
E7,random,1263,25,50,30,382,0,a_star,manhattan,4,,389,45,45.0000,46,62,true,0.2296,45.0000
E7,random,1263,25,50,30,382,0,greedy,manhattan,4,,108,57,57.0000,58,42,true,0.0450,45.0000
E7,random,1263,25,50,30,382,0,swarm,manhattan,4,,141,45,45.0000,46,35,true,0.0615,45.0000
E7,random,1263,25,50,30,382,0,convergent_swarm,manhattan,4,,103,45,45.0000,46,38,true,0.0432,45.0000
E7,random,1263,25,50,30,382,0,a_star,euclidean,4,,506,45,45.0000,46,41,true,0.2906,45.0000
E7,random,1263,25,50,30,382,0,greedy,euclidean,4,,48,45,45.0000,46,33,true,0.0350,45.0000
E7,random,1263,25,50,30,382,0,swarm,euclidean,4,,113,45,45.0000,46,35,true,0.0789,45.0000
E7,random,1263,25,50,30,382,0,convergent_swarm,euclidean,4,,91,45,45.0000,46,39,true,0.0598,45.0000
E7,random,1263,25,50,30,382,0,a_star,chebyshev,4,,514,45,45.0000,46,45,true,0.3695,45.0000
E7,random,1263,25,50,30,382,0,greedy,chebyshev,4,,104,55,55.0000,56,42,true,0.0723,45.0000
E7,random,1263,25,50,30,382,0,swarm,chebyshev,4,,190,47,47.0000,48,38,true,0.1281,45.0000
E7,random,1263,25,50,30,382,0,convergent_swarm,chebyshev,4,,108,47,47.0000,48,42,true,0.0794,45.0000
E7,random,1263,25,50,30,382,0,a_star,octile,4,,482,45,45.0000,46,41,true,0.3426,45.0000
E7,random,1263,25,50,30,382,0,greedy,octile,4,,48,45,45.0000,46,33,true,0.0370,45.0000
E7,random,1263,25,50,30,382,0,swarm,octile,4,,111,45,45.0000,46,36,true,0.0798,45.0000
E7,random,1263,25,50,30,382,0,convergent_swarm,octile,4,,91,45,45.0000,46,39,true,0.0659,45.0000
E7,random,1263,25,50,30,382,0,bfs,manhattan,4,,681,45,45.0000,46,32,true,0.2614,45.0000
E7,random,1263,25,50,30,382,0,dfs,manhattan,4,,352,207,207.0000,208,164,true,0.1484,45.0000
E7,random,1263,25,50,30,382,0,dijkstra,manhattan,4,,679,45,45.0000,46,35,true,0.5489,45.0000
E7,random,1263,25,50,30,382,0,zero_one_bfs,manhattan,4,,479,0,175.0000,176,161,true,0.1832,45.0000
E7,random,2056,25,50,30,363,0,a_star,manhattan,4,,873,,,,60,false,0.3094,
E7,random,2056,25,50,30,363,0,greedy,manhattan,4,,873,,,,57,false,0.2974,
E7,random,2056,25,50,30,363,0,swarm,manhattan,4,,873,,,,44,false,0.3047,
E7,random,2056,25,50,30,363,0,convergent_swarm,manhattan,4,,873,,,,45,false,0.3160,
E7,random,2056,25,50,30,363,0,a_star,euclidean,4,,873,,,,44,false,0.3226,
E7,random,2056,25,50,30,363,0,greedy,euclidean,4,,873,,,,58,false,0.3019,
E7,random,2056,25,50,30,363,0,swarm,euclidean,4,,873,,,,50,false,0.6254,
E7,random,2056,25,50,30,363,0,convergent_swarm,euclidean,4,,873,,,,55,false,0.4951,
E7,random,2056,25,50,30,363,0,a_star,chebyshev,4,,873,,,,48,false,0.3531,
E7,random,2056,25,50,30,363,0,greedy,chebyshev,4,,873,,,,70,false,0.3040,
E7,random,2056,25,50,30,363,0,swarm,chebyshev,4,,873,,,,46,false,0.3334,
E7,random,2056,25,50,30,363,0,convergent_swarm,chebyshev,4,,873,,,,55,false,0.3075,
E7,random,2056,25,50,30,363,0,a_star,octile,4,,873,,,,44,false,0.3116,
E7,random,2056,25,50,30,363,0,greedy,octile,4,,873,,,,63,false,0.3026,
E7,random,2056,25,50,30,363,0,swarm,octile,4,,873,,,,47,false,0.3136,
E7,random,2056,25,50,30,363,0,convergent_swarm,octile,4,,873,,,,54,false,0.3136,
E7,random,2056,25,50,30,363,0,bfs,manhattan,4,,873,,,,36,false,0.2421,
E7,random,2056,25,50,30,363,0,dfs,manhattan,4,,873,,,,280,false,0.2454,
E7,random,2056,25,50,30,363,0,dijkstra,manhattan,4,,873,,,,39,false,0.2999,
E7,random,2056,25,50,30,363,0,zero_one_bfs,manhattan,4,,873,,,,186,false,0.3088,
E7,random,2151,25,50,30,388,0,a_star,manhattan,4,,285,61,61.0000,62,37,true,0.1046,61.0000
E7,random,2151,25,50,30,388,0,greedy,manhattan,4,,220,69,69.0000,70,53,true,0.0918,61.0000
E7,random,2151,25,50,30,388,0,swarm,manhattan,4,,200,63,63.0000,64,48,true,0.0694,61.0000
E7,random,2151,25,50,30,388,0,convergent_swarm,manhattan,4,,208,69,69.0000,70,50,true,0.0920,61.0000
E7,random,2151,25,50,30,388,0,a_star,euclidean,4,,338,61,61.0000,62,34,true,0.1177,61.0000
E7,random,2151,25,50,30,388,0,greedy,euclidean,4,,184,69,69.0000,70,41,true,0.0637,61.0000
E7,random,2151,25,50,30,388,0,swarm,euclidean,4,,155,61,61.0000,62,36,true,0.0619,61.0000
E7,random,2151,25,50,30,388,0,convergent_swarm,euclidean,4,,161,61,61.0000,62,37,true,0.0537,61.0000
E7,random,2151,25,50,30,388,0,a_star,chebyshev,4,,371,61,61.0000,62,35,true,0.1229,61.0000
E7,random,2151,25,50,30,388,0,greedy,chebyshev,4,,192,69,69.0000,70,40,true,0.0623,61.0000
E7,random,2151,25,50,30,388,0,swarm,chebyshev,4,,168,61,61.0000,62,42,true,0.0568,61.0000
E7,random,2151,25,50,30,388,0,convergent_swarm,chebyshev,4,,174,69,69.0000,70,40,true,0.0607,61.0000
E7,random,2151,25,50,30,388,0,a_star,octile,4,,321,61,61.0000,62,35,true,0.1072,61.0000
E7,random,2151,25,50,30,388,0,greedy,octile,4,,183,69,69.0000,70,42,true,0.0603,61.0000
E7,random,2151,25,50,30,388,0,swarm,octile,4,,167,63,63.0000,64,42,true,0.0553,61.0000
E7,random,2151,25,50,30,388,0,convergent_swarm,octile,4,,163,63,63.0000,64,41,true,0.0532,61.0000
E7,random,2151,25,50,30,388,0,bfs,manhattan,4,,540,61,61.0000,62,21,true,0.1261,61.0000
E7,random,2151,25,50,30,388,0,dfs,manhattan,4,,225,125,125.0000,126,96,true,0.0641,61.0000
E7,random,2151,25,50,30,388,0,dijkstra,manhattan,4,,542,61,61.0000,62,22,true,0.1782,61.0000
E7,random,2151,25,50,30,388,0,zero_one_bfs,manhattan,4,,199,0,109.0000,110,78,true,0.0735,61.0000
E7,random,2270,25,50,30,370,0,a_star,manhattan,4,,95,31,31.0000,32,33,true,0.0951,31.0000
E7,random,2270,25,50,30,370,0,greedy,manhattan,4,,37,35,35.0000,36,33,true,0.0563,31.0000
E7,random,2270,25,50,30,370,0,swarm,manhattan,4,,40,33,33.0000,34,32,true,0.0386,31.0000
E7,random,2270,25,50,30,370,0,convergent_swarm,manhattan,4,,38,35,35.0000,36,33,true,0.0397,31.0000
E7,random,2270,25,50,30,370,0,a_star,euclidean,4,,136,31,31.0000,32,41,true,0.1042,31.0000
E7,random,2270,25,50,30,370,0,greedy,euclidean,4,,35,33,33.0000,34,33,true,0.0214,31.0000
E7,random,2270,25,50,30,370,0,swarm,euclidean,4,,35,33,33.0000,34,33,true,0.0212,31.0000
E7,random,2270,25,50,30,370,0,convergent_swarm,euclidean,4,,35,33,33.0000,34,33,true,0.0290,31.0000
E7,random,2270,25,50,30,370,0,a_star,chebyshev,4,,178,31,31.0000,32,50,true,0.1011,31.0000
E7,random,2270,25,50,30,370,0,greedy,chebyshev,4,,36,33,33.0000,34,33,true,0.0211,31.0000
E7,random,2270,25,50,30,370,0,swarm,chebyshev,4,,36,33,33.0000,34,33,true,0.0203,31.0000
E7,random,2270,25,50,30,370,0,convergent_swarm,chebyshev,4,,36,33,33.0000,34,33,true,0.0261,31.0000
E7,random,2270,25,50,30,370,0,a_star,octile,4,,107,31,31.0000,32,31,true,0.0678,31.0000
E7,random,2270,25,50,30,370,0,greedy,octile,4,,35,33,33.0000,34,33,true,0.0199,31.0000
E7,random,2270,25,50,30,370,0,swarm,octile,4,,36,33,33.0000,34,33,true,0.0220,31.0000
E7,random,2270,25,50,30,370,0,convergent_swarm,octile,4,,35,33,33.0000,34,33,true,0.0197,31.0000
E7,random,2270,25,50,30,370,0,bfs,manhattan,4,,558,31,31.0000,32,33,true,0.2290,31.0000
E7,random,2270,25,50,30,370,0,dfs,manhattan,4,,175,107,107.0000,108,84,true,0.6697,31.0000
E7,random,2270,25,50,30,370,0,dijkstra,manhattan,4,,553,31,31.0000,32,36,true,0.2294,31.0000
E7,random,2270,25,50,30,370,0,zero_one_bfs,manhattan,4,,118,0,73.0000,74,51,true,0.0456,31.0000
E7,random,3063,25,50,30,349,0,a_star,manhattan,4,,65,29,29.0000,30,35,true,0.0260,29.0000
E7,random,3063,25,50,30,349,0,greedy,manhattan,4,,34,31,31.0000,32,33,true,0.0144,29.0000
E7,random,3063,25,50,30,349,0,swarm,manhattan,4,,36,31,31.0000,32,33,true,0.0153,29.0000
E7,random,3063,25,50,30,349,0,convergent_swarm,manhattan,4,,34,31,31.0000,32,33,true,0.0146,29.0000
E7,random,3063,25,50,30,349,0,a_star,euclidean,4,,80,29,29.0000,30,38,true,0.0304,29.0000
E7,random,3063,25,50,30,349,0,greedy,euclidean,4,,31,31,31.0000,32,32,true,0.0119,29.0000
E7,random,3063,25,50,30,349,0,swarm,euclidean,4,,31,31,31.0000,32,32,true,0.0129,29.0000
E7,random,3063,25,50,30,349,0,convergent_swarm,euclidean,4,,31,31,31.0000,32,32,true,0.0117,29.0000
E7,random,3063,25,50,30,349,0,a_star,chebyshev,4,,106,29,29.0000,30,37,true,0.0408,29.0000
E7,random,3063,25,50,30,349,0,greedy,chebyshev,4,,31,31,31.0000,32,35,true,0.0137,29.0000
E7,random,3063,25,50,30,349,0,swarm,chebyshev,4,,31,31,31.0000,32,35,true,0.0132,29.0000
E7,random,3063,25,50,30,349,0,convergent_swarm,chebyshev,4,,31,31,31.0000,32,35,true,0.0122,29.0000
E7,random,3063,25,50,30,349,0,a_star,octile,4,,65,29,29.0000,30,35,true,0.0244,29.0000
E7,random,3063,25,50,30,349,0,greedy,octile,4,,31,31,31.0000,32,32,true,0.0116,29.0000
E7,random,3063,25,50,30,349,0,swarm,octile,4,,32,31,31.0000,32,32,true,0.0117,29.0000
E7,random,3063,25,50,30,349,0,convergent_swarm,octile,4,,32,31,31.0000,32,32,true,0.0127,29.0000
E7,random,3063,25,50,30,349,0,bfs,manhattan,4,,537,29,29.0000,30,33,true,0.1438,29.0000
E7,random,3063,25,50,30,349,0,dfs,manhattan,4,,343,149,149.0000,150,131,true,0.0953,29.0000
E7,random,3063,25,50,30,349,0,dijkstra,manhattan,4,,521,29,29.0000,30,35,true,0.2152,29.0000
E7,random,3063,25,50,30,349,0,zero_one_bfs,manhattan,4,,183,0,133.0000,134,109,true,0.0725,29.0000
E7,random,3158,25,50,30,369,0,a_star,manhattan,4,,168,39,39.0000,40,32,true,0.0585,39.0000
E7,random,3158,25,50,30,369,0,greedy,manhattan,4,,94,45,45.0000,46,28,true,0.0328,39.0000
E7,random,3158,25,50,30,369,0,swarm,manhattan,4,,125,39,39.0000,40,30,true,0.0436,39.0000
E7,random,3158,25,50,30,369,0,convergent_swarm,manhattan,4,,108,45,45.0000,46,25,true,0.0364,39.0000
E7,random,3158,25,50,30,369,0,a_star,euclidean,4,,268,39,39.0000,40,40,true,0.1034,39.0000
E7,random,3158,25,50,30,369,0,greedy,euclidean,4,,68,47,41.0000,42,40,true,0.0254,39.0000
E7,random,3158,25,50,30,369,0,swarm,euclidean,4,,98,39,39.0000,40,32,true,0.0363,39.0000
E7,random,3158,25,50,30,369,0,convergent_swarm,euclidean,4,,80,41,41.0000,42,35,true,0.0296,39.0000
E7,random,3158,25,50,30,369,0,a_star,chebyshev,4,,343,39,39.0000,40,51,true,0.1233,39.0000
E7,random,3158,25,50,30,369,0,greedy,chebyshev,4,,71,51,47.0000,48,42,true,0.0262,39.0000
E7,random,3158,25,50,30,369,0,swarm,chebyshev,4,,89,39,39.0000,40,34,true,0.0342,39.0000
E7,random,3158,25,50,30,369,0,convergent_swarm,chebyshev,4,,79,45,45.0000,46,44,true,0.0322,39.0000
E7,random,3158,25,50,30,369,0,a_star,octile,4,,235,39,39.0000,40,44,true,0.1015,39.0000
E7,random,3158,25,50,30,369,0,greedy,octile,4,,72,47,41.0000,42,37,true,0.0284,39.0000
E7,random,3158,25,50,30,369,0,swarm,octile,4,,101,39,39.0000,40,33,true,0.0439,39.0000
E7,random,3158,25,50,30,369,0,convergent_swarm,octile,4,,82,41,41.0000,42,33,true,0.0326,39.0000
E7,random,3158,25,50,30,369,0,bfs,manhattan,4,,683,39,39.0000,40,35,true,0.2162,39.0000
E7,random,3158,25,50,30,369,0,dfs,manhattan,4,,818,91,91.0000,92,205,true,0.2505,39.0000
E7,random,3158,25,50,30,369,0,dijkstra,manhattan,4,,671,39,39.0000,40,40,true,0.2351,39.0000
E7,random,3158,25,50,30,369,0,zero_one_bfs,manhattan,4,,526,0,153.0000,154,170,true,0.2495,39.0000
E7,random,3277,25,50,30,354,0,a_star,manhattan,4,,124,33,33.0000,34,39,true,0.0451,33.0000
E7,random,3277,25,50,30,354,0,greedy,manhattan,4,,40,35,35.0000,36,37,true,0.0174,33.0000
E7,random,3277,25,50,30,354,0,swarm,manhattan,4,,47,35,35.0000,36,36,true,0.0184,33.0000
E7,random,3277,25,50,30,354,0,convergent_swarm,manhattan,4,,40,35,35.0000,36,37,true,0.0160,33.0000
E7,random,3277,25,50,30,354,0,a_star,euclidean,4,,180,33,33.0000,34,33,true,0.0653,33.0000
E7,random,3277,25,50,30,354,0,greedy,euclidean,4,,40,35,35.0000,36,38,true,0.0175,33.0000
E7,random,3277,25,50,30,354,0,swarm,euclidean,4,,42,35,35.0000,36,38,true,0.0176,33.0000
E7,random,3277,25,50,30,354,0,convergent_swarm,euclidean,4,,39,35,35.0000,36,38,true,0.0151,33.0000
E7,random,3277,25,50,30,354,0,a_star,chebyshev,4,,212,33,33.0000,34,37,true,0.0744,33.0000
E7,random,3277,25,50,30,354,0,greedy,chebyshev,4,,37,35,35.0000,36,39,true,0.0157,33.0000
E7,random,3277,25,50,30,354,0,swarm,chebyshev,4,,41,35,35.0000,36,39,true,0.0167,33.0000
E7,random,3277,25,50,30,354,0,convergent_swarm,chebyshev,4,,37,35,35.0000,36,39,true,0.0156,33.0000
E7,random,3277,25,50,30,354,0,a_star,octile,4,,156,33,33.0000,34,36,true,0.0568,33.0000
E7,random,3277,25,50,30,354,0,greedy,octile,4,,39,35,35.0000,36,39,true,0.0164,33.0000
E7,random,3277,25,50,30,354,0,swarm,octile,4,,42,35,35.0000,36,38,true,0.0177,33.0000
E7,random,3277,25,50,30,354,0,convergent_swarm,octile,4,,40,35,35.0000,36,38,true,0.0166,33.0000
E7,random,3277,25,50,30,354,0,bfs,manhattan,4,,642,33,33.0000,34,36,true,0.1726,33.0000
E7,random,3277,25,50,30,354,0,dfs,manhattan,4,,163,87,87.0000,88,98,true,0.0506,33.0000
E7,random,3277,25,50,30,354,0,dijkstra,manhattan,4,,638,33,33.0000,34,39,true,0.2194,33.0000
E7,random,3277,25,50,30,354,0,zero_one_bfs,manhattan,4,,146,0,81.0000,82,71,true,0.0576,33.0000
E7,random,4070,25,50,30,402,0,a_star,manhattan,4,,500,,,,34,false,0.2566,
E7,random,4070,25,50,30,402,0,greedy,manhattan,4,,500,,,,28,false,0.2478,
E7,random,4070,25,50,30,402,0,swarm,manhattan,4,,500,,,,27,false,0.2291,
E7,random,4070,25,50,30,402,0,convergent_swarm,manhattan,4,,500,,,,25,false,0.1593,
E7,random,4070,25,50,30,402,0,a_star,euclidean,4,,500,,,,31,false,0.1660,
E7,random,4070,25,50,30,402,0,greedy,euclidean,4,,500,,,,35,false,0.1683,
E7,random,4070,25,50,30,402,0,swarm,euclidean,4,,500,,,,27,false,0.1728,
E7,random,4070,25,50,30,402,0,convergent_swarm,euclidean,4,,500,,,,29,false,0.1821,
E7,random,4070,25,50,30,402,0,a_star,chebyshev,4,,500,,,,26,false,0.1611,
E7,random,4070,25,50,30,402,0,greedy,chebyshev,4,,500,,,,34,false,0.1601,
E7,random,4070,25,50,30,402,0,swarm,chebyshev,4,,500,,,,32,false,0.1653,
E7,random,4070,25,50,30,402,0,convergent_swarm,chebyshev,4,,500,,,,30,false,0.1615,
E7,random,4070,25,50,30,402,0,a_star,octile,4,,500,,,,30,false,0.1695,
E7,random,4070,25,50,30,402,0,greedy,octile,4,,500,,,,35,false,0.1646,
E7,random,4070,25,50,30,402,0,swarm,octile,4,,500,,,,25,false,0.1636,
E7,random,4070,25,50,30,402,0,convergent_swarm,octile,4,,500,,,,32,false,0.1666,
E7,random,4070,25,50,30,402,0,bfs,manhattan,4,,500,,,,40,false,0.1411,
E7,random,4070,25,50,30,402,0,dfs,manhattan,4,,500,,,,132,false,0.1618,
E7,random,4070,25,50,30,402,0,dijkstra,manhattan,4,,500,,,,41,false,0.1915,
E7,random,4070,25,50,30,402,0,zero_one_bfs,manhattan,4,,500,,,,76,false,0.2013,
E7,random,4165,25,50,30,363,0,a_star,manhattan,4,,133,35,35.0000,36,38,true,0.0500,35.0000
E7,random,4165,25,50,30,363,0,greedy,manhattan,4,,46,37,37.0000,38,32,true,0.0189,35.0000
E7,random,4165,25,50,30,363,0,swarm,manhattan,4,,50,35,35.0000,36,30,true,0.0193,35.0000
E7,random,4165,25,50,30,363,0,convergent_swarm,manhattan,4,,49,37,37.0000,38,31,true,0.0172,35.0000
E7,random,4165,25,50,30,363,0,a_star,euclidean,4,,196,35,35.0000,36,37,true,0.0755,35.0000
E7,random,4165,25,50,30,363,0,greedy,euclidean,4,,38,35,35.0000,36,34,true,0.0161,35.0000
E7,random,4165,25,50,30,363,0,swarm,euclidean,4,,44,35,35.0000,36,30,true,0.0173,35.0000
E7,random,4165,25,50,30,363,0,convergent_swarm,euclidean,4,,38,35,35.0000,36,34,true,0.0160,35.0000
E7,random,4165,25,50,30,363,0,a_star,chebyshev,4,,228,35,35.0000,36,46,true,0.0884,35.0000
E7,random,4165,25,50,30,363,0,greedy,chebyshev,4,,38,35,35.0000,36,32,true,0.0169,35.0000
E7,random,4165,25,50,30,363,0,swarm,chebyshev,4,,40,35,35.0000,36,31,true,0.0235,35.0000
E7,random,4165,25,50,30,363,0,convergent_swarm,chebyshev,4,,38,35,35.0000,36,32,true,0.0152,35.0000
E7,random,4165,25,50,30,363,0,a_star,octile,4,,176,35,35.0000,36,36,true,0.0670,35.0000
E7,random,4165,25,50,30,363,0,greedy,octile,4,,38,35,35.0000,36,34,true,0.0575,35.0000
E7,random,4165,25,50,30,363,0,swarm,octile,4,,42,35,35.0000,36,32,true,0.0200,35.0000
E7,random,4165,25,50,30,363,0,convergent_swarm,octile,4,,39,35,35.0000,36,34,true,0.0164,35.0000
E7,random,4165,25,50,30,363,0,bfs,manhattan,4,,592,35,35.0000,36,31,true,0.1998,35.0000
E7,random,4165,25,50,30,363,0,dfs,manhattan,4,,255,81,81.0000,82,101,true,0.1058,35.0000
E7,random,4165,25,50,30,363,0,dijkstra,manhattan,4,,598,35,35.0000,36,33,true,0.2456,35.0000
E7,random,4165,25,50,30,363,0,zero_one_bfs,manhattan,4,,225,0,73.0000,74,70,true,0.0839,35.0000
E7,random,4284,25,50,30,376,0,a_star,manhattan,4,,109,33,33.0000,34,35,true,0.0530,33.0000
E7,random,4284,25,50,30,376,0,greedy,manhattan,4,,38,35,35.0000,36,36,true,0.0173,33.0000
E7,random,4284,25,50,30,376,0,swarm,manhattan,4,,38,35,35.0000,36,36,true,0.0156,33.0000
E7,random,4284,25,50,30,376,0,convergent_swarm,manhattan,4,,38,35,35.0000,36,36,true,0.0161,33.0000
E7,random,4284,25,50,30,376,0,a_star,euclidean,4,,175,33,33.0000,34,35,true,0.0746,33.0000
E7,random,4284,25,50,30,376,0,greedy,euclidean,4,,35,35,35.0000,36,39,true,0.0165,33.0000
E7,random,4284,25,50,30,376,0,swarm,euclidean,4,,35,33,33.0000,34,38,true,0.0177,33.0000
E7,random,4284,25,50,30,376,0,convergent_swarm,euclidean,4,,35,33,33.0000,34,38,true,0.0179,33.0000
E7,random,4284,25,50,30,376,0,a_star,chebyshev,4,,202,33,33.0000,34,36,true,0.0842,33.0000
E7,random,4284,25,50,30,376,0,greedy,chebyshev,4,,37,35,35.0000,36,41,true,0.0173,33.0000
E7,random,4284,25,50,30,376,0,swarm,chebyshev,4,,41,35,35.0000,36,41,true,0.0201,33.0000
E7,random,4284,25,50,30,376,0,convergent_swarm,chebyshev,4,,37,35,35.0000,36,41,true,0.0164,33.0000
E7,random,4284,25,50,30,376,0,a_star,octile,4,,151,33,33.0000,34,33,true,0.0590,33.0000
E7,random,4284,25,50,30,376,0,greedy,octile,4,,35,35,35.0000,36,39,true,0.0160,33.0000
E7,random,4284,25,50,30,376,0,swarm,octile,4,,36,33,33.0000,34,38,true,0.0174,33.0000
E7,random,4284,25,50,30,376,0,convergent_swarm,octile,4,,36,35,35.0000,36,38,true,0.0154,33.0000
E7,random,4284,25,50,30,376,0,bfs,manhattan,4,,572,33,33.0000,34,39,true,0.1776,33.0000
E7,random,4284,25,50,30,376,0,dfs,manhattan,4,,800,127,127.0000,128,231,true,0.6030,33.0000
E7,random,4284,25,50,30,376,0,dijkstra,manhattan,4,,571,33,33.0000,34,42,true,0.2431,33.0000
E7,random,4284,25,50,30,376,0,zero_one_bfs,manhattan,4,,810,0,45.0000,46,178,true,0.3930,33.0000
E7,random,5077,25,50,30,372,0,a_star,manhattan,4,,275,41,41.0000,42,40,true,0.1062,41.0000
E7,random,5077,25,50,30,372,0,greedy,manhattan,4,,69,45,45.0000,46,39,true,0.0266,41.0000
E7,random,5077,25,50,30,372,0,swarm,manhattan,4,,112,45,45.0000,46,36,true,0.0454,41.0000
E7,random,5077,25,50,30,372,0,convergent_swarm,manhattan,4,,73,45,45.0000,46,38,true,0.0269,41.0000
E7,random,5077,25,50,30,372,0,a_star,euclidean,4,,390,41,41.0000,42,45,true,0.1565,41.0000
E7,random,5077,25,50,30,372,0,greedy,euclidean,4,,57,45,45.0000,46,46,true,0.0241,41.0000
E7,random,5077,25,50,30,372,0,swarm,euclidean,4,,176,45,45.0000,46,43,true,0.0701,41.0000
E7,random,5077,25,50,30,372,0,convergent_swarm,euclidean,4,,74,45,45.0000,46,46,true,0.0299,41.0000
E7,random,5077,25,50,30,372,0,a_star,chebyshev,4,,431,41,41.0000,42,49,true,0.1796,41.0000
E7,random,5077,25,50,30,372,0,greedy,chebyshev,4,,55,45,45.0000,46,45,true,0.0225,41.0000
E7,random,5077,25,50,30,372,0,swarm,chebyshev,4,,204,45,45.0000,46,52,true,0.0926,41.0000
E7,random,5077,25,50,30,372,0,convergent_swarm,chebyshev,4,,74,45,45.0000,46,48,true,0.0385,41.0000
E7,random,5077,25,50,30,372,0,a_star,octile,4,,364,41,41.0000,42,46,true,0.1379,41.0000
E7,random,5077,25,50,30,372,0,greedy,octile,4,,58,45,45.0000,46,45,true,0.0235,41.0000
E7,random,5077,25,50,30,372,0,swarm,octile,4,,166,45,45.0000,46,40,true,0.0636,41.0000
E7,random,5077,25,50,30,372,0,convergent_swarm,octile,4,,74,45,45.0000,46,45,true,0.0299,41.0000
E7,random,5077,25,50,30,372,0,bfs,manhattan,4,,696,41,41.0000,42,29,true,0.1806,41.0000
E7,random,5077,25,50,30,372,0,dfs,manhattan,4,,819,57,57.0000,58,173,true,0.2213,41.0000
E7,random,5077,25,50,30,372,0,dijkstra,manhattan,4,,710,41,41.0000,42,31,true,0.2489,41.0000
E7,random,5077,25,50,30,372,0,zero_one_bfs,manhattan,4,,533,0,87.0000,88,104,true,0.1875,41.0000
E7,random,5172,25,50,30,365,0,a_star,manhattan,4,,228,39,39.0000,40,39,true,0.0921,39.0000
E7,random,5172,25,50,30,365,0,greedy,manhattan,4,,50,39,39.0000,40,32,true,0.0193,39.0000
E7,random,5172,25,50,30,365,0,swarm,manhattan,4,,60,39,39.0000,40,30,true,0.0234,39.0000
E7,random,5172,25,50,30,365,0,convergent_swarm,manhattan,4,,51,39,39.0000,40,32,true,0.0179,39.0000
E7,random,5172,25,50,30,365,0,a_star,euclidean,4,,359,39,39.0000,40,47,true,0.1367,39.0000
E7,random,5172,25,50,30,365,0,greedy,euclidean,4,,41,39,39.0000,40,36,true,0.0182,39.0000
E7,random,5172,25,50,30,365,0,swarm,euclidean,4,,50,39,39.0000,40,34,true,0.0195,39.0000
E7,random,5172,25,50,30,365,0,convergent_swarm,euclidean,4,,41,39,39.0000,40,36,true,0.0159,39.0000
E7,random,5172,25,50,30,365,0,a_star,chebyshev,4,,419,39,39.0000,40,52,true,0.1505,39.0000
E7,random,5172,25,50,30,365,0,greedy,chebyshev,4,,42,39,39.0000,40,37,true,0.0169,39.0000
E7,random,5172,25,50,30,365,0,swarm,chebyshev,4,,53,39,39.0000,40,31,true,0.0206,39.0000
E7,random,5172,25,50,30,365,0,convergent_swarm,chebyshev,4,,43,39,39.0000,40,37,true,0.0167,39.0000
E7,random,5172,25,50,30,365,0,a_star,octile,4,,328,39,39.0000,40,48,true,0.1342,39.0000
E7,random,5172,25,50,30,365,0,greedy,octile,4,,41,39,39.0000,40,36,true,0.0178,39.0000
E7,random,5172,25,50,30,365,0,swarm,octile,4,,52,39,39.0000,40,32,true,0.0211,39.0000
E7,random,5172,25,50,30,365,0,convergent_swarm,octile,4,,42,39,39.0000,40,35,true,0.0230,39.0000
E7,random,5172,25,50,30,365,0,bfs,manhattan,4,,662,39,39.0000,40,32,true,0.1838,39.0000
E7,random,5172,25,50,30,365,0,dfs,manhattan,4,,590,319,319.0000,320,281,true,0.1682,39.0000
E7,random,5172,25,50,30,365,0,dijkstra,manhattan,4,,663,39,39.0000,40,36,true,0.2291,39.0000
E7,random,5172,25,50,30,365,0,zero_one_bfs,manhattan,4,,490,0,227.0000,228,182,true,0.1854,39.0000
E7,random,5291,25,50,30,373,0,a_star,manhattan,4,,506,51,51.0000,52,43,true,0.1952,51.0000
E7,random,5291,25,50,30,373,0,greedy,manhattan,4,,343,57,57.0000,58,34,true,0.1218,51.0000
E7,random,5291,25,50,30,373,0,swarm,manhattan,4,,411,51,51.0000,52,41,true,0.1463,51.0000
E7,random,5291,25,50,30,373,0,convergent_swarm,manhattan,4,,376,57,57.0000,58,31,true,0.1300,51.0000
E7,random,5291,25,50,30,373,0,a_star,euclidean,4,,582,51,51.0000,52,36,true,0.3291,51.0000
E7,random,5291,25,50,30,373,0,greedy,euclidean,4,,310,67,67.0000,68,39,true,0.1699,51.0000
E7,random,5291,25,50,30,373,0,swarm,euclidean,4,,371,51,51.0000,52,35,true,0.2060,51.0000
E7,random,5291,25,50,30,373,0,convergent_swarm,euclidean,4,,337,55,55.0000,56,38,true,0.8362,51.0000
E7,random,5291,25,50,30,373,0,a_star,chebyshev,4,,595,51,51.0000,52,38,true,0.3055,51.0000
E7,random,5291,25,50,30,373,0,greedy,chebyshev,4,,266,69,65.0000,66,49,true,0.1218,51.0000
E7,random,5291,25,50,30,373,0,swarm,chebyshev,4,,342,51,51.0000,52,43,true,0.1612,51.0000
E7,random,5291,25,50,30,373,0,convergent_swarm,chebyshev,4,,261,53,53.0000,54,59,true,0.1148,51.0000
E7,random,5291,25,50,30,373,0,a_star,octile,4,,557,51,51.0000,52,37,true,0.2083,51.0000
E7,random,5291,25,50,30,373,0,greedy,octile,4,,300,69,67.0000,68,45,true,0.1136,51.0000
E7,random,5291,25,50,30,373,0,swarm,octile,4,,349,51,51.0000,52,40,true,0.1280,51.0000
E7,random,5291,25,50,30,373,0,convergent_swarm,octile,4,,330,53,53.0000,54,44,true,0.1204,51.0000
E7,random,5291,25,50,30,373,0,bfs,manhattan,4,,725,51,51.0000,52,38,true,0.1730,51.0000
E7,random,5291,25,50,30,373,0,dfs,manhattan,4,,209,143,143.0000,144,119,true,0.0581,51.0000
E7,random,5291,25,50,30,373,0,dijkstra,manhattan,4,,725,51,51.0000,52,38,true,0.3013,51.0000
E7,random,5291,25,50,30,373,0,zero_one_bfs,manhattan,4,,222,0,85.0000,86,66,true,0.1164,51.0000
E7,maze,42,25,50,30,673,0,a_star,manhattan,4,,167,145,145.0000,146,4,true,0.0621,145.0000
E7,maze,42,25,50,30,673,0,greedy,manhattan,4,,145,145,145.0000,146,7,true,0.0556,145.0000
E7,maze,42,25,50,30,673,0,swarm,manhattan,4,,154,145,145.0000,146,5,true,0.0633,145.0000
E7,maze,42,25,50,30,673,0,convergent_swarm,manhattan,4,,146,145,145.0000,146,7,true,0.0421,145.0000
E7,maze,42,25,50,30,673,0,a_star,euclidean,4,,168,145,145.0000,146,4,true,0.0604,145.0000
E7,maze,42,25,50,30,673,0,greedy,euclidean,4,,145,145,145.0000,146,7,true,0.0380,145.0000
E7,maze,42,25,50,30,673,0,swarm,euclidean,4,,155,145,145.0000,146,5,true,0.0619,145.0000
E7,maze,42,25,50,30,673,0,convergent_swarm,euclidean,4,,145,145,145.0000,146,7,true,0.0685,145.0000
E7,maze,42,25,50,30,673,0,a_star,chebyshev,4,,169,145,145.0000,146,4,true,0.0600,145.0000
E7,maze,42,25,50,30,673,0,greedy,chebyshev,4,,151,145,145.0000,146,6,true,0.0493,145.0000
E7,maze,42,25,50,30,673,0,swarm,chebyshev,4,,153,145,145.0000,146,5,true,0.0595,145.0000
E7,maze,42,25,50,30,673,0,convergent_swarm,chebyshev,4,,151,145,145.0000,146,6,true,0.0621,145.0000
E7,maze,42,25,50,30,673,0,a_star,octile,4,,167,145,145.0000,146,4,true,0.0731,145.0000
E7,maze,42,25,50,30,673,0,greedy,octile,4,,145,145,145.0000,146,7,true,0.0635,145.0000
E7,maze,42,25,50,30,673,0,swarm,octile,4,,156,145,145.0000,146,4,true,0.0757,145.0000
E7,maze,42,25,50,30,673,0,convergent_swarm,octile,4,,145,145,145.0000,146,7,true,0.0771,145.0000
E7,maze,42,25,50,30,673,0,bfs,manhattan,4,,255,145,145.0000,146,7,true,0.1066,145.0000
E7,maze,42,25,50,30,673,0,dfs,manhattan,4,,145,145,145.0000,146,7,true,0.0585,145.0000
E7,maze,42,25,50,30,673,0,dijkstra,manhattan,4,,254,145,145.0000,146,7,true,0.0888,145.0000
E7,maze,42,25,50,30,673,0,zero_one_bfs,manhattan,4,,145,0,145.0000,146,7,true,0.0553,145.0000
E7,maze,137,25,50,30,673,0,a_star,manhattan,4,,236,193,193.0000,194,5,true,0.1148,193.0000
E7,maze,137,25,50,30,673,0,greedy,manhattan,4,,203,193,193.0000,194,8,true,0.0793,193.0000
E7,maze,137,25,50,30,673,0,swarm,manhattan,4,,234,193,193.0000,194,5,true,0.1071,193.0000
E7,maze,137,25,50,30,673,0,convergent_swarm,manhattan,4,,209,193,193.0000,194,7,true,0.0894,193.0000
E7,maze,137,25,50,30,673,0,a_star,euclidean,4,,236,193,193.0000,194,5,true,0.0813,193.0000
E7,maze,137,25,50,30,673,0,greedy,euclidean,4,,195,193,193.0000,194,8,true,0.1399,193.0000
E7,maze,137,25,50,30,673,0,swarm,euclidean,4,,232,193,193.0000,194,6,true,0.1263,193.0000
E7,maze,137,25,50,30,673,0,convergent_swarm,euclidean,4,,201,193,193.0000,194,8,true,0.0613,193.0000
E7,maze,137,25,50,30,673,0,a_star,chebyshev,4,,236,193,193.0000,194,5,true,0.0695,193.0000
E7,maze,137,25,50,30,673,0,greedy,chebyshev,4,,199,193,193.0000,194,7,true,0.0548,193.0000
E7,maze,137,25,50,30,673,0,swarm,chebyshev,4,,231,193,193.0000,194,6,true,0.0548,193.0000
E7,maze,137,25,50,30,673,0,convergent_swarm,chebyshev,4,,203,193,193.0000,194,7,true,0.0490,193.0000
E7,maze,137,25,50,30,673,0,a_star,octile,4,,236,193,193.0000,194,5,true,0.0571,193.0000
E7,maze,137,25,50,30,673,0,greedy,octile,4,,196,193,193.0000,194,8,true,0.0706,193.0000
E7,maze,137,25,50,30,673,0,swarm,octile,4,,233,193,193.0000,194,5,true,0.0930,193.0000
E7,maze,137,25,50,30,673,0,convergent_swarm,octile,4,,203,193,193.0000,194,8,true,0.0567,193.0000
E7,maze,137,25,50,30,673,0,bfs,manhattan,4,,253,193,193.0000,194,5,true,0.0500,193.0000
E7,maze,137,25,50,30,673,0,dfs,manhattan,4,,195,193,193.0000,194,7,true,0.0399,193.0000
E7,maze,137,25,50,30,673,0,dijkstra,manhattan,4,,252,193,193.0000,194,4,true,0.0607,193.0000
E7,maze,137,25,50,30,673,0,zero_one_bfs,manhattan,4,,195,0,193.0000,194,7,true,0.0551,193.0000
E7,maze,256,25,50,30,673,0,a_star,manhattan,4,,320,213,213.0000,214,5,true,0.0806,213.0000
E7,maze,256,25,50,30,673,0,greedy,manhattan,4,,225,213,213.0000,214,9,true,0.0531,213.0000
E7,maze,256,25,50,30,673,0,swarm,manhattan,4,,256,213,213.0000,214,8,true,0.0660,213.0000
E7,maze,256,25,50,30,673,0,convergent_swarm,manhattan,4,,243,213,213.0000,214,8,true,0.0611,213.0000
E7,maze,256,25,50,30,673,0,a_star,euclidean,4,,334,213,213.0000,214,5,true,0.0874,213.0000
E7,maze,256,25,50,30,673,0,greedy,euclidean,4,,215,213,213.0000,214,10,true,0.0537,213.0000
E7,maze,256,25,50,30,673,0,swarm,euclidean,4,,282,213,213.0000,214,8,true,0.0733,213.0000
E7,maze,256,25,50,30,673,0,convergent_swarm,euclidean,4,,230,213,213.0000,214,8,true,0.0547,213.0000
E7,maze,256,25,50,30,673,0,a_star,chebyshev,4,,343,213,213.0000,214,6,true,0.0854,213.0000
E7,maze,256,25,50,30,673,0,greedy,chebyshev,4,,234,213,213.0000,214,8,true,0.0663,213.0000
E7,maze,256,25,50,30,673,0,swarm,chebyshev,4,,291,213,213.0000,214,7,true,0.0748,213.0000
E7,maze,256,25,50,30,673,0,convergent_swarm,chebyshev,4,,246,213,213.0000,214,8,true,0.0579,213.0000
E7,maze,256,25,50,30,673,0,a_star,octile,4,,332,213,213.0000,214,5,true,0.0850,213.0000
E7,maze,256,25,50,30,673,0,greedy,octile,4,,217,213,213.0000,214,10,true,0.0537,213.0000
E7,maze,256,25,50,30,673,0,swarm,octile,4,,277,213,213.0000,214,8,true,0.0729,213.0000
E7,maze,256,25,50,30,673,0,convergent_swarm,octile,4,,242,213,213.0000,214,8,true,0.0584,213.0000
E7,maze,256,25,50,30,673,0,bfs,manhattan,4,,387,213,213.0000,214,6,true,0.0713,213.0000
E7,maze,256,25,50,30,673,0,dfs,manhattan,4,,213,213,213.0000,214,10,true,0.0445,213.0000
E7,maze,256,25,50,30,673,0,dijkstra,manhattan,4,,387,213,213.0000,214,6,true,0.1113,213.0000
E7,maze,256,25,50,30,673,0,zero_one_bfs,manhattan,4,,213,0,213.0000,214,10,true,0.0643,213.0000
E7,maze,1049,25,50,30,673,0,a_star,manhattan,4,,166,149,149.0000,150,7,true,0.0500,149.0000
E7,maze,1049,25,50,30,673,0,greedy,manhattan,4,,149,149,149.0000,150,7,true,0.0403,149.0000
E7,maze,1049,25,50,30,673,0,swarm,manhattan,4,,150,149,149.0000,150,7,true,0.0447,149.0000
E7,maze,1049,25,50,30,673,0,convergent_swarm,manhattan,4,,149,149,149.0000,150,7,true,0.0334,149.0000
E7,maze,1049,25,50,30,673,0,a_star,euclidean,4,,167,149,149.0000,150,6,true,0.0395,149.0000
E7,maze,1049,25,50,30,673,0,greedy,euclidean,4,,149,149,149.0000,150,7,true,0.0352,149.0000
E7,maze,1049,25,50,30,673,0,swarm,euclidean,4,,149,149,149.0000,150,7,true,0.0358,149.0000
E7,maze,1049,25,50,30,673,0,convergent_swarm,euclidean,4,,149,149,149.0000,150,7,true,0.0377,149.0000
E7,maze,1049,25,50,30,673,0,a_star,chebyshev,4,,168,149,149.0000,150,6,true,0.0415,149.0000
E7,maze,1049,25,50,30,673,0,greedy,chebyshev,4,,149,149,149.0000,150,7,true,0.0367,149.0000
E7,maze,1049,25,50,30,673,0,swarm,chebyshev,4,,150,149,149.0000,150,7,true,0.0369,149.0000
E7,maze,1049,25,50,30,673,0,convergent_swarm,chebyshev,4,,149,149,149.0000,150,7,true,0.0463,149.0000
E7,maze,1049,25,50,30,673,0,a_star,octile,4,,166,149,149.0000,150,6,true,0.0415,149.0000
E7,maze,1049,25,50,30,673,0,greedy,octile,4,,149,149,149.0000,150,7,true,0.0420,149.0000
E7,maze,1049,25,50,30,673,0,swarm,octile,4,,149,149,149.0000,150,7,true,0.0364,149.0000
E7,maze,1049,25,50,30,673,0,convergent_swarm,octile,4,,149,149,149.0000,150,7,true,0.0354,149.0000
E7,maze,1049,25,50,30,673,0,bfs,manhattan,4,,207,149,149.0000,150,5,true,0.0426,149.0000
E7,maze,1049,25,50,30,673,0,dfs,manhattan,4,,149,149,149.0000,150,7,true,0.0315,149.0000
E7,maze,1049,25,50,30,673,0,dijkstra,manhattan,4,,204,149,149.0000,150,5,true,0.0491,149.0000
E7,maze,1049,25,50,30,673,0,zero_one_bfs,manhattan,4,,149,0,149.0000,150,7,true,0.0456,149.0000
E7,maze,1144,25,50,30,673,0,a_star,manhattan,4,,295,189,189.0000,190,5,true,0.0855,189.0000
E7,maze,1144,25,50,30,673,0,greedy,manhattan,4,,230,189,189.0000,190,7,true,0.0628,189.0000
E7,maze,1144,25,50,30,673,0,swarm,manhattan,4,,280,189,189.0000,190,7,true,0.0729,189.0000
E7,maze,1144,25,50,30,673,0,convergent_swarm,manhattan,4,,269,189,189.0000,190,9,true,0.0709,189.0000
E7,maze,1144,25,50,30,673,0,a_star,euclidean,4,,299,189,189.0000,190,5,true,0.1089,189.0000
E7,maze,1144,25,50,30,673,0,greedy,euclidean,4,,235,189,189.0000,190,7,true,0.0631,189.0000
E7,maze,1144,25,50,30,673,0,swarm,euclidean,4,,284,189,189.0000,190,6,true,0.0842,189.0000
E7,maze,1144,25,50,30,673,0,convergent_swarm,euclidean,4,,283,189,189.0000,190,6,true,0.0732,189.0000
E7,maze,1144,25,50,30,673,0,a_star,chebyshev,4,,303,189,189.0000,190,5,true,0.0792,189.0000
E7,maze,1144,25,50,30,673,0,greedy,chebyshev,4,,277,189,189.0000,190,7,true,0.1599,189.0000
E7,maze,1144,25,50,30,673,0,swarm,chebyshev,4,,283,189,189.0000,190,6,true,0.0870,189.0000
E7,maze,1144,25,50,30,673,0,convergent_swarm,chebyshev,4,,283,189,189.0000,190,6,true,0.1144,189.0000
E7,maze,1144,25,50,30,673,0,a_star,octile,4,,297,189,189.0000,190,5,true,0.0825,189.0000
E7,maze,1144,25,50,30,673,0,greedy,octile,4,,232,189,189.0000,190,7,true,0.0594,189.0000
E7,maze,1144,25,50,30,673,0,swarm,octile,4,,284,189,189.0000,190,6,true,0.1238,189.0000
E7,maze,1144,25,50,30,673,0,convergent_swarm,octile,4,,284,189,189.0000,190,6,true,0.1167,189.0000
E7,maze,1144,25,50,30,673,0,bfs,manhattan,4,,332,189,189.0000,190,5,true,0.0891,189.0000
E7,maze,1144,25,50,30,673,0,dfs,manhattan,4,,229,189,189.0000,190,7,true,0.0606,189.0000
E7,maze,1144,25,50,30,673,0,dijkstra,manhattan,4,,332,189,189.0000,190,4,true,0.0833,189.0000
E7,maze,1144,25,50,30,673,0,zero_one_bfs,manhattan,4,,229,0,189.0000,190,7,true,0.0617,189.0000
E7,maze,1263,25,50,30,673,0,a_star,manhattan,4,,464,353,353.0000,354,7,true,0.1217,353.0000
E7,maze,1263,25,50,30,673,0,greedy,manhattan,4,,420,353,353.0000,354,12,true,0.0997,353.0000
E7,maze,1263,25,50,30,673,0,swarm,manhattan,4,,422,353,353.0000,354,10,true,0.0984,353.0000
E7,maze,1263,25,50,30,673,0,convergent_swarm,manhattan,4,,422,353,353.0000,354,12,true,0.1026,353.0000
E7,maze,1263,25,50,30,673,0,a_star,euclidean,4,,475,353,353.0000,354,5,true,0.1152,353.0000
E7,maze,1263,25,50,30,673,0,greedy,euclidean,4,,442,353,353.0000,354,9,true,0.1060,353.0000
E7,maze,1263,25,50,30,673,0,swarm,euclidean,4,,431,353,353.0000,354,11,true,0.1037,353.0000
E7,maze,1263,25,50,30,673,0,convergent_swarm,euclidean,4,,431,353,353.0000,354,10,true,0.1032,353.0000
E7,maze,1263,25,50,30,673,0,a_star,chebyshev,4,,475,353,353.0000,354,5,true,0.1107,353.0000
E7,maze,1263,25,50,30,673,0,greedy,chebyshev,4,,441,353,353.0000,354,9,true,0.1050,353.0000
E7,maze,1263,25,50,30,673,0,swarm,chebyshev,4,,430,353,353.0000,354,10,true,0.1069,353.0000
E7,maze,1263,25,50,30,673,0,convergent_swarm,chebyshev,4,,441,353,353.0000,354,9,true,0.1038,353.0000
E7,maze,1263,25,50,30,673,0,a_star,octile,4,,474,353,353.0000,354,5,true,0.1241,353.0000
E7,maze,1263,25,50,30,673,0,greedy,octile,4,,430,353,353.0000,354,11,true,0.1050,353.0000
E7,maze,1263,25,50,30,673,0,swarm,octile,4,,426,353,353.0000,354,12,true,0.1027,353.0000
E7,maze,1263,25,50,30,673,0,convergent_swarm,octile,4,,428,353,353.0000,354,10,true,0.1036,353.0000
E7,maze,1263,25,50,30,673,0,bfs,manhattan,4,,482,353,353.0000,354,6,true,0.0856,353.0000
E7,maze,1263,25,50,30,673,0,dfs,manhattan,4,,383,353,353.0000,354,13,true,0.0766,353.0000
E7,maze,1263,25,50,30,673,0,dijkstra,manhattan,4,,480,353,353.0000,354,6,true,0.1197,353.0000
E7,maze,1263,25,50,30,673,0,zero_one_bfs,manhattan,4,,383,0,353.0000,354,13,true,0.1024,353.0000
E7,maze,2056,25,50,30,673,0,a_star,manhattan,4,,168,137,137.0000,138,4,true,0.0398,137.0000
E7,maze,2056,25,50,30,673,0,greedy,manhattan,4,,141,137,137.0000,138,9,true,0.0356,137.0000
E7,maze,2056,25,50,30,673,0,swarm,manhattan,4,,150,137,137.0000,138,8,true,0.0379,137.0000
E7,maze,2056,25,50,30,673,0,convergent_swarm,manhattan,4,,143,137,137.0000,138,9,true,0.0358,137.0000
E7,maze,2056,25,50,30,673,0,a_star,euclidean,4,,168,137,137.0000,138,4,true,0.0463,137.0000
E7,maze,2056,25,50,30,673,0,greedy,euclidean,4,,137,137,137.0000,138,9,true,0.0369,137.0000
E7,maze,2056,25,50,30,673,0,swarm,euclidean,4,,151,137,137.0000,138,8,true,0.0397,137.0000
E7,maze,2056,25,50,30,673,0,convergent_swarm,euclidean,4,,140,137,137.0000,138,9,true,0.0361,137.0000
E7,maze,2056,25,50,30,673,0,a_star,chebyshev,4,,168,137,137.0000,138,4,true,0.0410,137.0000
E7,maze,2056,25,50,30,673,0,greedy,chebyshev,4,,145,137,137.0000,138,8,true,0.0371,137.0000
E7,maze,2056,25,50,30,673,0,swarm,chebyshev,4,,151,137,137.0000,138,8,true,0.0387,137.0000
E7,maze,2056,25,50,30,673,0,convergent_swarm,chebyshev,4,,145,137,137.0000,138,8,true,0.0383,137.0000
E7,maze,2056,25,50,30,673,0,a_star,octile,4,,168,137,137.0000,138,4,true,0.0435,137.0000
E7,maze,2056,25,50,30,673,0,greedy,octile,4,,137,137,137.0000,138,9,true,0.0400,137.0000
E7,maze,2056,25,50,30,673,0,swarm,octile,4,,152,137,137.0000,138,8,true,0.0395,137.0000
E7,maze,2056,25,50,30,673,0,convergent_swarm,octile,4,,139,137,137.0000,138,9,true,0.0369,137.0000
E7,maze,2056,25,50,30,673,0,bfs,manhattan,4,,174,137,137.0000,138,4,true,0.0317,137.0000
E7,maze,2056,25,50,30,673,0,dfs,manhattan,4,,137,137,137.0000,138,8,true,0.0471,137.0000
E7,maze,2056,25,50,30,673,0,dijkstra,manhattan,4,,172,137,137.0000,138,3,true,0.0603,137.0000
E7,maze,2056,25,50,30,673,0,zero_one_bfs,manhattan,4,,137,0,137.0000,138,8,true,0.0489,137.0000
E7,maze,2151,25,50,30,673,0,a_star,manhattan,4,,150,145,145.0000,146,4,true,0.0669,145.0000
E7,maze,2151,25,50,30,673,0,greedy,manhattan,4,,145,145,145.0000,146,5,true,0.0582,145.0000
E7,maze,2151,25,50,30,673,0,swarm,manhattan,4,,147,145,145.0000,146,4,true,0.0695,145.0000
E7,maze,2151,25,50,30,673,0,convergent_swarm,manhattan,4,,145,145,145.0000,146,5,true,0.0693,145.0000
E7,maze,2151,25,50,30,673,0,a_star,euclidean,4,,150,145,145.0000,146,4,true,0.1072,145.0000
E7,maze,2151,25,50,30,673,0,greedy,euclidean,4,,145,145,145.0000,146,5,true,0.0793,145.0000
E7,maze,2151,25,50,30,673,0,swarm,euclidean,4,,147,145,145.0000,146,4,true,0.0596,145.0000
E7,maze,2151,25,50,30,673,0,convergent_swarm,euclidean,4,,146,145,145.0000,146,5,true,0.0363,145.0000
E7,maze,2151,25,50,30,673,0,a_star,chebyshev,4,,150,145,145.0000,146,4,true,0.0444,145.0000
E7,maze,2151,25,50,30,673,0,greedy,chebyshev,4,,147,145,145.0000,146,4,true,0.0478,145.0000
E7,maze,2151,25,50,30,673,0,swarm,chebyshev,4,,147,145,145.0000,146,4,true,0.0663,145.0000
E7,maze,2151,25,50,30,673,0,convergent_swarm,chebyshev,4,,147,145,145.0000,146,4,true,0.0745,145.0000
E7,maze,2151,25,50,30,673,0,a_star,octile,4,,150,145,145.0000,146,4,true,0.0572,145.0000
E7,maze,2151,25,50,30,673,0,greedy,octile,4,,145,145,145.0000,146,5,true,0.0552,145.0000
E7,maze,2151,25,50,30,673,0,swarm,octile,4,,147,145,145.0000,146,4,true,0.0386,145.0000
E7,maze,2151,25,50,30,673,0,convergent_swarm,octile,4,,147,145,145.0000,146,4,true,0.0355,145.0000
E7,maze,2151,25,50,30,673,0,bfs,manhattan,4,,168,145,145.0000,146,4,true,0.0386,145.0000
E7,maze,2151,25,50,30,673,0,dfs,manhattan,4,,145,145,145.0000,146,4,true,0.0388,145.0000
E7,maze,2151,25,50,30,673,0,dijkstra,manhattan,4,,168,145,145.0000,146,4,true,0.0459,145.0000
E7,maze,2151,25,50,30,673,0,zero_one_bfs,manhattan,4,,145,0,145.0000,146,4,true,0.0432,145.0000
E7,maze,2270,25,50,30,673,0,a_star,manhattan,4,,483,253,253.0000,254,6,true,0.1237,253.0000
E7,maze,2270,25,50,30,673,0,greedy,manhattan,4,,297,253,253.0000,254,8,true,0.0785,253.0000
E7,maze,2270,25,50,30,673,0,swarm,manhattan,4,,375,253,253.0000,254,6,true,0.0970,253.0000
E7,maze,2270,25,50,30,673,0,convergent_swarm,manhattan,4,,328,253,253.0000,254,7,true,0.6026,253.0000
E7,maze,2270,25,50,30,673,0,a_star,euclidean,4,,505,253,253.0000,254,6,true,0.1313,253.0000
E7,maze,2270,25,50,30,673,0,greedy,euclidean,4,,282,253,253.0000,254,8,true,0.0753,253.0000
E7,maze,2270,25,50,30,673,0,swarm,euclidean,4,,417,253,253.0000,254,8,true,0.1079,253.0000
E7,maze,2270,25,50,30,673,0,convergent_swarm,euclidean,4,,335,253,253.0000,254,7,true,0.0912,253.0000
E7,maze,2270,25,50,30,673,0,a_star,chebyshev,4,,520,253,253.0000,254,7,true,0.1408,253.0000
E7,maze,2270,25,50,30,673,0,greedy,chebyshev,4,,292,253,253.0000,254,7,true,0.0750,253.0000
E7,maze,2270,25,50,30,673,0,swarm,chebyshev,4,,441,253,253.0000,254,10,true,0.1111,253.0000
E7,maze,2270,25,50,30,673,0,convergent_swarm,chebyshev,4,,352,253,253.0000,254,6,true,0.0871,253.0000
E7,maze,2270,25,50,30,673,0,a_star,octile,4,,499,253,253.0000,254,6,true,0.1241,253.0000
E7,maze,2270,25,50,30,673,0,greedy,octile,4,,285,253,253.0000,254,8,true,0.0759,253.0000
E7,maze,2270,25,50,30,673,0,swarm,octile,4,,414,253,253.0000,254,9,true,0.1063,253.0000
E7,maze,2270,25,50,30,673,0,convergent_swarm,octile,4,,336,253,253.0000,254,7,true,0.0865,253.0000
E7,maze,2270,25,50,30,673,0,bfs,manhattan,4,,566,253,253.0000,254,6,true,0.1053,253.0000
E7,maze,2270,25,50,30,673,0,dfs,manhattan,4,,271,253,253.0000,254,10,true,0.0563,253.0000
E7,maze,2270,25,50,30,673,0,dijkstra,manhattan,4,,566,253,253.0000,254,5,true,0.1475,253.0000
E7,maze,2270,25,50,30,673,0,zero_one_bfs,manhattan,4,,271,0,253.0000,254,10,true,0.0775,253.0000
E7,maze,3063,25,50,30,673,0,a_star,manhattan,4,,272,185,185.0000,186,5,true,0.0716,185.0000
E7,maze,3063,25,50,30,673,0,greedy,manhattan,4,,187,185,185.0000,186,9,true,0.0463,185.0000
E7,maze,3063,25,50,30,673,0,swarm,manhattan,4,,211,185,185.0000,186,6,true,0.0504,185.0000
E7,maze,3063,25,50,30,673,0,convergent_swarm,manhattan,4,,189,185,185.0000,186,8,true,0.0453,185.0000
E7,maze,3063,25,50,30,673,0,a_star,euclidean,4,,272,185,185.0000,186,5,true,0.0708,185.0000
E7,maze,3063,25,50,30,673,0,greedy,euclidean,4,,186,185,185.0000,186,9,true,0.0454,185.0000
E7,maze,3063,25,50,30,673,0,swarm,euclidean,4,,253,185,185.0000,186,7,true,0.0647,185.0000
E7,maze,3063,25,50,30,673,0,convergent_swarm,euclidean,4,,189,185,185.0000,186,8,true,0.0478,185.0000
E7,maze,3063,25,50,30,673,0,a_star,chebyshev,4,,273,185,185.0000,186,4,true,0.0671,185.0000
E7,maze,3063,25,50,30,673,0,greedy,chebyshev,4,,189,185,185.0000,186,8,true,0.0443,185.0000
E7,maze,3063,25,50,30,673,0,swarm,chebyshev,4,,267,185,185.0000,186,6,true,0.0688,185.0000
E7,maze,3063,25,50,30,673,0,convergent_swarm,chebyshev,4,,195,185,185.0000,186,8,true,0.0479,185.0000
E7,maze,3063,25,50,30,673,0,a_star,octile,4,,272,185,185.0000,186,5,true,0.0773,185.0000
E7,maze,3063,25,50,30,673,0,greedy,octile,4,,185,185,185.0000,186,9,true,0.0451,185.0000
E7,maze,3063,25,50,30,673,0,swarm,octile,4,,238,185,185.0000,186,6,true,0.0576,185.0000
E7,maze,3063,25,50,30,673,0,convergent_swarm,octile,4,,189,185,185.0000,186,8,true,0.0469,185.0000
E7,maze,3063,25,50,30,673,0,bfs,manhattan,4,,286,185,185.0000,186,4,true,0.0535,185.0000
E7,maze,3063,25,50,30,673,0,dfs,manhattan,4,,189,185,185.0000,186,6,true,0.0384,185.0000
E7,maze,3063,25,50,30,673,0,dijkstra,manhattan,4,,286,185,185.0000,186,4,true,0.0720,185.0000
E7,maze,3063,25,50,30,673,0,zero_one_bfs,manhattan,4,,189,0,185.0000,186,6,true,0.1582,185.0000
E7,maze,3158,25,50,30,673,0,a_star,manhattan,4,,340,233,233.0000,234,5,true,0.0918,233.0000
E7,maze,3158,25,50,30,673,0,greedy,manhattan,4,,261,233,233.0000,234,8,true,0.0965,233.0000
E7,maze,3158,25,50,30,673,0,swarm,manhattan,4,,288,233,233.0000,234,7,true,0.0792,233.0000
E7,maze,3158,25,50,30,673,0,convergent_swarm,manhattan,4,,275,233,233.0000,234,7,true,0.0984,233.0000
E7,maze,3158,25,50,30,673,0,a_star,euclidean,4,,342,233,233.0000,234,4,true,0.1678,233.0000
E7,maze,3158,25,50,30,673,0,greedy,euclidean,4,,242,233,233.0000,234,9,true,0.1034,233.0000
E7,maze,3158,25,50,30,673,0,swarm,euclidean,4,,291,233,233.0000,234,7,true,0.1002,233.0000
E7,maze,3158,25,50,30,673,0,convergent_swarm,euclidean,4,,276,233,233.0000,234,7,true,0.0744,233.0000
E7,maze,3158,25,50,30,673,0,a_star,chebyshev,4,,343,233,233.0000,234,5,true,0.0902,233.0000
E7,maze,3158,25,50,30,673,0,greedy,chebyshev,4,,236,233,233.0000,234,10,true,0.0588,233.0000
E7,maze,3158,25,50,30,673,0,swarm,chebyshev,4,,294,233,233.0000,234,7,true,0.0737,233.0000
E7,maze,3158,25,50,30,673,0,convergent_swarm,chebyshev,4,,252,233,233.0000,234,8,true,0.0648,233.0000
E7,maze,3158,25,50,30,673,0,a_star,octile,4,,341,233,233.0000,234,4,true,0.0906,233.0000
E7,maze,3158,25,50,30,673,0,greedy,octile,4,,243,233,233.0000,234,8,true,0.0580,233.0000
E7,maze,3158,25,50,30,673,0,swarm,octile,4,,287,233,233.0000,234,7,true,0.0749,233.0000
E7,maze,3158,25,50,30,673,0,convergent_swarm,octile,4,,273,233,233.0000,234,8,true,0.0712,233.0000
E7,maze,3158,25,50,30,673,0,bfs,manhattan,4,,370,233,233.0000,234,4,true,0.0694,233.0000
E7,maze,3158,25,50,30,673,0,dfs,manhattan,4,,243,233,233.0000,234,7,true,0.0492,233.0000
E7,maze,3158,25,50,30,673,0,dijkstra,manhattan,4,,368,233,233.0000,234,4,true,0.1040,233.0000
E7,maze,3158,25,50,30,673,0,zero_one_bfs,manhattan,4,,243,0,233.0000,234,7,true,0.0658,233.0000
E7,maze,3277,25,50,30,673,0,a_star,manhattan,4,,506,381,381.0000,382,5,true,0.1273,381.0000
E7,maze,3277,25,50,30,673,0,greedy,manhattan,4,,435,381,381.0000,382,11,true,0.1043,381.0000
E7,maze,3277,25,50,30,673,0,swarm,manhattan,4,,456,381,381.0000,382,8,true,0.1091,381.0000
E7,maze,3277,25,50,30,673,0,convergent_swarm,manhattan,4,,448,381,381.0000,382,8,true,0.1073,381.0000
E7,maze,3277,25,50,30,673,0,a_star,euclidean,4,,517,381,381.0000,382,5,true,0.1371,381.0000
E7,maze,3277,25,50,30,673,0,greedy,euclidean,4,,420,381,381.0000,382,12,true,0.1036,381.0000
E7,maze,3277,25,50,30,673,0,swarm,euclidean,4,,474,381,381.0000,382,5,true,0.1177,381.0000
E7,maze,3277,25,50,30,673,0,convergent_swarm,euclidean,4,,448,381,381.0000,382,8,true,0.1122,381.0000
E7,maze,3277,25,50,30,673,0,a_star,chebyshev,4,,520,381,381.0000,382,4,true,0.1441,381.0000
E7,maze,3277,25,50,30,673,0,greedy,chebyshev,4,,421,381,381.0000,382,11,true,0.1021,381.0000
E7,maze,3277,25,50,30,673,0,swarm,chebyshev,4,,491,381,381.0000,382,5,true,0.1161,381.0000
E7,maze,3277,25,50,30,673,0,convergent_swarm,chebyshev,4,,445,381,381.0000,382,9,true,0.1067,381.0000
E7,maze,3277,25,50,30,673,0,a_star,octile,4,,515,381,381.0000,382,5,true,0.1363,381.0000
E7,maze,3277,25,50,30,673,0,greedy,octile,4,,416,381,381.0000,382,13,true,0.1028,381.0000
E7,maze,3277,25,50,30,673,0,swarm,octile,4,,473,381,381.0000,382,5,true,0.1134,381.0000
E7,maze,3277,25,50,30,673,0,convergent_swarm,octile,4,,446,381,381.0000,382,8,true,0.1085,381.0000
E7,maze,3277,25,50,30,673,0,bfs,manhattan,4,,554,381,381.0000,382,6,true,0.1045,381.0000
E7,maze,3277,25,50,30,673,0,dfs,manhattan,4,,411,381,381.0000,382,13,true,0.0908,381.0000
E7,maze,3277,25,50,30,673,0,dijkstra,manhattan,4,,553,381,381.0000,382,6,true,0.1426,381.0000
E7,maze,3277,25,50,30,673,0,zero_one_bfs,manhattan,4,,411,0,381.0000,382,13,true,0.2259,381.0000
E7,maze,4070,25,50,30,673,0,a_star,manhattan,4,,421,249,249.0000,250,9,true,0.1791,249.0000
E7,maze,4070,25,50,30,673,0,greedy,manhattan,4,,265,249,249.0000,250,11,true,0.0948,249.0000
E7,maze,4070,25,50,30,673,0,swarm,manhattan,4,,302,249,249.0000,250,9,true,0.1184,249.0000
E7,maze,4070,25,50,30,673,0,convergent_swarm,manhattan,4,,269,249,249.0000,250,9,true,0.1134,249.0000
E7,maze,4070,25,50,30,673,0,a_star,euclidean,4,,445,249,249.0000,250,10,true,0.1180,249.0000
E7,maze,4070,25,50,30,673,0,greedy,euclidean,4,,256,249,249.0000,250,13,true,0.0688,249.0000
E7,maze,4070,25,50,30,673,0,swarm,euclidean,4,,325,249,249.0000,250,9,true,0.1026,249.0000
E7,maze,4070,25,50,30,673,0,convergent_swarm,euclidean,4,,289,249,249.0000,250,9,true,0.0766,249.0000
E7,maze,4070,25,50,30,673,0,a_star,chebyshev,4,,454,249,249.0000,250,10,true,0.1147,249.0000
E7,maze,4070,25,50,30,673,0,greedy,chebyshev,4,,261,249,249.0000,250,12,true,0.0678,249.0000
E7,maze,4070,25,50,30,673,0,swarm,chebyshev,4,,346,249,249.0000,250,9,true,0.0910,249.0000
E7,maze,4070,25,50,30,673,0,convergent_swarm,chebyshev,4,,301,249,249.0000,250,9,true,0.0770,249.0000
E7,maze,4070,25,50,30,673,0,a_star,octile,4,,441,249,249.0000,250,10,true,0.1111,249.0000
E7,maze,4070,25,50,30,673,0,greedy,octile,4,,257,249,249.0000,250,12,true,0.0687,249.0000
E7,maze,4070,25,50,30,673,0,swarm,octile,4,,320,249,249.0000,250,9,true,0.0811,249.0000
E7,maze,4070,25,50,30,673,0,convergent_swarm,octile,4,,287,249,249.0000,250,9,true,0.0737,249.0000
E7,maze,4070,25,50,30,673,0,bfs,manhattan,4,,477,249,249.0000,250,5,true,0.0872,249.0000
E7,maze,4070,25,50,30,673,0,dfs,manhattan,4,,255,249,249.0000,250,13,true,0.0565,249.0000
E7,maze,4070,25,50,30,673,0,dijkstra,manhattan,4,,476,249,249.0000,250,5,true,0.1251,249.0000
E7,maze,4070,25,50,30,673,0,zero_one_bfs,manhattan,4,,255,0,249.0000,250,13,true,0.0743,249.0000
E7,maze,4165,25,50,30,673,0,a_star,manhattan,4,,448,277,277.0000,278,6,true,0.1100,277.0000
E7,maze,4165,25,50,30,673,0,greedy,manhattan,4,,373,277,277.0000,278,11,true,0.0921,277.0000
E7,maze,4165,25,50,30,673,0,swarm,manhattan,4,,430,277,277.0000,278,10,true,0.1026,277.0000
E7,maze,4165,25,50,30,673,0,convergent_swarm,manhattan,4,,428,277,277.0000,278,10,true,0.1049,277.0000
E7,maze,4165,25,50,30,673,0,a_star,euclidean,4,,464,277,277.0000,278,5,true,0.1200,277.0000
E7,maze,4165,25,50,30,673,0,greedy,euclidean,4,,331,277,277.0000,278,11,true,0.0868,277.0000
E7,maze,4165,25,50,30,673,0,swarm,euclidean,4,,439,277,277.0000,278,8,true,0.1162,277.0000
E7,maze,4165,25,50,30,673,0,convergent_swarm,euclidean,4,,428,277,277.0000,278,10,true,0.1059,277.0000
E7,maze,4165,25,50,30,673,0,a_star,chebyshev,4,,467,277,277.0000,278,5,true,0.1162,277.0000
E7,maze,4165,25,50,30,673,0,greedy,chebyshev,4,,325,277,277.0000,278,9,true,0.0821,277.0000
E7,maze,4165,25,50,30,673,0,swarm,chebyshev,4,,445,277,277.0000,278,7,true,0.1095,277.0000
E7,maze,4165,25,50,30,673,0,convergent_swarm,chebyshev,4,,435,277,277.0000,278,7,true,0.1158,277.0000
E7,maze,4165,25,50,30,673,0,a_star,octile,4,,462,277,277.0000,278,5,true,0.1156,277.0000
E7,maze,4165,25,50,30,673,0,greedy,octile,4,,333,277,277.0000,278,11,true,0.0845,277.0000
E7,maze,4165,25,50,30,673,0,swarm,octile,4,,437,277,277.0000,278,8,true,0.1079,277.0000
E7,maze,4165,25,50,30,673,0,convergent_swarm,octile,4,,429,277,277.0000,278,9,true,0.1042,277.0000
E7,maze,4165,25,50,30,673,0,bfs,manhattan,4,,491,277,277.0000,278,4,true,0.0914,277.0000
E7,maze,4165,25,50,30,673,0,dfs,manhattan,4,,297,277,277.0000,278,10,true,0.0631,277.0000
E7,maze,4165,25,50,30,673,0,dijkstra,manhattan,4,,490,277,277.0000,278,4,true,0.3975,277.0000
E7,maze,4165,25,50,30,673,0,zero_one_bfs,manhattan,4,,297,0,277.0000,278,10,true,0.1567,277.0000
E7,maze,4284,25,50,30,673,0,a_star,manhattan,4,,259,177,177.0000,178,4,true,0.0726,177.0000
E7,maze,4284,25,50,30,673,0,greedy,manhattan,4,,177,177,177.0000,178,6,true,0.0796,177.0000
E7,maze,4284,25,50,30,673,0,swarm,manhattan,4,,227,177,177.0000,178,5,true,0.1120,177.0000
E7,maze,4284,25,50,30,673,0,convergent_swarm,manhattan,4,,182,177,177.0000,178,5,true,0.0798,177.0000
E7,maze,4284,25,50,30,673,0,a_star,euclidean,4,,259,177,177.0000,178,4,true,0.1208,177.0000
E7,maze,4284,25,50,30,673,0,greedy,euclidean,4,,177,177,177.0000,178,6,true,0.0662,177.0000
E7,maze,4284,25,50,30,673,0,swarm,euclidean,4,,256,177,177.0000,178,5,true,0.1055,177.0000
E7,maze,4284,25,50,30,673,0,convergent_swarm,euclidean,4,,177,177,177.0000,178,6,true,0.0677,177.0000
E7,maze,4284,25,50,30,673,0,a_star,chebyshev,4,,259,177,177.0000,178,4,true,0.0819,177.0000
E7,maze,4284,25,50,30,673,0,greedy,chebyshev,4,,179,177,177.0000,178,6,true,0.0431,177.0000
E7,maze,4284,25,50,30,673,0,swarm,chebyshev,4,,258,177,177.0000,178,5,true,0.0677,177.0000
E7,maze,4284,25,50,30,673,0,convergent_swarm,chebyshev,4,,179,177,177.0000,178,6,true,0.0459,177.0000
E7,maze,4284,25,50,30,673,0,a_star,octile,4,,259,177,177.0000,178,4,true,0.0717,177.0000
E7,maze,4284,25,50,30,673,0,greedy,octile,4,,177,177,177.0000,178,6,true,0.0443,177.0000
E7,maze,4284,25,50,30,673,0,swarm,octile,4,,247,177,177.0000,178,4,true,0.0656,177.0000
E7,maze,4284,25,50,30,673,0,convergent_swarm,octile,4,,177,177,177.0000,178,6,true,0.0422,177.0000
E7,maze,4284,25,50,30,673,0,bfs,manhattan,4,,264,177,177.0000,178,5,true,0.9701,177.0000
E7,maze,4284,25,50,30,673,0,dfs,manhattan,4,,177,177,177.0000,178,6,true,0.0576,177.0000
E7,maze,4284,25,50,30,673,0,dijkstra,manhattan,4,,262,177,177.0000,178,5,true,0.1087,177.0000
E7,maze,4284,25,50,30,673,0,zero_one_bfs,manhattan,4,,177,0,177.0000,178,6,true,0.0549,177.0000
E7,maze,5077,25,50,30,673,0,a_star,manhattan,4,,325,237,237.0000,238,4,true,0.0867,237.0000
E7,maze,5077,25,50,30,673,0,greedy,manhattan,4,,263,237,237.0000,238,8,true,0.0712,237.0000
E7,maze,5077,25,50,30,673,0,swarm,manhattan,4,,316,237,237.0000,238,5,true,0.0806,237.0000
E7,maze,5077,25,50,30,673,0,convergent_swarm,manhattan,4,,269,237,237.0000,238,7,true,0.0696,237.0000
E7,maze,5077,25,50,30,673,0,a_star,euclidean,4,,325,237,237.0000,238,4,true,0.0857,237.0000
E7,maze,5077,25,50,30,673,0,greedy,euclidean,4,,251,237,237.0000,238,10,true,0.0677,237.0000
E7,maze,5077,25,50,30,673,0,swarm,euclidean,4,,325,237,237.0000,238,6,true,0.0860,237.0000
E7,maze,5077,25,50,30,673,0,convergent_swarm,euclidean,4,,268,237,237.0000,238,8,true,0.0725,237.0000
E7,maze,5077,25,50,30,673,0,a_star,chebyshev,4,,325,237,237.0000,238,5,true,0.0817,237.0000
E7,maze,5077,25,50,30,673,0,greedy,chebyshev,4,,254,237,237.0000,238,10,true,0.0660,237.0000
E7,maze,5077,25,50,30,673,0,swarm,chebyshev,4,,325,237,237.0000,238,4,true,0.0831,237.0000
E7,maze,5077,25,50,30,673,0,convergent_swarm,chebyshev,4,,272,237,237.0000,238,8,true,0.0809,237.0000
E7,maze,5077,25,50,30,673,0,a_star,octile,4,,325,237,237.0000,238,5,true,0.0800,237.0000
E7,maze,5077,25,50,30,673,0,greedy,octile,4,,260,237,237.0000,238,10,true,0.0666,237.0000
E7,maze,5077,25,50,30,673,0,swarm,octile,4,,325,237,237.0000,238,5,true,0.0849,237.0000
E7,maze,5077,25,50,30,673,0,convergent_swarm,octile,4,,266,237,237.0000,238,8,true,0.0696,237.0000
E7,maze,5077,25,50,30,673,0,bfs,manhattan,4,,335,237,237.0000,238,4,true,0.0635,237.0000
E7,maze,5077,25,50,30,673,0,dfs,manhattan,4,,241,237,237.0000,238,11,true,0.0487,237.0000
E7,maze,5077,25,50,30,673,0,dijkstra,manhattan,4,,334,237,237.0000,238,4,true,0.0823,237.0000
E7,maze,5077,25,50,30,673,0,zero_one_bfs,manhattan,4,,241,0,237.0000,238,11,true,0.0703,237.0000
E7,maze,5172,25,50,30,673,0,a_star,manhattan,4,,226,161,161.0000,162,7,true,0.0839,161.0000
E7,maze,5172,25,50,30,673,0,greedy,manhattan,4,,165,161,161.0000,162,10,true,0.0463,161.0000
E7,maze,5172,25,50,30,673,0,swarm,manhattan,4,,195,161,161.0000,162,9,true,0.0543,161.0000
E7,maze,5172,25,50,30,673,0,convergent_swarm,manhattan,4,,172,161,161.0000,162,10,true,0.0610,161.0000
E7,maze,5172,25,50,30,673,0,a_star,euclidean,4,,232,161,161.0000,162,7,true,0.0673,161.0000
E7,maze,5172,25,50,30,673,0,greedy,euclidean,4,,162,161,161.0000,162,10,true,0.0454,161.0000
E7,maze,5172,25,50,30,673,0,swarm,euclidean,4,,201,161,161.0000,162,8,true,0.0570,161.0000
E7,maze,5172,25,50,30,673,0,convergent_swarm,euclidean,4,,165,161,161.0000,162,10,true,0.0625,161.0000
E7,maze,5172,25,50,30,673,0,a_star,chebyshev,4,,235,161,161.0000,162,6,true,0.0619,161.0000
E7,maze,5172,25,50,30,673,0,greedy,chebyshev,4,,167,161,161.0000,162,8,true,0.0450,161.0000
E7,maze,5172,25,50,30,673,0,swarm,chebyshev,4,,202,161,161.0000,162,7,true,0.0726,161.0000
E7,maze,5172,25,50,30,673,0,convergent_swarm,chebyshev,4,,167,161,161.0000,162,8,true,0.0581,161.0000
E7,maze,5172,25,50,30,673,0,a_star,octile,4,,230,161,161.0000,162,7,true,0.0598,161.0000
E7,maze,5172,25,50,30,673,0,greedy,octile,4,,161,161,161.0000,162,10,true,0.0577,161.0000
E7,maze,5172,25,50,30,673,0,swarm,octile,4,,198,161,161.0000,162,8,true,0.0688,161.0000
E7,maze,5172,25,50,30,673,0,convergent_swarm,octile,4,,166,161,161.0000,162,10,true,0.0987,161.0000
E7,maze,5172,25,50,30,673,0,bfs,manhattan,4,,299,161,161.0000,162,5,true,0.1405,161.0000
E7,maze,5172,25,50,30,673,0,dfs,manhattan,4,,165,161,161.0000,162,8,true,0.0909,161.0000
E7,maze,5172,25,50,30,673,0,dijkstra,manhattan,4,,299,161,161.0000,162,4,true,0.1114,161.0000
E7,maze,5172,25,50,30,673,0,zero_one_bfs,manhattan,4,,165,0,161.0000,162,8,true,0.0873,161.0000
E7,maze,5291,25,50,30,673,0,a_star,manhattan,4,,464,317,317.0000,318,5,true,0.1307,317.0000
E7,maze,5291,25,50,30,673,0,greedy,manhattan,4,,363,317,317.0000,318,14,true,0.0923,317.0000
E7,maze,5291,25,50,30,673,0,swarm,manhattan,4,,445,317,317.0000,318,5,true,0.1087,317.0000
E7,maze,5291,25,50,30,673,0,convergent_swarm,manhattan,4,,406,317,317.0000,318,9,true,0.1004,317.0000
E7,maze,5291,25,50,30,673,0,a_star,euclidean,4,,477,317,317.0000,318,5,true,0.1297,317.0000
E7,maze,5291,25,50,30,673,0,greedy,euclidean,4,,355,317,317.0000,318,12,true,0.0920,317.0000
E7,maze,5291,25,50,30,673,0,swarm,euclidean,4,,452,317,317.0000,318,5,true,0.1323,317.0000
E7,maze,5291,25,50,30,673,0,convergent_swarm,euclidean,4,,409,317,317.0000,318,8,true,0.1105,317.0000
E7,maze,5291,25,50,30,673,0,a_star,chebyshev,4,,481,317,317.0000,318,5,true,0.1341,317.0000
E7,maze,5291,25,50,30,673,0,greedy,chebyshev,4,,359,317,317.0000,318,12,true,0.0908,317.0000
E7,maze,5291,25,50,30,673,0,swarm,chebyshev,4,,463,317,317.0000,318,6,true,0.1121,317.0000
E7,maze,5291,25,50,30,673,0,convergent_swarm,chebyshev,4,,418,317,317.0000,318,8,true,0.1046,317.0000
E7,maze,5291,25,50,30,673,0,a_star,octile,4,,476,317,317.0000,318,5,true,0.1235,317.0000
E7,maze,5291,25,50,30,673,0,greedy,octile,4,,357,317,317.0000,318,11,true,0.0896,317.0000
E7,maze,5291,25,50,30,673,0,swarm,octile,4,,451,317,317.0000,318,5,true,0.1118,317.0000
E7,maze,5291,25,50,30,673,0,convergent_swarm,octile,4,,407,317,317.0000,318,8,true,0.1030,317.0000
E7,maze,5291,25,50,30,673,0,bfs,manhattan,4,,523,317,317.0000,318,5,true,0.1077,317.0000
E7,maze,5291,25,50,30,673,0,dfs,manhattan,4,,373,317,317.0000,318,12,true,0.0780,317.0000
E7,maze,5291,25,50,30,673,0,dijkstra,manhattan,4,,522,317,317.0000,318,5,true,0.1398,317.0000
E7,maze,5291,25,50,30,673,0,zero_one_bfs,manhattan,4,,373,0,317.0000,318,12,true,0.1115,317.0000
E7,weighted,42,25,50,30,0,427,a_star,manhattan,4,,151,38,38.0000,32,95,true,0.0753,38.0000
E7,weighted,42,25,50,30,0,427,greedy,manhattan,4,,25,59,59.0000,26,52,true,0.0132,38.0000
E7,weighted,42,25,50,30,0,427,swarm,manhattan,4,,39,38,38.0000,32,58,true,0.0239,38.0000
E7,weighted,42,25,50,30,0,427,convergent_swarm,manhattan,4,,25,59,59.0000,26,52,true,0.0135,38.0000
E7,weighted,42,25,50,30,0,427,a_star,euclidean,4,,242,38,38.0000,32,123,true,0.1185,38.0000
E7,weighted,42,25,50,30,0,427,greedy,euclidean,4,,25,59,59.0000,26,52,true,0.0143,38.0000
E7,weighted,42,25,50,30,0,427,swarm,euclidean,4,,43,38,38.0000,32,55,true,0.0221,38.0000
E7,weighted,42,25,50,30,0,427,convergent_swarm,euclidean,4,,30,44,44.0000,30,54,true,0.0232,38.0000
E7,weighted,42,25,50,30,0,427,a_star,chebyshev,4,,294,38,38.0000,32,146,true,0.3528,38.0000
E7,weighted,42,25,50,30,0,427,greedy,chebyshev,4,,25,59,59.0000,26,52,true,0.0505,38.0000
E7,weighted,42,25,50,30,0,427,swarm,chebyshev,4,,44,38,38.0000,32,56,true,0.0352,38.0000
E7,weighted,42,25,50,30,0,427,convergent_swarm,chebyshev,4,,29,57,57.0000,30,53,true,0.0218,38.0000
E7,weighted,42,25,50,30,0,427,a_star,octile,4,,210,38,38.0000,32,114,true,0.1461,38.0000
E7,weighted,42,25,50,30,0,427,greedy,octile,4,,25,59,59.0000,26,52,true,0.0218,38.0000
E7,weighted,42,25,50,30,0,427,swarm,octile,4,,43,38,38.0000,32,55,true,0.0360,38.0000
E7,weighted,42,25,50,30,0,427,convergent_swarm,octile,4,,27,48,48.0000,28,53,true,0.0243,38.0000
E7,weighted,42,25,50,30,0,427,bfs,manhattan,4,,793,25,59.0000,26,50,true,0.3320,38.0000
E7,weighted,42,25,50,30,0,427,dfs,manhattan,4,,25,25,59.0000,26,52,true,0.0125,38.0000
E7,weighted,42,25,50,30,0,427,dijkstra,manhattan,4,,842,38,38.0000,32,111,true,0.5511,38.0000
E7,weighted,42,25,50,30,0,427,zero_one_bfs,manhattan,4,,351,0,103.0000,104,297,true,0.1740,38.0000
E7,weighted,137,25,50,30,0,446,a_star,manhattan,4,,149,34,34.0000,28,78,true,0.0687,34.0000
E7,weighted,137,25,50,30,0,446,greedy,manhattan,4,,25,41,41.0000,26,52,true,0.0130,34.0000
E7,weighted,137,25,50,30,0,446,swarm,manhattan,4,,32,34,34.0000,28,53,true,0.0163,34.0000
E7,weighted,137,25,50,30,0,446,convergent_swarm,manhattan,4,,25,41,41.0000,26,52,true,0.0131,34.0000
E7,weighted,137,25,50,30,0,446,a_star,euclidean,4,,228,34,34.0000,28,105,true,0.1076,34.0000
E7,weighted,137,25,50,30,0,446,greedy,euclidean,4,,25,41,41.0000,26,52,true,0.0138,34.0000
E7,weighted,137,25,50,30,0,446,swarm,euclidean,4,,42,34,34.0000,28,57,true,0.0198,34.0000
E7,weighted,137,25,50,30,0,446,convergent_swarm,euclidean,4,,30,36,36.0000,28,53,true,0.0160,34.0000
E7,weighted,137,25,50,30,0,446,a_star,chebyshev,4,,314,34,34.0000,28,126,true,0.1434,34.0000
E7,weighted,137,25,50,30,0,446,greedy,chebyshev,4,,25,41,41.0000,26,52,true,0.0134,34.0000
E7,weighted,137,25,50,30,0,446,swarm,chebyshev,4,,58,36,36.0000,30,65,true,0.0278,34.0000
E7,weighted,137,25,50,30,0,446,convergent_swarm,chebyshev,4,,32,42,42.0000,30,56,true,0.0163,34.0000
E7,weighted,137,25,50,30,0,446,a_star,octile,4,,189,34,34.0000,28,88,true,0.0878,34.0000
E7,weighted,137,25,50,30,0,446,greedy,octile,4,,25,41,41.0000,26,52,true,0.0128,34.0000
E7,weighted,137,25,50,30,0,446,swarm,octile,4,,38,34,34.0000,28,54,true,0.0183,34.0000
E7,weighted,137,25,50,30,0,446,convergent_swarm,octile,4,,25,41,41.0000,26,52,true,0.0136,34.0000
E7,weighted,137,25,50,30,0,446,bfs,manhattan,4,,793,25,41.0000,26,50,true,0.2104,34.0000
E7,weighted,137,25,50,30,0,446,dfs,manhattan,4,,25,25,41.0000,26,52,true,0.0088,34.0000
E7,weighted,137,25,50,30,0,446,dijkstra,manhattan,4,,838,34,34.0000,28,114,true,0.3591,34.0000
E7,weighted,137,25,50,30,0,446,zero_one_bfs,manhattan,4,,534,0,105.0000,106,385,true,0.2571,34.0000
E7,weighted,256,25,50,30,0,477,a_star,manhattan,4,,376,44,44.0000,38,132,true,0.1793,44.0000
E7,weighted,256,25,50,30,0,477,greedy,manhattan,4,,25,103,103.0000,26,52,true,0.0131,44.0000
E7,weighted,256,25,50,30,0,477,swarm,manhattan,4,,60,48,48.0000,36,74,true,0.0282,44.0000
E7,weighted,256,25,50,30,0,477,convergent_swarm,manhattan,4,,32,79,79.0000,30,59,true,0.0166,44.0000
E7,weighted,256,25,50,30,0,477,a_star,euclidean,4,,531,44,44.0000,38,147,true,0.2608,44.0000
E7,weighted,256,25,50,30,0,477,greedy,euclidean,4,,25,103,103.0000,26,52,true,0.0141,44.0000
E7,weighted,256,25,50,30,0,477,swarm,euclidean,4,,77,45,45.0000,38,86,true,0.0435,44.0000
E7,weighted,256,25,50,30,0,477,convergent_swarm,euclidean,4,,31,54,54.0000,32,55,true,0.0218,44.0000
E7,weighted,256,25,50,30,0,477,a_star,chebyshev,4,,600,44,44.0000,38,163,true,0.2995,44.0000
E7,weighted,256,25,50,30,0,477,greedy,chebyshev,4,,25,103,103.0000,26,52,true,0.0144,44.0000
E7,weighted,256,25,50,30,0,477,swarm,chebyshev,4,,93,45,45.0000,38,95,true,0.0442,44.0000
E7,weighted,256,25,50,30,0,477,convergent_swarm,chebyshev,4,,32,55,55.0000,32,55,true,0.0178,44.0000
E7,weighted,256,25,50,30,0,477,a_star,octile,4,,496,44,44.0000,38,154,true,0.2371,44.0000
E7,weighted,256,25,50,30,0,477,greedy,octile,4,,25,103,103.0000,26,52,true,0.0137,44.0000
E7,weighted,256,25,50,30,0,477,swarm,octile,4,,64,45,45.0000,38,78,true,0.0323,44.0000
E7,weighted,256,25,50,30,0,477,convergent_swarm,octile,4,,34,63,63.0000,32,58,true,0.0175,44.0000
E7,weighted,256,25,50,30,0,477,bfs,manhattan,4,,793,25,103.0000,26,50,true,0.2125,44.0000
E7,weighted,256,25,50,30,0,477,dfs,manhattan,4,,25,25,103.0000,26,52,true,0.0094,44.0000
E7,weighted,256,25,50,30,0,477,dijkstra,manhattan,4,,902,44,44.0000,38,118,true,0.4033,44.0000
E7,weighted,256,25,50,30,0,477,zero_one_bfs,manhattan,4,,730,1,162.0000,160,339,true,0.3250,44.0000
E7,weighted,1049,25,50,30,0,476,a_star,manhattan,4,,179,38,38.0000,36,93,true,0.1972,38.0000
E7,weighted,1049,25,50,30,0,476,greedy,manhattan,4,,25,77,77.0000,26,52,true,0.0202,38.0000
E7,weighted,1049,25,50,30,0,476,swarm,manhattan,4,,57,40,40.0000,34,63,true,0.0373,38.0000
E7,weighted,1049,25,50,30,0,476,convergent_swarm,manhattan,4,,25,77,77.0000,26,52,true,0.0206,38.0000
E7,weighted,1049,25,50,30,0,476,a_star,euclidean,4,,259,38,38.0000,36,110,true,0.2071,38.0000
E7,weighted,1049,25,50,30,0,476,greedy,euclidean,4,,25,77,77.0000,26,52,true,0.0210,38.0000
E7,weighted,1049,25,50,30,0,476,swarm,euclidean,4,,48,39,39.0000,38,64,true,0.0364,38.0000
E7,weighted,1049,25,50,30,0,476,convergent_swarm,euclidean,4,,31,46,46.0000,32,56,true,0.0251,38.0000
E7,weighted,1049,25,50,30,0,476,a_star,chebyshev,4,,313,38,38.0000,36,134,true,0.1879,38.0000
E7,weighted,1049,25,50,30,0,476,greedy,chebyshev,4,,25,77,77.0000,26,52,true,0.0132,38.0000
E7,weighted,1049,25,50,30,0,476,swarm,chebyshev,4,,47,42,42.0000,38,62,true,0.0227,38.0000
E7,weighted,1049,25,50,30,0,476,convergent_swarm,chebyshev,4,,33,46,46.0000,32,57,true,0.0170,38.0000
E7,weighted,1049,25,50,30,0,476,a_star,octile,4,,223,38,38.0000,36,111,true,0.1071,38.0000
E7,weighted,1049,25,50,30,0,476,greedy,octile,4,,25,77,77.0000,26,52,true,0.0139,38.0000
E7,weighted,1049,25,50,30,0,476,swarm,octile,4,,49,40,40.0000,34,65,true,0.0245,38.0000
E7,weighted,1049,25,50,30,0,476,convergent_swarm,octile,4,,31,50,50.0000,30,54,true,0.0161,38.0000
E7,weighted,1049,25,50,30,0,476,bfs,manhattan,4,,793,25,77.0000,26,50,true,0.2273,38.0000
E7,weighted,1049,25,50,30,0,476,dfs,manhattan,4,,25,25,77.0000,26,52,true,0.0098,38.0000
E7,weighted,1049,25,50,30,0,476,dijkstra,manhattan,4,,824,38,38.0000,36,108,true,0.3897,38.0000
E7,weighted,1049,25,50,30,0,476,zero_one_bfs,manhattan,4,,64,0,41.0000,42,87,true,0.0349,38.0000
E7,weighted,1144,25,50,30,0,420,a_star,manhattan,4,,247,40,40.0000,36,127,true,0.1167,40.0000
E7,weighted,1144,25,50,30,0,420,greedy,manhattan,4,,25,66,66.0000,26,52,true,0.0136,40.0000
E7,weighted,1144,25,50,30,0,420,swarm,manhattan,4,,72,42,42.0000,32,73,true,0.0356,40.0000
E7,weighted,1144,25,50,30,0,420,convergent_swarm,manhattan,4,,25,66,66.0000,26,52,true,0.0132,40.0000
E7,weighted,1144,25,50,30,0,420,a_star,euclidean,4,,369,40,40.0000,36,147,true,0.2443,40.0000
E7,weighted,1144,25,50,30,0,420,greedy,euclidean,4,,25,66,66.0000,26,52,true,0.0134,40.0000
E7,weighted,1144,25,50,30,0,420,swarm,euclidean,4,,69,41,41.0000,36,71,true,0.0352,40.0000
E7,weighted,1144,25,50,30,0,420,convergent_swarm,euclidean,4,,34,52,52.0000,32,60,true,0.0175,40.0000
E7,weighted,1144,25,50,30,0,420,a_star,chebyshev,4,,458,40,40.0000,36,166,true,0.7715,40.0000
E7,weighted,1144,25,50,30,0,420,greedy,chebyshev,4,,25,66,66.0000,26,52,true,0.0140,40.0000
E7,weighted,1144,25,50,30,0,420,swarm,chebyshev,4,,76,41,41.0000,36,85,true,0.0383,40.0000
E7,weighted,1144,25,50,30,0,420,convergent_swarm,chebyshev,4,,35,52,52.0000,32,61,true,0.0182,40.0000
E7,weighted,1144,25,50,30,0,420,a_star,octile,4,,328,40,40.0000,36,148,true,0.1664,40.0000
E7,weighted,1144,25,50,30,0,420,greedy,octile,4,,25,66,66.0000,26,52,true,0.0135,40.0000
E7,weighted,1144,25,50,30,0,420,swarm,octile,4,,83,41,41.0000,36,78,true,0.0401,40.0000
E7,weighted,1144,25,50,30,0,420,convergent_swarm,octile,4,,27,66,66.0000,26,52,true,0.0143,40.0000
E7,weighted,1144,25,50,30,0,420,bfs,manhattan,4,,793,25,66.0000,26,50,true,0.2044,40.0000
E7,weighted,1144,25,50,30,0,420,dfs,manhattan,4,,25,25,66.0000,26,52,true,0.0105,40.0000
E7,weighted,1144,25,50,30,0,420,dijkstra,manhattan,4,,902,40,40.0000,36,111,true,0.3838,40.0000
E7,weighted,1144,25,50,30,0,420,zero_one_bfs,manhattan,4,,726,0,75.0000,76,453,true,0.3469,40.0000
E7,weighted,1263,25,50,30,0,475,a_star,manhattan,4,,104,34,34.0000,32,101,true,0.0490,34.0000
E7,weighted,1263,25,50,30,0,475,greedy,manhattan,4,,25,67,67.0000,26,52,true,0.0133,34.0000
E7,weighted,1263,25,50,30,0,475,swarm,manhattan,4,,34,35,35.0000,32,54,true,0.0168,34.0000
E7,weighted,1263,25,50,30,0,475,convergent_swarm,manhattan,4,,28,55,55.0000,28,54,true,0.0138,34.0000
E7,weighted,1263,25,50,30,0,475,a_star,euclidean,4,,164,34,34.0000,34,107,true,0.0808,34.0000
E7,weighted,1263,25,50,30,0,475,greedy,euclidean,4,,25,67,67.0000,26,52,true,0.0136,34.0000
E7,weighted,1263,25,50,30,0,475,swarm,euclidean,4,,33,35,35.0000,32,54,true,0.0184,34.0000
E7,weighted,1263,25,50,30,0,475,convergent_swarm,euclidean,4,,30,45,45.0000,30,54,true,0.0159,34.0000
E7,weighted,1263,25,50,30,0,475,a_star,chebyshev,4,,206,34,34.0000,32,120,true,0.0940,34.0000
E7,weighted,1263,25,50,30,0,475,greedy,chebyshev,4,,25,67,67.0000,26,52,true,0.0132,34.0000
E7,weighted,1263,25,50,30,0,475,swarm,chebyshev,4,,34,35,35.0000,32,54,true,0.0176,34.0000
E7,weighted,1263,25,50,30,0,475,convergent_swarm,chebyshev,4,,31,35,35.0000,32,53,true,0.0235,34.0000
E7,weighted,1263,25,50,30,0,475,a_star,octile,4,,147,34,34.0000,32,107,true,0.0667,34.0000
E7,weighted,1263,25,50,30,0,475,greedy,octile,4,,25,67,67.0000,26,52,true,0.0139,34.0000
E7,weighted,1263,25,50,30,0,475,swarm,octile,4,,33,35,35.0000,32,54,true,0.0175,34.0000
E7,weighted,1263,25,50,30,0,475,convergent_swarm,octile,4,,30,45,45.0000,30,54,true,0.0157,34.0000
E7,weighted,1263,25,50,30,0,475,bfs,manhattan,4,,793,25,67.0000,26,50,true,0.2542,34.0000
E7,weighted,1263,25,50,30,0,475,dfs,manhattan,4,,25,25,67.0000,26,52,true,0.0154,34.0000
E7,weighted,1263,25,50,30,0,475,dijkstra,manhattan,4,,846,34,34.0000,34,136,true,0.5430,34.0000
E7,weighted,1263,25,50,30,0,475,zero_one_bfs,manhattan,4,,388,0,141.0000,142,366,true,0.2053,34.0000
E7,weighted,2056,25,50,30,0,353,a_star,manhattan,4,,319,40,40.0000,36,128,true,0.2341,40.0000
E7,weighted,2056,25,50,30,0,353,greedy,manhattan,4,,25,55,55.0000,26,52,true,0.0245,40.0000
E7,weighted,2056,25,50,30,0,353,swarm,manhattan,4,,41,41,41.0000,30,56,true,0.0507,40.0000
E7,weighted,2056,25,50,30,0,353,convergent_swarm,manhattan,4,,25,55,55.0000,26,52,true,0.0148,40.0000
E7,weighted,2056,25,50,30,0,353,a_star,euclidean,4,,496,40,40.0000,34,144,true,0.3928,40.0000
E7,weighted,2056,25,50,30,0,353,greedy,euclidean,4,,25,55,55.0000,26,52,true,0.0167,40.0000
E7,weighted,2056,25,50,30,0,353,swarm,euclidean,4,,58,41,41.0000,36,69,true,0.0459,40.0000
E7,weighted,2056,25,50,30,0,353,convergent_swarm,euclidean,4,,28,43,43.0000,28,53,true,0.0271,40.0000
E7,weighted,2056,25,50,30,0,353,a_star,chebyshev,4,,562,40,40.0000,36,153,true,0.4438,40.0000
E7,weighted,2056,25,50,30,0,353,greedy,chebyshev,4,,25,55,55.0000,26,52,true,0.0134,40.0000
E7,weighted,2056,25,50,30,0,353,swarm,chebyshev,4,,85,42,42.0000,36,83,true,0.0421,40.0000
E7,weighted,2056,25,50,30,0,353,convergent_swarm,chebyshev,4,,32,45,45.0000,30,56,true,0.0172,40.0000
E7,weighted,2056,25,50,30,0,353,a_star,octile,4,,455,40,40.0000,34,141,true,0.2169,40.0000
E7,weighted,2056,25,50,30,0,353,greedy,octile,4,,25,55,55.0000,26,52,true,0.0142,40.0000
E7,weighted,2056,25,50,30,0,353,swarm,octile,4,,59,41,41.0000,36,70,true,0.0278,40.0000
E7,weighted,2056,25,50,30,0,353,convergent_swarm,octile,4,,28,43,43.0000,28,53,true,0.0152,40.0000
E7,weighted,2056,25,50,30,0,353,bfs,manhattan,4,,793,25,55.0000,26,50,true,0.2068,40.0000
E7,weighted,2056,25,50,30,0,353,dfs,manhattan,4,,25,25,55.0000,26,52,true,0.0092,40.0000
E7,weighted,2056,25,50,30,0,353,dijkstra,manhattan,4,,954,40,40.0000,34,106,true,0.4148,40.0000
E7,weighted,2056,25,50,30,0,353,zero_one_bfs,manhattan,4,,1021,1,137.0000,134,466,true,0.4796,40.0000
E7,weighted,2151,25,50,30,0,363,a_star,manhattan,4,,179,35,35.0000,30,89,true,0.0847,35.0000
E7,weighted,2151,25,50,30,0,363,greedy,manhattan,4,,25,56,56.0000,26,52,true,0.0134,35.0000
E7,weighted,2151,25,50,30,0,363,swarm,manhattan,4,,57,41,41.0000,34,59,true,0.0272,35.0000
E7,weighted,2151,25,50,30,0,363,convergent_swarm,manhattan,4,,25,56,56.0000,26,52,true,0.0148,35.0000
E7,weighted,2151,25,50,30,0,363,a_star,euclidean,4,,269,35,35.0000,34,119,true,0.1300,35.0000
E7,weighted,2151,25,50,30,0,363,greedy,euclidean,4,,25,56,56.0000,26,52,true,0.0135,35.0000
E7,weighted,2151,25,50,30,0,363,swarm,euclidean,4,,83,40,40.0000,38,84,true,0.0439,35.0000
E7,weighted,2151,25,50,30,0,363,convergent_swarm,euclidean,4,,27,46,46.0000,28,53,true,0.0147,35.0000
E7,weighted,2151,25,50,30,0,363,a_star,chebyshev,4,,321,35,35.0000,34,132,true,0.1438,35.0000
E7,weighted,2151,25,50,30,0,363,greedy,chebyshev,4,,25,56,56.0000,26,52,true,0.0130,35.0000
E7,weighted,2151,25,50,30,0,363,swarm,chebyshev,4,,92,40,40.0000,38,87,true,0.0456,35.0000
E7,weighted,2151,25,50,30,0,363,convergent_swarm,chebyshev,4,,27,46,46.0000,28,53,true,0.0142,35.0000
E7,weighted,2151,25,50,30,0,363,a_star,octile,4,,241,35,35.0000,30,112,true,0.1190,35.0000
E7,weighted,2151,25,50,30,0,363,greedy,octile,4,,25,56,56.0000,26,52,true,0.0136,35.0000
E7,weighted,2151,25,50,30,0,363,swarm,octile,4,,57,41,41.0000,34,63,true,0.0265,35.0000
E7,weighted,2151,25,50,30,0,363,convergent_swarm,octile,4,,26,56,56.0000,26,52,true,0.0137,35.0000
E7,weighted,2151,25,50,30,0,363,bfs,manhattan,4,,793,25,56.0000,26,50,true,0.2155,35.0000
E7,weighted,2151,25,50,30,0,363,dfs,manhattan,4,,25,25,56.0000,26,52,true,0.0088,35.0000
E7,weighted,2151,25,50,30,0,363,dijkstra,manhattan,4,,908,35,35.0000,30,122,true,0.3854,35.0000
E7,weighted,2151,25,50,30,0,363,zero_one_bfs,manhattan,4,,321,0,175.0000,176,304,true,0.1597,35.0000
E7,weighted,2270,25,50,30,0,329,a_star,manhattan,4,,66,30,30.0000,30,65,true,0.0303,30.0000
E7,weighted,2270,25,50,30,0,329,greedy,manhattan,4,,25,61,61.0000,26,52,true,0.0134,30.0000
E7,weighted,2270,25,50,30,0,329,swarm,manhattan,4,,33,30,30.0000,30,53,true,0.0179,30.0000
E7,weighted,2270,25,50,30,0,329,convergent_swarm,manhattan,4,,25,61,61.0000,26,52,true,0.0131,30.0000
E7,weighted,2270,25,50,30,0,329,a_star,euclidean,4,,114,30,30.0000,30,89,true,0.1316,30.0000
E7,weighted,2270,25,50,30,0,329,greedy,euclidean,4,,25,61,61.0000,26,52,true,0.0459,30.0000
E7,weighted,2270,25,50,30,0,329,swarm,euclidean,4,,29,30,30.0000,30,53,true,0.0405,30.0000
E7,weighted,2270,25,50,30,0,329,convergent_swarm,euclidean,4,,29,35,35.0000,30,53,true,0.0486,30.0000
E7,weighted,2270,25,50,30,0,329,a_star,chebyshev,4,,135,30,30.0000,30,94,true,0.1780,30.0000
E7,weighted,2270,25,50,30,0,329,greedy,chebyshev,4,,25,61,61.0000,26,52,true,0.0224,30.0000
E7,weighted,2270,25,50,30,0,329,swarm,chebyshev,4,,46,34,34.0000,34,64,true,0.0366,30.0000
E7,weighted,2270,25,50,30,0,329,convergent_swarm,chebyshev,4,,34,40,40.0000,34,57,true,0.0288,30.0000
E7,weighted,2270,25,50,30,0,329,a_star,octile,4,,91,30,30.0000,30,68,true,0.0691,30.0000
E7,weighted,2270,25,50,30,0,329,greedy,octile,4,,25,61,61.0000,26,52,true,0.0218,30.0000
E7,weighted,2270,25,50,30,0,329,swarm,octile,4,,29,30,30.0000,30,53,true,0.0244,30.0000
E7,weighted,2270,25,50,30,0,329,convergent_swarm,octile,4,,30,42,42.0000,30,54,true,0.0253,30.0000
E7,weighted,2270,25,50,30,0,329,bfs,manhattan,4,,793,25,61.0000,26,50,true,0.3332,30.0000
E7,weighted,2270,25,50,30,0,329,dfs,manhattan,4,,25,25,61.0000,26,52,true,0.0093,30.0000
E7,weighted,2270,25,50,30,0,329,dijkstra,manhattan,4,,826,30,30.0000,30,121,true,0.3716,30.0000
E7,weighted,2270,25,50,30,0,329,zero_one_bfs,manhattan,4,,335,0,201.0000,202,351,true,0.1770,30.0000
E7,weighted,3063,25,50,30,0,410,a_star,manhattan,4,,246,40,40.0000,36,115,true,0.1183,40.0000
E7,weighted,3063,25,50,30,0,410,greedy,manhattan,4,,25,79,79.0000,26,52,true,0.0136,40.0000
E7,weighted,3063,25,50,30,0,410,swarm,manhattan,4,,56,40,40.0000,36,68,true,0.0273,40.0000
E7,weighted,3063,25,50,30,0,410,convergent_swarm,manhattan,4,,31,69,69.0000,28,56,true,0.0158,40.0000
E7,weighted,3063,25,50,30,0,410,a_star,euclidean,4,,412,40,40.0000,36,156,true,0.2134,40.0000
E7,weighted,3063,25,50,30,0,410,greedy,euclidean,4,,25,79,79.0000,26,52,true,0.0137,40.0000
E7,weighted,3063,25,50,30,0,410,swarm,euclidean,4,,48,40,40.0000,36,67,true,0.0245,40.0000
E7,weighted,3063,25,50,30,0,410,convergent_swarm,euclidean,4,,31,54,54.0000,32,54,true,0.0174,40.0000
E7,weighted,3063,25,50,30,0,410,a_star,chebyshev,4,,495,40,40.0000,36,171,true,0.2335,40.0000
E7,weighted,3063,25,50,30,0,410,greedy,chebyshev,4,,25,79,79.0000,26,52,true,0.0146,40.0000
E7,weighted,3063,25,50,30,0,410,swarm,chebyshev,4,,58,40,40.0000,36,70,true,0.0280,40.0000
E7,weighted,3063,25,50,30,0,410,convergent_swarm,chebyshev,4,,34,51,51.0000,34,55,true,0.0169,40.0000
E7,weighted,3063,25,50,30,0,410,a_star,octile,4,,375,40,40.0000,36,155,true,0.1836,40.0000
E7,weighted,3063,25,50,30,0,410,greedy,octile,4,,25,79,79.0000,26,52,true,0.0134,40.0000
E7,weighted,3063,25,50,30,0,410,swarm,octile,4,,48,40,40.0000,36,67,true,0.0233,40.0000
E7,weighted,3063,25,50,30,0,410,convergent_swarm,octile,4,,30,59,59.0000,30,54,true,0.0158,40.0000
E7,weighted,3063,25,50,30,0,410,bfs,manhattan,4,,793,25,79.0000,26,50,true,0.2078,40.0000
E7,weighted,3063,25,50,30,0,410,dfs,manhattan,4,,25,25,79.0000,26,52,true,0.0089,40.0000
E7,weighted,3063,25,50,30,0,410,dijkstra,manhattan,4,,908,40,40.0000,36,107,true,0.3990,40.0000
E7,weighted,3063,25,50,30,0,410,zero_one_bfs,manhattan,4,,200,0,75.0000,76,174,true,0.0968,40.0000
E7,weighted,3158,25,50,30,0,369,a_star,manhattan,4,,147,33,33.0000,34,94,true,0.0692,33.0000
E7,weighted,3158,25,50,30,0,369,greedy,manhattan,4,,25,49,49.0000,26,52,true,0.0131,33.0000
E7,weighted,3158,25,50,30,0,369,swarm,manhattan,4,,39,36,36.0000,32,56,true,0.0188,33.0000
E7,weighted,3158,25,50,30,0,369,convergent_swarm,manhattan,4,,25,49,49.0000,26,52,true,0.0136,33.0000
E7,weighted,3158,25,50,30,0,369,a_star,euclidean,4,,200,33,33.0000,34,100,true,0.0931,33.0000
E7,weighted,3158,25,50,30,0,369,greedy,euclidean,4,,25,49,49.0000,26,52,true,0.0135,33.0000
E7,weighted,3158,25,50,30,0,369,swarm,euclidean,4,,37,34,34.0000,34,57,true,0.0196,33.0000
E7,weighted,3158,25,50,30,0,369,convergent_swarm,euclidean,4,,27,42,42.0000,28,52,true,0.0138,33.0000
E7,weighted,3158,25,50,30,0,369,a_star,chebyshev,4,,262,33,33.0000,34,132,true,0.1239,33.0000
E7,weighted,3158,25,50,30,0,369,greedy,chebyshev,4,,25,49,49.0000,26,52,true,0.0130,33.0000
E7,weighted,3158,25,50,30,0,369,swarm,chebyshev,4,,38,34,34.0000,34,57,true,0.0194,33.0000
E7,weighted,3158,25,50,30,0,369,convergent_swarm,chebyshev,4,,30,37,37.0000,30,57,true,0.0148,33.0000
E7,weighted,3158,25,50,30,0,369,a_star,octile,4,,173,33,33.0000,34,97,true,0.1163,33.0000
E7,weighted,3158,25,50,30,0,369,greedy,octile,4,,25,49,49.0000,26,52,true,0.0138,33.0000
E7,weighted,3158,25,50,30,0,369,swarm,octile,4,,37,34,34.0000,34,56,true,0.0211,33.0000
E7,weighted,3158,25,50,30,0,369,convergent_swarm,octile,4,,27,42,42.0000,28,52,true,0.0140,33.0000
E7,weighted,3158,25,50,30,0,369,bfs,manhattan,4,,793,25,49.0000,26,50,true,0.2205,33.0000
E7,weighted,3158,25,50,30,0,369,dfs,manhattan,4,,25,25,49.0000,26,52,true,0.0090,33.0000
E7,weighted,3158,25,50,30,0,369,dijkstra,manhattan,4,,838,33,33.0000,32,106,true,0.3646,33.0000
E7,weighted,3158,25,50,30,0,369,zero_one_bfs,manhattan,4,,521,0,149.0000,150,437,true,0.2625,33.0000
E7,weighted,3277,25,50,30,0,445,a_star,manhattan,4,,82,31,31.0000,32,78,true,0.0403,31.0000
E7,weighted,3277,25,50,30,0,445,greedy,manhattan,4,,25,58,58.0000,26,52,true,0.0131,31.0000
E7,weighted,3277,25,50,30,0,445,swarm,manhattan,4,,33,31,31.0000,32,53,true,0.0166,31.0000
E7,weighted,3277,25,50,30,0,445,convergent_swarm,manhattan,4,,29,46,46.0000,28,55,true,0.0142,31.0000
E7,weighted,3277,25,50,30,0,445,a_star,euclidean,4,,114,31,31.0000,32,98,true,0.0551,31.0000
E7,weighted,3277,25,50,30,0,445,greedy,euclidean,4,,25,58,58.0000,26,52,true,0.0135,31.0000
E7,weighted,3277,25,50,30,0,445,swarm,euclidean,4,,32,31,31.0000,32,54,true,0.0174,31.0000
E7,weighted,3277,25,50,30,0,445,convergent_swarm,euclidean,4,,30,34,34.0000,30,54,true,0.0156,31.0000
E7,weighted,3277,25,50,30,0,445,a_star,chebyshev,4,,142,31,31.0000,32,101,true,0.0654,31.0000
E7,weighted,3277,25,50,30,0,445,greedy,chebyshev,4,,25,58,58.0000,26,52,true,0.0130,31.0000
E7,weighted,3277,25,50,30,0,445,swarm,chebyshev,4,,33,31,31.0000,32,55,true,0.0215,31.0000
E7,weighted,3277,25,50,30,0,445,convergent_swarm,chebyshev,4,,32,31,31.0000,32,54,true,0.0330,31.0000
E7,weighted,3277,25,50,30,0,445,a_star,octile,4,,90,31,31.0000,32,82,true,0.0932,31.0000
E7,weighted,3277,25,50,30,0,445,greedy,octile,4,,25,58,58.0000,26,52,true,0.0288,31.0000
E7,weighted,3277,25,50,30,0,445,swarm,octile,4,,32,31,31.0000,32,54,true,0.0712,31.0000
E7,weighted,3277,25,50,30,0,445,convergent_swarm,octile,4,,28,46,46.0000,28,53,true,0.0303,31.0000
E7,weighted,3277,25,50,30,0,445,bfs,manhattan,4,,793,25,58.0000,26,50,true,0.7534,31.0000
E7,weighted,3277,25,50,30,0,445,dfs,manhattan,4,,25,25,58.0000,26,52,true,0.0345,31.0000
E7,weighted,3277,25,50,30,0,445,dijkstra,manhattan,4,,769,31,31.0000,32,121,true,0.7104,31.0000
E7,weighted,3277,25,50,30,0,445,zero_one_bfs,manhattan,4,,33,0,31.0000,32,56,true,0.0193,31.0000
E7,weighted,4070,25,50,30,0,363,a_star,manhattan,4,,97,31,31.0000,28,69,true,0.0479,31.0000
E7,weighted,4070,25,50,30,0,363,greedy,manhattan,4,,25,40,40.0000,26,52,true,0.0130,31.0000
E7,weighted,4070,25,50,30,0,363,swarm,manhattan,4,,32,31,31.0000,28,58,true,0.0169,31.0000
E7,weighted,4070,25,50,30,0,363,convergent_swarm,manhattan,4,,25,40,40.0000,26,52,true,0.0125,31.0000
E7,weighted,4070,25,50,30,0,363,a_star,euclidean,4,,134,31,31.0000,30,79,true,0.0624,31.0000
E7,weighted,4070,25,50,30,0,363,greedy,euclidean,4,,25,40,40.0000,26,52,true,0.0140,31.0000
E7,weighted,4070,25,50,30,0,363,swarm,euclidean,4,,27,31,31.0000,28,52,true,0.0149,31.0000
E7,weighted,4070,25,50,30,0,363,convergent_swarm,euclidean,4,,27,42,42.0000,28,54,true,0.0148,31.0000
E7,weighted,4070,25,50,30,0,363,a_star,chebyshev,4,,156,31,31.0000,30,94,true,0.0696,31.0000
E7,weighted,4070,25,50,30,0,363,greedy,chebyshev,4,,25,40,40.0000,26,52,true,0.0131,31.0000
E7,weighted,4070,25,50,30,0,363,swarm,chebyshev,4,,33,33,33.0000,32,54,true,0.0174,31.0000
E7,weighted,4070,25,50,30,0,363,convergent_swarm,chebyshev,4,,27,42,42.0000,28,54,true,0.0135,31.0000
E7,weighted,4070,25,50,30,0,363,a_star,octile,4,,115,31,31.0000,30,71,true,0.0512,31.0000
E7,weighted,4070,25,50,30,0,363,greedy,octile,4,,25,40,40.0000,26,52,true,0.0131,31.0000
E7,weighted,4070,25,50,30,0,363,swarm,octile,4,,27,31,31.0000,28,52,true,0.0141,31.0000
E7,weighted,4070,25,50,30,0,363,convergent_swarm,octile,4,,25,40,40.0000,26,52,true,0.0132,31.0000
E7,weighted,4070,25,50,30,0,363,bfs,manhattan,4,,793,25,40.0000,26,50,true,0.2341,31.0000
E7,weighted,4070,25,50,30,0,363,dfs,manhattan,4,,25,25,40.0000,26,52,true,0.0091,31.0000
E7,weighted,4070,25,50,30,0,363,dijkstra,manhattan,4,,801,31,31.0000,30,110,true,0.9915,31.0000
E7,weighted,4070,25,50,30,0,363,zero_one_bfs,manhattan,4,,41,0,39.0000,40,66,true,0.0412,31.0000
E7,weighted,4165,25,50,30,0,482,a_star,manhattan,4,,211,40,40.0000,34,106,true,0.1033,40.0000
E7,weighted,4165,25,50,30,0,482,greedy,manhattan,4,,25,72,72.0000,26,52,true,0.0129,40.0000
E7,weighted,4165,25,50,30,0,482,swarm,manhattan,4,,68,41,41.0000,32,68,true,0.0347,40.0000
E7,weighted,4165,25,50,30,0,482,convergent_swarm,manhattan,4,,25,72,72.0000,26,52,true,0.0134,40.0000
E7,weighted,4165,25,50,30,0,482,a_star,euclidean,4,,338,40,40.0000,34,147,true,0.1645,40.0000
E7,weighted,4165,25,50,30,0,482,greedy,euclidean,4,,25,72,72.0000,26,52,true,0.0138,40.0000
E7,weighted,4165,25,50,30,0,482,swarm,euclidean,4,,62,40,40.0000,34,72,true,0.0321,40.0000
E7,weighted,4165,25,50,30,0,482,convergent_swarm,euclidean,4,,33,43,43.0000,30,59,true,0.0173,40.0000
E7,weighted,4165,25,50,30,0,482,a_star,chebyshev,4,,424,40,40.0000,34,152,true,0.2025,40.0000
E7,weighted,4165,25,50,30,0,482,greedy,chebyshev,4,,25,72,72.0000,26,52,true,0.0137,40.0000
E7,weighted,4165,25,50,30,0,482,swarm,chebyshev,4,,74,44,44.0000,38,80,true,0.0401,40.0000
E7,weighted,4165,25,50,30,0,482,convergent_swarm,chebyshev,4,,33,43,43.0000,30,58,true,0.0171,40.0000
E7,weighted,4165,25,50,30,0,482,a_star,octile,4,,301,40,40.0000,34,143,true,0.1391,40.0000
E7,weighted,4165,25,50,30,0,482,greedy,octile,4,,25,72,72.0000,26,52,true,0.0140,40.0000
E7,weighted,4165,25,50,30,0,482,swarm,octile,4,,62,40,40.0000,34,72,true,0.0316,40.0000
E7,weighted,4165,25,50,30,0,482,convergent_swarm,octile,4,,28,62,62.0000,28,54,true,0.0144,40.0000
E7,weighted,4165,25,50,30,0,482,bfs,manhattan,4,,793,25,72.0000,26,50,true,0.2092,40.0000
E7,weighted,4165,25,50,30,0,482,dfs,manhattan,4,,25,25,72.0000,26,52,true,0.0094,40.0000
E7,weighted,4165,25,50,30,0,482,dijkstra,manhattan,4,,884,40,40.0000,34,121,true,0.3747,40.0000
E7,weighted,4165,25,50,30,0,482,zero_one_bfs,manhattan,4,,651,1,49.0000,44,337,true,0.3009,40.0000
E7,weighted,4284,25,50,30,0,462,a_star,manhattan,4,,121,35,35.0000,30,86,true,0.0568,35.0000
E7,weighted,4284,25,50,30,0,462,greedy,manhattan,4,,25,58,58.0000,26,52,true,0.0138,35.0000
E7,weighted,4284,25,50,30,0,462,swarm,manhattan,4,,33,35,35.0000,30,53,true,0.0164,35.0000
E7,weighted,4284,25,50,30,0,462,convergent_swarm,manhattan,4,,25,58,58.0000,26,52,true,0.0138,35.0000
E7,weighted,4284,25,50,30,0,462,a_star,euclidean,4,,181,35,35.0000,32,103,true,0.0880,35.0000
E7,weighted,4284,25,50,30,0,462,greedy,euclidean,4,,25,58,58.0000,26,52,true,0.0134,35.0000
E7,weighted,4284,25,50,30,0,462,swarm,euclidean,4,,33,35,35.0000,30,55,true,0.0186,35.0000
E7,weighted,4284,25,50,30,0,462,convergent_swarm,euclidean,4,,30,35,35.0000,30,55,true,0.0151,35.0000
E7,weighted,4284,25,50,30,0,462,a_star,chebyshev,4,,234,35,35.0000,32,141,true,0.2895,35.0000
E7,weighted,4284,25,50,30,0,462,greedy,chebyshev,4,,25,58,58.0000,26,52,true,0.0346,35.0000
E7,weighted,4284,25,50,30,0,462,swarm,chebyshev,4,,37,35,35.0000,32,55,true,0.0450,35.0000
E7,weighted,4284,25,50,30,0,462,convergent_swarm,chebyshev,4,,29,40,40.0000,30,53,true,0.0370,35.0000
E7,weighted,4284,25,50,30,0,462,a_star,octile,4,,158,35,35.0000,32,101,true,0.1699,35.0000
E7,weighted,4284,25,50,30,0,462,greedy,octile,4,,25,58,58.0000,26,52,true,0.0227,35.0000
E7,weighted,4284,25,50,30,0,462,swarm,octile,4,,31,35,35.0000,30,53,true,0.0277,35.0000
E7,weighted,4284,25,50,30,0,462,convergent_swarm,octile,4,,27,43,43.0000,28,52,true,0.0231,35.0000
E7,weighted,4284,25,50,30,0,462,bfs,manhattan,4,,793,25,58.0000,26,50,true,0.3370,35.0000
E7,weighted,4284,25,50,30,0,462,dfs,manhattan,4,,25,25,58.0000,26,52,true,0.0094,35.0000
E7,weighted,4284,25,50,30,0,462,dijkstra,manhattan,4,,817,35,35.0000,32,107,true,0.3820,35.0000
E7,weighted,4284,25,50,30,0,462,zero_one_bfs,manhattan,4,,556,0,77.0000,78,382,true,0.2628,35.0000
E7,weighted,5077,25,50,30,0,350,a_star,manhattan,4,,94,32,32.0000,32,69,true,0.0461,32.0000
E7,weighted,5077,25,50,30,0,350,greedy,manhattan,4,,25,44,44.0000,26,52,true,0.0130,32.0000
E7,weighted,5077,25,50,30,0,350,swarm,manhattan,4,,30,33,33.0000,30,52,true,0.0158,32.0000
E7,weighted,5077,25,50,30,0,350,convergent_swarm,manhattan,4,,25,44,44.0000,26,52,true,0.0129,32.0000
E7,weighted,5077,25,50,30,0,350,a_star,euclidean,4,,157,32,32.0000,32,99,true,0.0735,32.0000
E7,weighted,5077,25,50,30,0,350,greedy,euclidean,4,,25,44,44.0000,26,52,true,0.0132,32.0000
E7,weighted,5077,25,50,30,0,350,swarm,euclidean,4,,29,33,33.0000,30,52,true,0.0154,32.0000
E7,weighted,5077,25,50,30,0,350,convergent_swarm,euclidean,4,,27,39,39.0000,28,53,true,0.0142,32.0000
E7,weighted,5077,25,50,30,0,350,a_star,chebyshev,4,,223,32,32.0000,32,131,true,0.1047,32.0000
E7,weighted,5077,25,50,30,0,350,greedy,chebyshev,4,,25,44,44.0000,26,52,true,0.0136,32.0000
E7,weighted,5077,25,50,30,0,350,swarm,chebyshev,4,,34,32,32.0000,32,56,true,0.0183,32.0000
E7,weighted,5077,25,50,30,0,350,convergent_swarm,chebyshev,4,,27,39,39.0000,28,53,true,0.0151,32.0000
E7,weighted,5077,25,50,30,0,350,a_star,octile,4,,127,32,32.0000,32,76,true,0.0612,32.0000
E7,weighted,5077,25,50,30,0,350,greedy,octile,4,,25,44,44.0000,26,52,true,0.0136,32.0000
E7,weighted,5077,25,50,30,0,350,swarm,octile,4,,29,33,33.0000,30,52,true,0.0150,32.0000
E7,weighted,5077,25,50,30,0,350,convergent_swarm,octile,4,,25,44,44.0000,26,52,true,0.0153,32.0000
E7,weighted,5077,25,50,30,0,350,bfs,manhattan,4,,793,25,44.0000,26,50,true,0.2166,32.0000
E7,weighted,5077,25,50,30,0,350,dfs,manhattan,4,,25,25,44.0000,26,52,true,0.0091,32.0000
E7,weighted,5077,25,50,30,0,350,dijkstra,manhattan,4,,858,32,32.0000,30,109,true,0.3664,32.0000
E7,weighted,5077,25,50,30,0,350,zero_one_bfs,manhattan,4,,727,0,101.0000,102,448,true,0.3594,32.0000
E7,weighted,5172,25,50,30,0,442,a_star,manhattan,4,,148,36,36.0000,36,95,true,0.0820,36.0000
E7,weighted,5172,25,50,30,0,442,greedy,manhattan,4,,25,69,69.0000,26,52,true,0.0136,36.0000
E7,weighted,5172,25,50,30,0,442,swarm,manhattan,4,,71,39,39.0000,34,70,true,0.0381,36.0000
E7,weighted,5172,25,50,30,0,442,convergent_swarm,manhattan,4,,28,63,63.0000,28,54,true,0.0157,36.0000
E7,weighted,5172,25,50,30,0,442,a_star,euclidean,4,,250,36,36.0000,36,136,true,0.1300,36.0000
E7,weighted,5172,25,50,30,0,442,greedy,euclidean,4,,25,69,69.0000,26,52,true,0.0145,36.0000
E7,weighted,5172,25,50,30,0,442,swarm,euclidean,4,,43,39,39.0000,34,60,true,0.0227,36.0000
E7,weighted,5172,25,50,30,0,442,convergent_swarm,euclidean,4,,31,66,66.0000,30,55,true,0.0195,36.0000
E7,weighted,5172,25,50,30,0,442,a_star,chebyshev,4,,327,36,36.0000,36,165,true,0.1689,36.0000
E7,weighted,5172,25,50,30,0,442,greedy,chebyshev,4,,25,69,69.0000,26,52,true,0.0170,36.0000
E7,weighted,5172,25,50,30,0,442,swarm,chebyshev,4,,52,39,39.0000,34,67,true,0.0293,36.0000
E7,weighted,5172,25,50,30,0,442,convergent_swarm,chebyshev,4,,32,66,66.0000,30,57,true,0.0177,36.0000
E7,weighted,5172,25,50,30,0,442,a_star,octile,4,,201,36,36.0000,36,118,true,0.1174,36.0000
E7,weighted,5172,25,50,30,0,442,greedy,octile,4,,25,69,69.0000,26,52,true,0.0140,36.0000
E7,weighted,5172,25,50,30,0,442,swarm,octile,4,,46,39,39.0000,34,61,true,0.0258,36.0000
E7,weighted,5172,25,50,30,0,442,convergent_swarm,octile,4,,27,63,63.0000,28,52,true,0.0176,36.0000
E7,weighted,5172,25,50,30,0,442,bfs,manhattan,4,,793,25,69.0000,26,50,true,0.4385,36.0000
E7,weighted,5172,25,50,30,0,442,dfs,manhattan,4,,25,25,69.0000,26,52,true,0.0092,36.0000
E7,weighted,5172,25,50,30,0,442,dijkstra,manhattan,4,,830,36,36.0000,36,111,true,0.3812,36.0000
E7,weighted,5172,25,50,30,0,442,zero_one_bfs,manhattan,4,,471,1,43.0000,36,258,true,0.2227,36.0000
E7,weighted,5291,25,50,30,0,344,a_star,manhattan,4,,127,34,34.0000,32,83,true,0.0575,34.0000
E7,weighted,5291,25,50,30,0,344,greedy,manhattan,4,,25,60,60.0000,26,52,true,0.0128,34.0000
E7,weighted,5291,25,50,30,0,344,swarm,manhattan,4,,41,41,41.0000,30,57,true,0.0194,34.0000
E7,weighted,5291,25,50,30,0,344,convergent_swarm,manhattan,4,,25,60,60.0000,26,52,true,0.0127,34.0000
E7,weighted,5291,25,50,30,0,344,a_star,euclidean,4,,173,34,34.0000,32,97,true,0.0824,34.0000
E7,weighted,5291,25,50,30,0,344,greedy,euclidean,4,,25,60,60.0000,26,52,true,0.0132,34.0000
E7,weighted,5291,25,50,30,0,344,swarm,euclidean,4,,39,34,34.0000,32,54,true,0.0646,34.0000
E7,weighted,5291,25,50,30,0,344,convergent_swarm,euclidean,4,,29,36,36.0000,30,52,true,0.0300,34.0000
E7,weighted,5291,25,50,30,0,344,a_star,chebyshev,4,,221,34,34.0000,32,122,true,0.2138,34.0000
E7,weighted,5291,25,50,30,0,344,greedy,chebyshev,4,,25,60,60.0000,26,52,true,0.0200,34.0000
E7,weighted,5291,25,50,30,0,344,swarm,chebyshev,4,,43,34,34.0000,32,58,true,0.0365,34.0000
E7,weighted,5291,25,50,30,0,344,convergent_swarm,chebyshev,4,,29,40,40.0000,30,55,true,0.0323,34.0000
E7,weighted,5291,25,50,30,0,344,a_star,octile,4,,150,34,34.0000,32,93,true,0.1817,34.0000
E7,weighted,5291,25,50,30,0,344,greedy,octile,4,,25,60,60.0000,26,52,true,0.0207,34.0000
E7,weighted,5291,25,50,30,0,344,swarm,octile,4,,39,34,34.0000,32,54,true,0.0297,34.0000
E7,weighted,5291,25,50,30,0,344,convergent_swarm,octile,4,,29,54,54.0000,28,54,true,0.0246,34.0000
E7,weighted,5291,25,50,30,0,344,bfs,manhattan,4,,793,25,60.0000,26,50,true,0.3507,34.0000
E7,weighted,5291,25,50,30,0,344,dfs,manhattan,4,,25,25,60.0000,26,52,true,0.0125,34.0000
E7,weighted,5291,25,50,30,0,344,dijkstra,manhattan,4,,845,34,34.0000,32,99,true,0.5493,34.0000
E7,weighted,5291,25,50,30,0,344,zero_one_bfs,manhattan,4,,219,0,131.0000,132,229,true,0.1322,34.0000
E7,bottleneck,42,25,50,30,159,0,a_star,manhattan,4,,158,51,51.0000,52,90,true,0.0868,51.0000
E7,bottleneck,42,25,50,30,159,0,greedy,manhattan,4,,59,55,55.0000,56,81,true,0.0300,51.0000
E7,bottleneck,42,25,50,30,159,0,swarm,manhattan,4,,62,55,55.0000,56,82,true,0.0299,51.0000
E7,bottleneck,42,25,50,30,159,0,convergent_swarm,manhattan,4,,59,55,55.0000,56,81,true,0.0268,51.0000
E7,bottleneck,42,25,50,30,159,0,a_star,euclidean,4,,212,51,51.0000,52,94,true,0.0930,51.0000
E7,bottleneck,42,25,50,30,159,0,greedy,euclidean,4,,60,53,53.0000,54,90,true,0.0309,51.0000
E7,bottleneck,42,25,50,30,159,0,swarm,euclidean,4,,58,53,53.0000,54,84,true,0.0313,51.0000
E7,bottleneck,42,25,50,30,159,0,convergent_swarm,euclidean,4,,58,53,53.0000,54,87,true,0.0272,51.0000
E7,bottleneck,42,25,50,30,159,0,a_star,chebyshev,4,,256,51,51.0000,52,101,true,0.1085,51.0000
E7,bottleneck,42,25,50,30,159,0,greedy,chebyshev,4,,75,57,57.0000,58,95,true,0.0379,51.0000
E7,bottleneck,42,25,50,30,159,0,swarm,chebyshev,4,,77,55,55.0000,56,92,true,0.0373,51.0000
E7,bottleneck,42,25,50,30,159,0,convergent_swarm,chebyshev,4,,69,55,55.0000,56,98,true,0.0337,51.0000
E7,bottleneck,42,25,50,30,159,0,a_star,octile,4,,150,51,51.0000,52,89,true,0.0651,51.0000
E7,bottleneck,42,25,50,30,159,0,greedy,octile,4,,56,53,53.0000,54,86,true,0.0288,51.0000
E7,bottleneck,42,25,50,30,159,0,swarm,octile,4,,57,53,53.0000,54,84,true,0.0283,51.0000
E7,bottleneck,42,25,50,30,159,0,convergent_swarm,octile,4,,55,53,53.0000,54,85,true,0.0262,51.0000
E7,bottleneck,42,25,50,30,159,0,bfs,manhattan,4,,956,51,51.0000,52,26,true,0.2392,51.0000
E7,bottleneck,42,25,50,30,159,0,dfs,manhattan,4,,836,99,99.0000,100,444,true,0.2664,51.0000
E7,bottleneck,42,25,50,30,159,0,dijkstra,manhattan,4,,952,51,51.0000,52,32,true,0.3494,51.0000
E7,bottleneck,42,25,50,30,159,0,zero_one_bfs,manhattan,4,,238,0,55.0000,56,152,true,0.1108,51.0000
E7,bottleneck,137,25,50,30,155,0,a_star,manhattan,4,,258,55,55.0000,56,93,true,0.1131,55.0000
E7,bottleneck,137,25,50,30,155,0,greedy,manhattan,4,,76,61,61.0000,62,90,true,0.0367,55.0000
E7,bottleneck,137,25,50,30,155,0,swarm,manhattan,4,,96,59,59.0000,60,86,true,0.0422,55.0000
E7,bottleneck,137,25,50,30,155,0,convergent_swarm,manhattan,4,,80,61,61.0000,62,86,true,0.0363,55.0000
E7,bottleneck,137,25,50,30,155,0,a_star,euclidean,4,,446,55,55.0000,56,89,true,0.1956,55.0000
E7,bottleneck,137,25,50,30,155,0,greedy,euclidean,4,,60,57,57.0000,58,89,true,0.0377,55.0000
E7,bottleneck,137,25,50,30,155,0,swarm,euclidean,4,,80,57,57.0000,58,83,true,0.0448,55.0000
E7,bottleneck,137,25,50,30,155,0,convergent_swarm,euclidean,4,,64,57,57.0000,58,91,true,0.0465,55.0000
E7,bottleneck,137,25,50,30,155,0,a_star,chebyshev,4,,520,55,55.0000,56,100,true,0.3995,55.0000
E7,bottleneck,137,25,50,30,155,0,greedy,chebyshev,4,,62,57,57.0000,58,90,true,0.0585,55.0000
E7,bottleneck,137,25,50,30,155,0,swarm,chebyshev,4,,73,57,57.0000,58,88,true,0.0704,55.0000
E7,bottleneck,137,25,50,30,155,0,convergent_swarm,chebyshev,4,,64,57,57.0000,58,90,true,0.0370,55.0000
E7,bottleneck,137,25,50,30,155,0,a_star,octile,4,,335,55,55.0000,56,99,true,0.1393,55.0000
E7,bottleneck,137,25,50,30,155,0,greedy,octile,4,,62,57,57.0000,58,88,true,0.0321,55.0000
E7,bottleneck,137,25,50,30,155,0,swarm,octile,4,,86,57,57.0000,58,83,true,0.0396,55.0000
E7,bottleneck,137,25,50,30,155,0,convergent_swarm,octile,4,,69,57,57.0000,58,91,true,0.0335,55.0000
E7,bottleneck,137,25,50,30,155,0,bfs,manhattan,4,,989,55,55.0000,56,27,true,0.2413,55.0000
E7,bottleneck,137,25,50,30,155,0,dfs,manhattan,4,,812,147,147.0000,148,497,true,0.2581,55.0000
E7,bottleneck,137,25,50,30,155,0,dijkstra,manhattan,4,,971,55,55.0000,56,34,true,0.5834,55.0000
E7,bottleneck,137,25,50,30,155,0,zero_one_bfs,manhattan,4,,355,0,155.0000,156,202,true,0.4849,55.0000
E7,bottleneck,256,25,50,30,152,0,a_star,manhattan,4,,470,63,63.0000,64,94,true,0.2060,63.0000
E7,bottleneck,256,25,50,30,152,0,greedy,manhattan,4,,115,65,65.0000,66,95,true,0.0513,63.0000
E7,bottleneck,256,25,50,30,152,0,swarm,manhattan,4,,217,65,65.0000,66,86,true,0.0927,63.0000
E7,bottleneck,256,25,50,30,152,0,convergent_swarm,manhattan,4,,141,65,65.0000,66,89,true,0.0597,63.0000
E7,bottleneck,256,25,50,30,152,0,a_star,euclidean,4,,776,63,63.0000,64,81,true,0.3194,63.0000
E7,bottleneck,256,25,50,30,152,0,greedy,euclidean,4,,84,63,63.0000,64,99,true,0.0517,63.0000
E7,bottleneck,256,25,50,30,152,0,swarm,euclidean,4,,135,63,63.0000,64,90,true,0.0624,63.0000
E7,bottleneck,256,25,50,30,152,0,convergent_swarm,euclidean,4,,88,63,63.0000,64,100,true,0.0425,63.0000
E7,bottleneck,256,25,50,30,152,0,a_star,chebyshev,4,,774,63,63.0000,64,87,true,0.4229,63.0000
E7,bottleneck,256,25,50,30,152,0,greedy,chebyshev,4,,93,63,63.0000,64,100,true,0.6018,63.0000
E7,bottleneck,256,25,50,30,152,0,swarm,chebyshev,4,,120,63,63.0000,64,101,true,0.0575,63.0000
E7,bottleneck,256,25,50,30,152,0,convergent_swarm,chebyshev,4,,82,63,63.0000,64,101,true,0.0424,63.0000
E7,bottleneck,256,25,50,30,152,0,a_star,octile,4,,713,63,63.0000,64,94,true,0.3140,63.0000
E7,bottleneck,256,25,50,30,152,0,greedy,octile,4,,84,63,63.0000,64,98,true,0.0423,63.0000
E7,bottleneck,256,25,50,30,152,0,swarm,octile,4,,151,63,63.0000,64,90,true,0.0648,63.0000
E7,bottleneck,256,25,50,30,152,0,convergent_swarm,octile,4,,100,63,63.0000,64,97,true,0.0467,63.0000
E7,bottleneck,256,25,50,30,152,0,bfs,manhattan,4,,1006,63,63.0000,64,27,true,0.2363,63.0000
E7,bottleneck,256,25,50,30,152,0,dfs,manhattan,4,,352,281,281.0000,282,324,true,0.1069,63.0000
E7,bottleneck,256,25,50,30,152,0,dijkstra,manhattan,4,,1004,63,63.0000,64,33,true,0.3651,63.0000
E7,bottleneck,256,25,50,30,152,0,zero_one_bfs,manhattan,4,,486,0,161.0000,162,217,true,0.2175,63.0000
E7,bottleneck,1049,25,50,30,146,0,a_star,manhattan,4,,446,63,63.0000,64,103,true,0.2092,63.0000
E7,bottleneck,1049,25,50,30,146,0,greedy,manhattan,4,,115,65,65.0000,66,98,true,0.0521,63.0000
E7,bottleneck,1049,25,50,30,146,0,swarm,manhattan,4,,214,63,63.0000,64,93,true,0.0934,63.0000
E7,bottleneck,1049,25,50,30,146,0,convergent_swarm,manhattan,4,,139,65,65.0000,66,92,true,0.0574,63.0000
E7,bottleneck,1049,25,50,30,146,0,a_star,euclidean,4,,761,63,63.0000,64,84,true,0.3250,63.0000
E7,bottleneck,1049,25,50,30,146,0,greedy,euclidean,4,,76,65,65.0000,66,97,true,0.0558,63.0000
E7,bottleneck,1049,25,50,30,146,0,swarm,euclidean,4,,135,63,63.0000,64,87,true,0.0787,63.0000
E7,bottleneck,1049,25,50,30,146,0,convergent_swarm,euclidean,4,,90,65,65.0000,66,96,true,0.0486,63.0000
E7,bottleneck,1049,25,50,30,146,0,a_star,chebyshev,4,,777,63,63.0000,64,85,true,0.3858,63.0000
E7,bottleneck,1049,25,50,30,146,0,greedy,chebyshev,4,,85,65,65.0000,66,95,true,0.1489,63.0000
E7,bottleneck,1049,25,50,30,146,0,swarm,chebyshev,4,,124,63,63.0000,64,105,true,0.1427,63.0000
E7,bottleneck,1049,25,50,30,146,0,convergent_swarm,chebyshev,4,,82,65,65.0000,66,98,true,0.1168,63.0000
E7,bottleneck,1049,25,50,30,146,0,a_star,octile,4,,706,63,63.0000,64,96,true,0.4983,63.0000
E7,bottleneck,1049,25,50,30,146,0,greedy,octile,4,,85,65,65.0000,66,93,true,0.0577,63.0000
E7,bottleneck,1049,25,50,30,146,0,swarm,octile,4,,153,63,63.0000,64,86,true,0.0674,63.0000
E7,bottleneck,1049,25,50,30,146,0,convergent_swarm,octile,4,,100,65,65.0000,66,94,true,0.0460,63.0000
E7,bottleneck,1049,25,50,30,146,0,bfs,manhattan,4,,1017,63,63.0000,64,29,true,0.2627,63.0000
E7,bottleneck,1049,25,50,30,146,0,dfs,manhattan,4,,809,217,217.0000,218,506,true,0.2550,63.0000
E7,bottleneck,1049,25,50,30,146,0,dijkstra,manhattan,4,,1009,63,63.0000,64,34,true,0.4247,63.0000
E7,bottleneck,1049,25,50,30,146,0,zero_one_bfs,manhattan,4,,336,0,181.0000,182,238,true,0.1554,63.0000
E7,bottleneck,1144,25,50,30,169,0,a_star,manhattan,4,,107,49,49.0000,50,116,true,0.0557,49.0000
E7,bottleneck,1144,25,50,30,169,0,greedy,manhattan,4,,51,51,51.0000,52,89,true,0.0269,49.0000
E7,bottleneck,1144,25,50,30,169,0,swarm,manhattan,4,,51,51,51.0000,52,89,true,0.0270,49.0000
E7,bottleneck,1144,25,50,30,169,0,convergent_swarm,manhattan,4,,51,51,51.0000,52,89,true,0.0245,49.0000
E7,bottleneck,1144,25,50,30,169,0,a_star,euclidean,4,,107,49,49.0000,50,96,true,0.0520,49.0000
E7,bottleneck,1144,25,50,30,169,0,greedy,euclidean,4,,49,49,49.0000,50,89,true,0.0303,49.0000
E7,bottleneck,1144,25,50,30,169,0,swarm,euclidean,4,,49,49,49.0000,50,89,true,0.0264,49.0000
E7,bottleneck,1144,25,50,30,169,0,convergent_swarm,euclidean,4,,49,49,49.0000,50,89,true,0.0280,49.0000
E7,bottleneck,1144,25,50,30,169,0,a_star,chebyshev,4,,90,49,49.0000,50,106,true,0.0433,49.0000
E7,bottleneck,1144,25,50,30,169,0,greedy,chebyshev,4,,50,49,49.0000,50,89,true,0.0275,49.0000
E7,bottleneck,1144,25,50,30,169,0,swarm,chebyshev,4,,50,49,49.0000,50,89,true,0.0263,49.0000
E7,bottleneck,1144,25,50,30,169,0,convergent_swarm,chebyshev,4,,50,49,49.0000,50,89,true,0.0247,49.0000
E7,bottleneck,1144,25,50,30,169,0,a_star,octile,4,,107,49,49.0000,50,96,true,0.0511,49.0000
E7,bottleneck,1144,25,50,30,169,0,greedy,octile,4,,49,49,49.0000,50,89,true,0.0258,49.0000
E7,bottleneck,1144,25,50,30,169,0,swarm,octile,4,,49,49,49.0000,50,89,true,0.0272,49.0000
E7,bottleneck,1144,25,50,30,169,0,convergent_swarm,octile,4,,49,49,49.0000,50,89,true,0.0242,49.0000
E7,bottleneck,1144,25,50,30,169,0,bfs,manhattan,4,,933,49,49.0000,50,29,true,0.2574,49.0000
E7,bottleneck,1144,25,50,30,169,0,dfs,manhattan,4,,510,387,387.0000,388,420,true,0.1698,49.0000
E7,bottleneck,1144,25,50,30,169,0,dijkstra,manhattan,4,,931,49,49.0000,50,35,true,0.3439,49.0000
E7,bottleneck,1144,25,50,30,169,0,zero_one_bfs,manhattan,4,,503,0,51.0000,52,202,true,0.2062,49.0000
E7,bottleneck,1263,25,50,30,173,0,a_star,manhattan,4,,478,63,63.0000,64,104,true,0.2882,63.0000
E7,bottleneck,1263,25,50,30,173,0,greedy,manhattan,4,,109,67,67.0000,68,92,true,0.0504,63.0000
E7,bottleneck,1263,25,50,30,173,0,swarm,manhattan,4,,226,63,63.0000,64,93,true,0.1000,63.0000
E7,bottleneck,1263,25,50,30,173,0,convergent_swarm,manhattan,4,,135,67,67.0000,68,91,true,0.0562,63.0000
E7,bottleneck,1263,25,50,30,173,0,a_star,euclidean,4,,758,63,63.0000,64,72,true,0.3255,63.0000
E7,bottleneck,1263,25,50,30,173,0,greedy,euclidean,4,,76,63,63.0000,64,95,true,0.0400,63.0000
E7,bottleneck,1263,25,50,30,173,0,swarm,euclidean,4,,127,63,63.0000,64,85,true,0.0606,63.0000
E7,bottleneck,1263,25,50,30,173,0,convergent_swarm,euclidean,4,,87,63,63.0000,64,96,true,0.0416,63.0000
E7,bottleneck,1263,25,50,30,173,0,a_star,chebyshev,4,,770,63,63.0000,64,80,true,0.3090,63.0000
E7,bottleneck,1263,25,50,30,173,0,greedy,chebyshev,4,,71,63,63.0000,64,97,true,0.0572,63.0000
E7,bottleneck,1263,25,50,30,173,0,swarm,chebyshev,4,,114,63,63.0000,64,92,true,0.0806,63.0000
E7,bottleneck,1263,25,50,30,173,0,convergent_swarm,chebyshev,4,,77,63,63.0000,64,97,true,0.0397,63.0000
E7,bottleneck,1263,25,50,30,173,0,a_star,octile,4,,693,63,63.0000,64,85,true,0.3208,63.0000
E7,bottleneck,1263,25,50,30,173,0,greedy,octile,4,,84,63,63.0000,64,96,true,0.0480,63.0000
E7,bottleneck,1263,25,50,30,173,0,swarm,octile,4,,146,63,63.0000,64,85,true,0.0892,63.0000
E7,bottleneck,1263,25,50,30,173,0,convergent_swarm,octile,4,,97,63,63.0000,64,89,true,0.0681,63.0000
E7,bottleneck,1263,25,50,30,173,0,bfs,manhattan,4,,992,63,63.0000,64,29,true,0.3464,63.0000
E7,bottleneck,1263,25,50,30,173,0,dfs,manhattan,4,,272,221,221.0000,222,285,true,0.0873,63.0000
E7,bottleneck,1263,25,50,30,173,0,dijkstra,manhattan,4,,991,63,63.0000,64,35,true,0.3595,63.0000
E7,bottleneck,1263,25,50,30,173,0,zero_one_bfs,manhattan,4,,261,0,239.0000,240,287,true,0.1518,63.0000
E7,bottleneck,2056,25,50,30,172,0,a_star,manhattan,4,,301,57,57.0000,58,94,true,0.1245,57.0000
E7,bottleneck,2056,25,50,30,172,0,greedy,manhattan,4,,92,63,63.0000,64,88,true,0.0430,57.0000
E7,bottleneck,2056,25,50,30,172,0,swarm,manhattan,4,,105,61,61.0000,62,87,true,0.0460,57.0000
E7,bottleneck,2056,25,50,30,172,0,convergent_swarm,manhattan,4,,95,63,63.0000,64,88,true,0.0392,57.0000
E7,bottleneck,2056,25,50,30,172,0,a_star,euclidean,4,,521,57,57.0000,58,87,true,0.2224,57.0000
E7,bottleneck,2056,25,50,30,172,0,greedy,euclidean,4,,85,57,57.0000,58,90,true,0.0402,57.0000
E7,bottleneck,2056,25,50,30,172,0,swarm,euclidean,4,,75,57,57.0000,58,82,true,0.0357,57.0000
E7,bottleneck,2056,25,50,30,172,0,convergent_swarm,euclidean,4,,76,57,57.0000,58,90,true,0.0349,57.0000
E7,bottleneck,2056,25,50,30,172,0,a_star,chebyshev,4,,622,57,57.0000,58,97,true,0.2572,57.0000
E7,bottleneck,2056,25,50,30,172,0,greedy,chebyshev,4,,90,59,59.0000,60,92,true,0.0403,57.0000
E7,bottleneck,2056,25,50,30,172,0,swarm,chebyshev,4,,77,59,59.0000,60,85,true,0.0359,57.0000
E7,bottleneck,2056,25,50,30,172,0,convergent_swarm,chebyshev,4,,78,59,59.0000,60,94,true,0.0356,57.0000
E7,bottleneck,2056,25,50,30,172,0,a_star,octile,4,,449,57,57.0000,58,90,true,0.2009,57.0000
E7,bottleneck,2056,25,50,30,172,0,greedy,octile,4,,84,59,59.0000,60,86,true,0.0395,57.0000
E7,bottleneck,2056,25,50,30,172,0,swarm,octile,4,,80,57,57.0000,58,83,true,0.0362,57.0000
E7,bottleneck,2056,25,50,30,172,0,convergent_swarm,octile,4,,78,57,57.0000,58,88,true,0.0348,57.0000
E7,bottleneck,2056,25,50,30,172,0,bfs,manhattan,4,,988,57,57.0000,58,26,true,0.2318,57.0000
E7,bottleneck,2056,25,50,30,172,0,dfs,manhattan,4,,419,125,125.0000,126,228,true,0.1303,57.0000
E7,bottleneck,2056,25,50,30,172,0,dijkstra,manhattan,4,,983,57,57.0000,58,32,true,0.3628,57.0000
E7,bottleneck,2056,25,50,30,172,0,zero_one_bfs,manhattan,4,,644,0,187.0000,188,284,true,0.3211,57.0000
E7,bottleneck,2151,25,50,30,156,0,a_star,manhattan,4,,319,57,57.0000,58,97,true,0.1415,57.0000
E7,bottleneck,2151,25,50,30,156,0,greedy,manhattan,4,,83,63,63.0000,64,86,true,0.0399,57.0000
E7,bottleneck,2151,25,50,30,156,0,swarm,manhattan,4,,126,61,61.0000,62,82,true,0.0548,57.0000
E7,bottleneck,2151,25,50,30,156,0,convergent_swarm,manhattan,4,,95,63,63.0000,64,83,true,0.0418,57.0000
E7,bottleneck,2151,25,50,30,156,0,a_star,euclidean,4,,536,57,57.0000,58,88,true,0.2338,57.0000
E7,bottleneck,2151,25,50,30,156,0,greedy,euclidean,4,,75,63,63.0000,64,94,true,0.0373,57.0000
E7,bottleneck,2151,25,50,30,156,0,swarm,euclidean,4,,67,57,57.0000,58,89,true,0.0347,57.0000
E7,bottleneck,2151,25,50,30,156,0,convergent_swarm,euclidean,4,,67,57,57.0000,58,93,true,0.0341,57.0000
E7,bottleneck,2151,25,50,30,156,0,a_star,chebyshev,4,,626,57,57.0000,58,93,true,0.2826,57.0000
E7,bottleneck,2151,25,50,30,156,0,greedy,chebyshev,4,,88,59,59.0000,60,95,true,0.0413,57.0000
E7,bottleneck,2151,25,50,30,156,0,swarm,chebyshev,4,,72,59,59.0000,60,85,true,0.0383,57.0000
E7,bottleneck,2151,25,50,30,156,0,convergent_swarm,chebyshev,4,,68,59,59.0000,60,90,true,0.0322,57.0000
E7,bottleneck,2151,25,50,30,156,0,a_star,octile,4,,463,57,57.0000,58,95,true,0.1978,57.0000
E7,bottleneck,2151,25,50,30,156,0,greedy,octile,4,,75,63,63.0000,64,91,true,0.0371,57.0000
E7,bottleneck,2151,25,50,30,156,0,swarm,octile,4,,79,57,57.0000,58,89,true,0.0404,57.0000
E7,bottleneck,2151,25,50,30,156,0,convergent_swarm,octile,4,,81,61,61.0000,62,95,true,0.0391,57.0000
E7,bottleneck,2151,25,50,30,156,0,bfs,manhattan,4,,1003,57,57.0000,58,26,true,0.4113,57.0000
E7,bottleneck,2151,25,50,30,156,0,dfs,manhattan,4,,427,169,169.0000,170,216,true,0.1981,57.0000
E7,bottleneck,2151,25,50,30,156,0,dijkstra,manhattan,4,,1002,57,57.0000,58,33,true,0.5797,57.0000
E7,bottleneck,2151,25,50,30,156,0,zero_one_bfs,manhattan,4,,583,0,161.0000,162,272,true,0.3809,57.0000
E7,bottleneck,2270,25,50,30,162,0,a_star,manhattan,4,,593,67,67.0000,68,105,true,0.2636,67.0000
E7,bottleneck,2270,25,50,30,162,0,greedy,manhattan,4,,218,75,73.0000,74,101,true,0.0985,67.0000
E7,bottleneck,2270,25,50,30,162,0,swarm,manhattan,4,,361,69,69.0000,70,99,true,0.1523,67.0000
E7,bottleneck,2270,25,50,30,162,0,convergent_swarm,manhattan,4,,259,73,73.0000,74,93,true,0.1140,67.0000
E7,bottleneck,2270,25,50,30,162,0,a_star,euclidean,4,,775,67,67.0000,68,59,true,0.3148,67.0000
E7,bottleneck,2270,25,50,30,162,0,greedy,euclidean,4,,143,75,75.0000,76,99,true,0.0683,67.0000
E7,bottleneck,2270,25,50,30,162,0,swarm,euclidean,4,,262,69,69.0000,70,96,true,0.1170,67.0000
E7,bottleneck,2270,25,50,30,162,0,convergent_swarm,euclidean,4,,165,71,71.0000,72,108,true,0.0826,67.0000
E7,bottleneck,2270,25,50,30,162,0,a_star,chebyshev,4,,775,67,67.0000,68,72,true,0.3666,67.0000
E7,bottleneck,2270,25,50,30,162,0,greedy,chebyshev,4,,139,73,73.0000,74,96,true,0.0644,67.0000
E7,bottleneck,2270,25,50,30,162,0,swarm,chebyshev,4,,230,71,71.0000,72,105,true,0.1000,67.0000
E7,bottleneck,2270,25,50,30,162,0,convergent_swarm,chebyshev,4,,132,71,71.0000,72,104,true,0.0640,67.0000
E7,bottleneck,2270,25,50,30,162,0,a_star,octile,4,,773,67,67.0000,68,77,true,0.3131,67.0000
E7,bottleneck,2270,25,50,30,162,0,greedy,octile,4,,158,75,75.0000,76,99,true,0.0689,67.0000
E7,bottleneck,2270,25,50,30,162,0,swarm,octile,4,,287,69,69.0000,70,90,true,0.1201,67.0000
E7,bottleneck,2270,25,50,30,162,0,convergent_swarm,octile,4,,189,71,71.0000,72,104,true,0.0866,67.0000
E7,bottleneck,2270,25,50,30,162,0,bfs,manhattan,4,,997,67,67.0000,68,28,true,0.3288,67.0000
E7,bottleneck,2270,25,50,30,162,0,dfs,manhattan,4,,509,411,411.0000,412,480,true,0.1522,67.0000
E7,bottleneck,2270,25,50,30,162,0,dijkstra,manhattan,4,,998,67,67.0000,68,35,true,0.3583,67.0000
E7,bottleneck,2270,25,50,30,162,0,zero_one_bfs,manhattan,4,,703,0,259.0000,260,391,true,0.2923,67.0000
E7,bottleneck,3063,25,50,30,171,0,a_star,manhattan,4,,62,49,49.0000,50,88,true,0.0285,49.0000
E7,bottleneck,3063,25,50,30,171,0,greedy,manhattan,4,,49,49,49.0000,50,84,true,0.0269,49.0000
E7,bottleneck,3063,25,50,30,171,0,swarm,manhattan,4,,49,49,49.0000,50,84,true,0.0242,49.0000
E7,bottleneck,3063,25,50,30,171,0,convergent_swarm,manhattan,4,,49,49,49.0000,50,84,true,0.0250,49.0000
E7,bottleneck,3063,25,50,30,171,0,a_star,euclidean,4,,62,49,49.0000,50,85,true,0.0871,49.0000
E7,bottleneck,3063,25,50,30,171,0,greedy,euclidean,4,,49,49,49.0000,50,86,true,0.0474,49.0000
E7,bottleneck,3063,25,50,30,171,0,swarm,euclidean,4,,49,49,49.0000,50,86,true,0.0420,49.0000
E7,bottleneck,3063,25,50,30,171,0,convergent_swarm,euclidean,4,,49,49,49.0000,50,86,true,0.0713,49.0000
E7,bottleneck,3063,25,50,30,171,0,a_star,chebyshev,4,,78,49,49.0000,50,88,true,0.0607,49.0000
E7,bottleneck,3063,25,50,30,171,0,greedy,chebyshev,4,,50,49,49.0000,50,86,true,0.0406,49.0000
E7,bottleneck,3063,25,50,30,171,0,swarm,chebyshev,4,,50,49,49.0000,50,86,true,0.0391,49.0000
E7,bottleneck,3063,25,50,30,171,0,convergent_swarm,chebyshev,4,,50,49,49.0000,50,86,true,0.0388,49.0000
E7,bottleneck,3063,25,50,30,171,0,a_star,octile,4,,62,49,49.0000,50,85,true,0.0461,49.0000
E7,bottleneck,3063,25,50,30,171,0,greedy,octile,4,,49,49,49.0000,50,86,true,0.0380,49.0000
E7,bottleneck,3063,25,50,30,171,0,swarm,octile,4,,49,49,49.0000,50,86,true,0.0411,49.0000
E7,bottleneck,3063,25,50,30,171,0,convergent_swarm,octile,4,,49,49,49.0000,50,86,true,0.0354,49.0000
E7,bottleneck,3063,25,50,30,171,0,bfs,manhattan,4,,914,49,49.0000,50,26,true,0.3639,49.0000
E7,bottleneck,3063,25,50,30,171,0,dfs,manhattan,4,,282,143,143.0000,144,186,true,0.1356,49.0000
E7,bottleneck,3063,25,50,30,171,0,dijkstra,manhattan,4,,906,49,49.0000,50,33,true,0.3441,49.0000
E7,bottleneck,3063,25,50,30,171,0,zero_one_bfs,manhattan,4,,525,0,53.0000,54,162,true,0.2162,49.0000
E7,bottleneck,3158,25,50,30,144,0,a_star,manhattan,4,,304,57,57.0000,58,98,true,0.1394,57.0000
E7,bottleneck,3158,25,50,30,144,0,greedy,manhattan,4,,75,61,61.0000,62,92,true,0.0409,57.0000
E7,bottleneck,3158,25,50,30,144,0,swarm,manhattan,4,,119,61,61.0000,62,87,true,0.0505,57.0000
E7,bottleneck,3158,25,50,30,144,0,convergent_swarm,manhattan,4,,84,61,61.0000,62,87,true,0.0366,57.0000
E7,bottleneck,3158,25,50,30,144,0,a_star,euclidean,4,,550,57,57.0000,58,96,true,0.2363,57.0000
E7,bottleneck,3158,25,50,30,144,0,greedy,euclidean,4,,61,59,59.0000,60,93,true,0.0316,57.0000
E7,bottleneck,3158,25,50,30,144,0,swarm,euclidean,4,,74,57,57.0000,58,91,true,0.0372,57.0000
E7,bottleneck,3158,25,50,30,144,0,convergent_swarm,euclidean,4,,65,59,59.0000,60,94,true,0.0309,57.0000
E7,bottleneck,3158,25,50,30,144,0,a_star,chebyshev,4,,642,57,57.0000,58,98,true,0.2661,57.0000
E7,bottleneck,3158,25,50,30,144,0,greedy,chebyshev,4,,63,61,61.0000,62,93,true,0.0317,57.0000
E7,bottleneck,3158,25,50,30,144,0,swarm,chebyshev,4,,71,59,59.0000,60,90,true,0.0348,57.0000
E7,bottleneck,3158,25,50,30,144,0,convergent_swarm,chebyshev,4,,63,61,61.0000,62,93,true,0.0297,57.0000
E7,bottleneck,3158,25,50,30,144,0,a_star,octile,4,,482,57,57.0000,58,100,true,0.2194,57.0000
E7,bottleneck,3158,25,50,30,144,0,greedy,octile,4,,65,59,59.0000,60,91,true,0.0405,57.0000
E7,bottleneck,3158,25,50,30,144,0,swarm,octile,4,,83,57,57.0000,58,89,true,0.0430,57.0000
E7,bottleneck,3158,25,50,30,144,0,convergent_swarm,octile,4,,71,59,59.0000,60,94,true,0.0406,57.0000
E7,bottleneck,3158,25,50,30,144,0,bfs,manhattan,4,,1015,57,57.0000,58,26,true,0.3339,57.0000
E7,bottleneck,3158,25,50,30,144,0,dfs,manhattan,4,,385,203,203.0000,204,259,true,0.2160,57.0000
E7,bottleneck,3158,25,50,30,144,0,dijkstra,manhattan,4,,1015,57,57.0000,58,32,true,0.4359,57.0000
E7,bottleneck,3158,25,50,30,144,0,zero_one_bfs,manhattan,4,,426,0,111.0000,112,265,true,0.1877,57.0000
E7,bottleneck,3277,25,50,30,162,0,a_star,manhattan,4,,165,53,53.0000,54,85,true,0.0849,53.0000
E7,bottleneck,3277,25,50,30,162,0,greedy,manhattan,4,,65,57,57.0000,58,86,true,0.0359,53.0000
E7,bottleneck,3277,25,50,30,162,0,swarm,manhattan,4,,69,55,55.0000,56,83,true,0.0341,53.0000
E7,bottleneck,3277,25,50,30,162,0,convergent_swarm,manhattan,4,,65,57,57.0000,58,86,true,0.0393,53.0000
E7,bottleneck,3277,25,50,30,162,0,a_star,euclidean,4,,374,53,53.0000,54,90,true,0.1649,53.0000
E7,bottleneck,3277,25,50,30,162,0,greedy,euclidean,4,,58,57,57.0000,58,82,true,0.0323,53.0000
E7,bottleneck,3277,25,50,30,162,0,swarm,euclidean,4,,64,55,55.0000,56,83,true,0.0340,53.0000
E7,bottleneck,3277,25,50,30,162,0,convergent_swarm,euclidean,4,,59,57,57.0000,58,83,true,0.0301,53.0000
E7,bottleneck,3277,25,50,30,162,0,a_star,chebyshev,4,,424,53,53.0000,54,94,true,0.1883,53.0000
E7,bottleneck,3277,25,50,30,162,0,greedy,chebyshev,4,,60,57,57.0000,58,84,true,0.0322,53.0000
E7,bottleneck,3277,25,50,30,162,0,swarm,chebyshev,4,,62,55,55.0000,56,85,true,0.0326,53.0000
E7,bottleneck,3277,25,50,30,162,0,convergent_swarm,chebyshev,4,,60,57,57.0000,58,84,true,0.0293,53.0000
E7,bottleneck,3277,25,50,30,162,0,a_star,octile,4,,318,53,53.0000,54,95,true,0.1367,53.0000
E7,bottleneck,3277,25,50,30,162,0,greedy,octile,4,,58,57,57.0000,58,82,true,0.0283,53.0000
E7,bottleneck,3277,25,50,30,162,0,swarm,octile,4,,65,55,55.0000,56,83,true,0.0321,53.0000
E7,bottleneck,3277,25,50,30,162,0,convergent_swarm,octile,4,,59,57,57.0000,58,82,true,0.0297,53.0000
E7,bottleneck,3277,25,50,30,162,0,bfs,manhattan,4,,986,53,53.0000,54,28,true,0.2441,53.0000
E7,bottleneck,3277,25,50,30,162,0,dfs,manhattan,4,,71,71,71.0000,72,108,true,0.0866,53.0000
E7,bottleneck,3277,25,50,30,162,0,dijkstra,manhattan,4,,980,53,53.0000,54,32,true,0.5714,53.0000
E7,bottleneck,3277,25,50,30,162,0,zero_one_bfs,manhattan,4,,337,0,55.0000,56,184,true,0.1445,53.0000
E7,bottleneck,4070,25,50,30,176,0,a_star,manhattan,4,,316,57,57.0000,58,83,true,0.1459,57.0000
E7,bottleneck,4070,25,50,30,176,0,greedy,manhattan,4,,108,63,63.0000,64,89,true,0.0508,57.0000
E7,bottleneck,4070,25,50,30,176,0,swarm,manhattan,4,,112,59,59.0000,60,89,true,0.0478,57.0000
E7,bottleneck,4070,25,50,30,176,0,convergent_swarm,manhattan,4,,109,63,63.0000,64,87,true,0.0429,57.0000
E7,bottleneck,4070,25,50,30,176,0,a_star,euclidean,4,,533,57,57.0000,58,91,true,0.2238,57.0000
E7,bottleneck,4070,25,50,30,176,0,greedy,euclidean,4,,109,59,59.0000,60,97,true,0.0487,57.0000
E7,bottleneck,4070,25,50,30,176,0,swarm,euclidean,4,,89,59,59.0000,60,86,true,0.0405,57.0000
E7,bottleneck,4070,25,50,30,176,0,convergent_swarm,euclidean,4,,93,59,59.0000,60,98,true,0.0419,57.0000
E7,bottleneck,4070,25,50,30,176,0,a_star,chebyshev,4,,587,57,57.0000,58,93,true,0.3030,57.0000
E7,bottleneck,4070,25,50,30,176,0,greedy,chebyshev,4,,120,61,61.0000,62,99,true,0.0580,57.0000
E7,bottleneck,4070,25,50,30,176,0,swarm,chebyshev,4,,92,61,61.0000,62,95,true,0.0416,57.0000
E7,bottleneck,4070,25,50,30,176,0,convergent_swarm,chebyshev,4,,102,61,61.0000,62,105,true,0.0443,57.0000
E7,bottleneck,4070,25,50,30,176,0,a_star,octile,4,,459,57,57.0000,58,101,true,0.1927,57.0000
E7,bottleneck,4070,25,50,30,176,0,greedy,octile,4,,107,59,59.0000,60,93,true,0.0469,57.0000
E7,bottleneck,4070,25,50,30,176,0,swarm,octile,4,,95,59,59.0000,60,87,true,0.0412,57.0000
E7,bottleneck,4070,25,50,30,176,0,convergent_swarm,octile,4,,95,59,59.0000,60,94,true,0.0394,57.0000
E7,bottleneck,4070,25,50,30,176,0,bfs,manhattan,4,,982,57,57.0000,58,26,true,0.2378,57.0000
E7,bottleneck,4070,25,50,30,176,0,dfs,manhattan,4,,401,177,177.0000,178,223,true,0.1230,57.0000
E7,bottleneck,4070,25,50,30,176,0,dijkstra,manhattan,4,,978,57,57.0000,58,33,true,0.3946,57.0000
E7,bottleneck,4070,25,50,30,176,0,zero_one_bfs,manhattan,4,,595,0,87.0000,88,239,true,0.2431,57.0000
E7,bottleneck,4165,25,50,30,155,0,a_star,manhattan,4,,528,63,63.0000,64,137,true,0.2260,63.0000
E7,bottleneck,4165,25,50,30,155,0,greedy,manhattan,4,,117,67,67.0000,68,95,true,0.0502,63.0000
E7,bottleneck,4165,25,50,30,155,0,swarm,manhattan,4,,234,65,65.0000,66,91,true,0.1002,63.0000
E7,bottleneck,4165,25,50,30,155,0,convergent_swarm,manhattan,4,,144,67,67.0000,68,89,true,0.0605,63.0000
E7,bottleneck,4165,25,50,30,155,0,a_star,euclidean,4,,773,63,63.0000,64,75,true,0.4402,63.0000
E7,bottleneck,4165,25,50,30,155,0,greedy,euclidean,4,,78,67,67.0000,68,94,true,0.0389,63.0000
E7,bottleneck,4165,25,50,30,155,0,swarm,euclidean,4,,140,65,65.0000,66,86,true,0.0636,63.0000
E7,bottleneck,4165,25,50,30,155,0,convergent_swarm,euclidean,4,,94,67,67.0000,68,99,true,0.0430,63.0000
E7,bottleneck,4165,25,50,30,155,0,a_star,chebyshev,4,,784,63,63.0000,64,80,true,0.3205,63.0000
E7,bottleneck,4165,25,50,30,155,0,greedy,chebyshev,4,,91,73,73.0000,74,98,true,0.0553,63.0000
E7,bottleneck,4165,25,50,30,155,0,swarm,chebyshev,4,,161,67,67.0000,68,110,true,0.0716,63.0000
E7,bottleneck,4165,25,50,30,155,0,convergent_swarm,chebyshev,4,,94,69,69.0000,70,102,true,0.0480,63.0000
E7,bottleneck,4165,25,50,30,155,0,a_star,octile,4,,721,63,63.0000,64,93,true,0.3314,63.0000
E7,bottleneck,4165,25,50,30,155,0,greedy,octile,4,,87,67,67.0000,68,94,true,0.0767,63.0000
E7,bottleneck,4165,25,50,30,155,0,swarm,octile,4,,171,65,65.0000,66,88,true,0.1981,63.0000
E7,bottleneck,4165,25,50,30,155,0,convergent_swarm,octile,4,,107,67,67.0000,68,98,true,0.0743,63.0000
E7,bottleneck,4165,25,50,30,155,0,bfs,manhattan,4,,1014,63,63.0000,64,28,true,0.9822,63.0000
E7,bottleneck,4165,25,50,30,155,0,dfs,manhattan,4,,316,289,289.0000,290,362,true,0.1096,63.0000
E7,bottleneck,4165,25,50,30,155,0,dijkstra,manhattan,4,,1008,63,63.0000,64,32,true,0.3718,63.0000
E7,bottleneck,4165,25,50,30,155,0,zero_one_bfs,manhattan,4,,170,0,159.0000,160,232,true,0.0918,63.0000
E7,bottleneck,4284,25,50,30,161,0,a_star,manhattan,4,,335,59,59.0000,60,87,true,0.2306,59.0000
E7,bottleneck,4284,25,50,30,161,0,greedy,manhattan,4,,81,65,65.0000,66,90,true,0.0631,59.0000
E7,bottleneck,4284,25,50,30,161,0,swarm,manhattan,4,,147,63,63.0000,64,93,true,0.0979,59.0000
E7,bottleneck,4284,25,50,30,161,0,convergent_swarm,manhattan,4,,104,65,65.0000,66,89,true,0.0717,59.0000
E7,bottleneck,4284,25,50,30,161,0,a_star,euclidean,4,,612,59,59.0000,60,86,true,0.4046,59.0000
E7,bottleneck,4284,25,50,30,161,0,greedy,euclidean,4,,65,63,63.0000,64,87,true,0.0544,59.0000
E7,bottleneck,4284,25,50,30,161,0,swarm,euclidean,4,,92,61,61.0000,62,83,true,0.0669,59.0000
E7,bottleneck,4284,25,50,30,161,0,convergent_swarm,euclidean,4,,74,63,63.0000,64,87,true,0.0553,59.0000
E7,bottleneck,4284,25,50,30,161,0,a_star,chebyshev,4,,683,59,59.0000,60,87,true,0.4386,59.0000
E7,bottleneck,4284,25,50,30,161,0,greedy,chebyshev,4,,65,65,65.0000,66,87,true,0.0523,59.0000
E7,bottleneck,4284,25,50,30,161,0,swarm,chebyshev,4,,122,63,63.0000,64,99,true,0.0854,59.0000
E7,bottleneck,4284,25,50,30,161,0,convergent_swarm,chebyshev,4,,80,65,65.0000,66,96,true,0.0583,59.0000
E7,bottleneck,4284,25,50,30,161,0,a_star,octile,4,,520,59,59.0000,60,87,true,0.3567,59.0000
E7,bottleneck,4284,25,50,30,161,0,greedy,octile,4,,70,63,63.0000,64,85,true,0.0569,59.0000
E7,bottleneck,4284,25,50,30,161,0,swarm,octile,4,,105,61,61.0000,62,83,true,0.0745,59.0000
E7,bottleneck,4284,25,50,30,161,0,convergent_swarm,octile,4,,80,63,63.0000,64,84,true,0.0595,59.0000
E7,bottleneck,4284,25,50,30,161,0,bfs,manhattan,4,,996,59,59.0000,60,27,true,0.5013,59.0000
E7,bottleneck,4284,25,50,30,161,0,dfs,manhattan,4,,753,97,97.0000,98,490,true,0.3908,59.0000
E7,bottleneck,4284,25,50,30,161,0,dijkstra,manhattan,4,,996,59,59.0000,60,33,true,0.6336,59.0000
E7,bottleneck,4284,25,50,30,161,0,zero_one_bfs,manhattan,4,,378,0,61.0000,62,193,true,0.2530,59.0000
E7,bottleneck,5077,25,50,30,145,0,a_star,manhattan,4,,576,65,65.0000,66,114,true,0.2771,65.0000
E7,bottleneck,5077,25,50,30,145,0,greedy,manhattan,4,,105,69,69.0000,70,93,true,0.0481,65.0000
E7,bottleneck,5077,25,50,30,145,0,swarm,manhattan,4,,248,67,67.0000,68,95,true,0.1107,65.0000
E7,bottleneck,5077,25,50,30,145,0,convergent_swarm,manhattan,4,,144,69,69.0000,70,93,true,0.0631,65.0000
E7,bottleneck,5077,25,50,30,145,0,a_star,euclidean,4,,786,65,65.0000,66,61,true,0.3236,65.0000
E7,bottleneck,5077,25,50,30,145,0,greedy,euclidean,4,,69,67,67.0000,68,91,true,0.0361,65.0000
E7,bottleneck,5077,25,50,30,145,0,swarm,euclidean,4,,128,65,65.0000,66,86,true,0.0603,65.0000
E7,bottleneck,5077,25,50,30,145,0,convergent_swarm,euclidean,4,,85,67,67.0000,68,97,true,0.0415,65.0000
E7,bottleneck,5077,25,50,30,145,0,a_star,chebyshev,4,,788,65,65.0000,66,79,true,0.3262,65.0000
E7,bottleneck,5077,25,50,30,145,0,greedy,chebyshev,4,,75,71,71.0000,72,85,true,0.0373,65.0000
E7,bottleneck,5077,25,50,30,145,0,swarm,chebyshev,4,,109,71,71.0000,72,87,true,0.0479,65.0000
E7,bottleneck,5077,25,50,30,145,0,convergent_swarm,chebyshev,4,,77,71,71.0000,72,85,true,0.0349,65.0000
E7,bottleneck,5077,25,50,30,145,0,a_star,octile,4,,763,65,65.0000,66,87,true,0.3206,65.0000
E7,bottleneck,5077,25,50,30,145,0,greedy,octile,4,,83,67,67.0000,68,90,true,0.0405,65.0000
E7,bottleneck,5077,25,50,30,145,0,swarm,octile,4,,148,65,65.0000,66,88,true,0.0650,65.0000
E7,bottleneck,5077,25,50,30,145,0,convergent_swarm,octile,4,,97,67,67.0000,68,96,true,0.0442,65.0000
E7,bottleneck,5077,25,50,30,145,0,bfs,manhattan,4,,1014,65,65.0000,66,28,true,0.3137,65.0000
E7,bottleneck,5077,25,50,30,145,0,dfs,manhattan,4,,495,283,283.0000,284,366,true,0.1738,65.0000
E7,bottleneck,5077,25,50,30,145,0,dijkstra,manhattan,4,,1004,65,65.0000,66,34,true,0.3804,65.0000
E7,bottleneck,5077,25,50,30,145,0,zero_one_bfs,manhattan,4,,481,0,261.0000,262,317,true,0.2184,65.0000
E7,bottleneck,5172,25,50,30,167,0,a_star,manhattan,4,,196,53,53.0000,54,83,true,0.0907,53.0000
E7,bottleneck,5172,25,50,30,167,0,greedy,manhattan,4,,72,61,61.0000,62,86,true,0.0357,53.0000
E7,bottleneck,5172,25,50,30,167,0,swarm,manhattan,4,,90,59,59.0000,60,85,true,0.0448,53.0000
E7,bottleneck,5172,25,50,30,167,0,convergent_swarm,manhattan,4,,74,61,61.0000,62,87,true,0.0336,53.0000
E7,bottleneck,5172,25,50,30,167,0,a_star,euclidean,4,,338,53,53.0000,54,109,true,0.1490,53.0000
E7,bottleneck,5172,25,50,30,167,0,greedy,euclidean,4,,57,55,55.0000,56,88,true,0.0333,53.0000
E7,bottleneck,5172,25,50,30,167,0,swarm,euclidean,4,,71,57,57.0000,58,86,true,0.0341,53.0000
E7,bottleneck,5172,25,50,30,167,0,convergent_swarm,euclidean,4,,58,55,55.0000,56,89,true,0.0288,53.0000
E7,bottleneck,5172,25,50,30,167,0,a_star,chebyshev,4,,332,53,53.0000,54,101,true,0.1399,53.0000
E7,bottleneck,5172,25,50,30,167,0,greedy,chebyshev,4,,62,57,57.0000,58,91,true,0.0319,53.0000
E7,bottleneck,5172,25,50,30,167,0,swarm,chebyshev,4,,74,57,57.0000,58,88,true,0.0348,53.0000
E7,bottleneck,5172,25,50,30,167,0,convergent_swarm,chebyshev,4,,62,57,57.0000,58,91,true,0.0300,53.0000
E7,bottleneck,5172,25,50,30,167,0,a_star,octile,4,,260,53,53.0000,54,125,true,0.1169,53.0000
E7,bottleneck,5172,25,50,30,167,0,greedy,octile,4,,58,55,55.0000,56,88,true,0.0311,53.0000
E7,bottleneck,5172,25,50,30,167,0,swarm,octile,4,,69,55,55.0000,56,86,true,0.0337,53.0000
E7,bottleneck,5172,25,50,30,167,0,convergent_swarm,octile,4,,61,55,55.0000,56,87,true,0.0290,53.0000
E7,bottleneck,5172,25,50,30,167,0,bfs,manhattan,4,,967,53,53.0000,54,30,true,0.2394,53.0000
E7,bottleneck,5172,25,50,30,167,0,dfs,manhattan,4,,794,93,93.0000,94,447,true,0.2499,53.0000
E7,bottleneck,5172,25,50,30,167,0,dijkstra,manhattan,4,,963,53,53.0000,54,36,true,0.3630,53.0000
E7,bottleneck,5172,25,50,30,167,0,zero_one_bfs,manhattan,4,,483,0,107.0000,108,203,true,0.2035,53.0000
E7,bottleneck,5291,25,50,30,159,0,a_star,manhattan,4,,481,63,63.0000,64,92,true,0.3105,63.0000
E7,bottleneck,5291,25,50,30,159,0,greedy,manhattan,4,,127,71,71.0000,72,93,true,0.0847,63.0000
E7,bottleneck,5291,25,50,30,159,0,swarm,manhattan,4,,241,67,67.0000,68,91,true,0.1547,63.0000
E7,bottleneck,5291,25,50,30,159,0,convergent_swarm,manhattan,4,,143,71,71.0000,72,85,true,0.0851,63.0000
E7,bottleneck,5291,25,50,30,159,0,a_star,euclidean,4,,770,63,63.0000,64,79,true,0.4869,63.0000
E7,bottleneck,5291,25,50,30,159,0,greedy,euclidean,4,,75,65,65.0000,66,94,true,0.0898,63.0000
E7,bottleneck,5291,25,50,30,159,0,swarm,euclidean,4,,139,65,65.0000,66,87,true,0.0740,63.0000
E7,bottleneck,5291,25,50,30,159,0,convergent_swarm,euclidean,4,,90,65,65.0000,66,98,true,0.0468,63.0000
E7,bottleneck,5291,25,50,30,159,0,a_star,chebyshev,4,,777,63,63.0000,64,87,true,0.3545,63.0000
E7,bottleneck,5291,25,50,30,159,0,greedy,chebyshev,4,,69,65,65.0000,66,92,true,0.0360,63.0000
E7,bottleneck,5291,25,50,30,159,0,swarm,chebyshev,4,,104,65,65.0000,66,97,true,0.0483,63.0000
E7,bottleneck,5291,25,50,30,159,0,convergent_swarm,chebyshev,4,,71,65,65.0000,66,92,true,0.0339,63.0000
E7,bottleneck,5291,25,50,30,159,0,a_star,octile,4,,708,63,63.0000,64,95,true,0.2890,63.0000
E7,bottleneck,5291,25,50,30,159,0,greedy,octile,4,,85,65,65.0000,66,92,true,0.0412,63.0000
E7,bottleneck,5291,25,50,30,159,0,swarm,octile,4,,157,65,65.0000,66,88,true,0.0687,63.0000
E7,bottleneck,5291,25,50,30,159,0,convergent_swarm,octile,4,,102,65,65.0000,66,93,true,0.0465,63.0000
E7,bottleneck,5291,25,50,30,159,0,bfs,manhattan,4,,1001,63,63.0000,64,26,true,0.2379,63.0000
E7,bottleneck,5291,25,50,30,159,0,dfs,manhattan,4,,600,285,285.0000,286,434,true,0.1850,63.0000
E7,bottleneck,5291,25,50,30,159,0,dijkstra,manhattan,4,,1001,63,63.0000,64,32,true,0.3912,63.0000
E7,bottleneck,5291,25,50,30,159,0,zero_one_bfs,manhattan,4,,900,0,145.0000,146,323,true,0.3777,63.0000
E7,open,42,25,50,30,0,0,a_star,manhattan,4,,25,25,25.0000,26,52,true,0.0136,25.0000
E7,open,42,25,50,30,0,0,greedy,manhattan,4,,25,25,25.0000,26,52,true,0.0134,25.0000
E7,open,42,25,50,30,0,0,swarm,manhattan,4,,25,25,25.0000,26,52,true,0.0129,25.0000
E7,open,42,25,50,30,0,0,convergent_swarm,manhattan,4,,25,25,25.0000,26,52,true,0.0123,25.0000
E7,open,42,25,50,30,0,0,a_star,euclidean,4,,25,25,25.0000,26,52,true,0.0141,25.0000
E7,open,42,25,50,30,0,0,greedy,euclidean,4,,25,25,25.0000,26,52,true,0.0132,25.0000
E7,open,42,25,50,30,0,0,swarm,euclidean,4,,25,25,25.0000,26,52,true,0.0136,25.0000
E7,open,42,25,50,30,0,0,convergent_swarm,euclidean,4,,25,25,25.0000,26,52,true,0.0128,25.0000
E7,open,42,25,50,30,0,0,a_star,chebyshev,4,,25,25,25.0000,26,52,true,0.0138,25.0000
E7,open,42,25,50,30,0,0,greedy,chebyshev,4,,25,25,25.0000,26,52,true,0.0129,25.0000
E7,open,42,25,50,30,0,0,swarm,chebyshev,4,,25,25,25.0000,26,52,true,0.0138,25.0000
E7,open,42,25,50,30,0,0,convergent_swarm,chebyshev,4,,25,25,25.0000,26,52,true,0.0123,25.0000
E7,open,42,25,50,30,0,0,a_star,octile,4,,25,25,25.0000,26,52,true,0.0125,25.0000
E7,open,42,25,50,30,0,0,greedy,octile,4,,25,25,25.0000,26,52,true,0.0130,25.0000
E7,open,42,25,50,30,0,0,swarm,octile,4,,25,25,25.0000,26,52,true,0.0132,25.0000
E7,open,42,25,50,30,0,0,convergent_swarm,octile,4,,25,25,25.0000,26,52,true,0.0144,25.0000
E7,open,42,25,50,30,0,0,bfs,manhattan,4,,793,25,25.0000,26,50,true,0.2289,25.0000
E7,open,42,25,50,30,0,0,dfs,manhattan,4,,25,25,25.0000,26,52,true,0.0093,25.0000
E7,open,42,25,50,30,0,0,dijkstra,manhattan,4,,781,25,25.0000,26,63,true,0.3245,25.0000
E7,open,42,25,50,30,0,0,zero_one_bfs,manhattan,4,,25,0,25.0000,26,52,true,0.0150,25.0000
E7,open,137,25,50,30,0,0,a_star,manhattan,4,,25,25,25.0000,26,52,true,0.0136,25.0000
E7,open,137,25,50,30,0,0,greedy,manhattan,4,,25,25,25.0000,26,52,true,0.0134,25.0000
E7,open,137,25,50,30,0,0,swarm,manhattan,4,,25,25,25.0000,26,52,true,0.0148,25.0000
E7,open,137,25,50,30,0,0,convergent_swarm,manhattan,4,,25,25,25.0000,26,52,true,0.0125,25.0000
E7,open,137,25,50,30,0,0,a_star,euclidean,4,,25,25,25.0000,26,52,true,0.0134,25.0000
E7,open,137,25,50,30,0,0,greedy,euclidean,4,,25,25,25.0000,26,52,true,0.0132,25.0000
E7,open,137,25,50,30,0,0,swarm,euclidean,4,,25,25,25.0000,26,52,true,0.0135,25.0000
E7,open,137,25,50,30,0,0,convergent_swarm,euclidean,4,,25,25,25.0000,26,52,true,0.0122,25.0000
E7,open,137,25,50,30,0,0,a_star,chebyshev,4,,25,25,25.0000,26,52,true,0.0123,25.0000
E7,open,137,25,50,30,0,0,greedy,chebyshev,4,,25,25,25.0000,26,52,true,0.0138,25.0000
E7,open,137,25,50,30,0,0,swarm,chebyshev,4,,25,25,25.0000,26,52,true,0.0129,25.0000
E7,open,137,25,50,30,0,0,convergent_swarm,chebyshev,4,,25,25,25.0000,26,52,true,0.0121,25.0000
E7,open,137,25,50,30,0,0,a_star,octile,4,,25,25,25.0000,26,52,true,0.0124,25.0000
E7,open,137,25,50,30,0,0,greedy,octile,4,,25,25,25.0000,26,52,true,0.0134,25.0000
E7,open,137,25,50,30,0,0,swarm,octile,4,,25,25,25.0000,26,52,true,0.0131,25.0000
E7,open,137,25,50,30,0,0,convergent_swarm,octile,4,,25,25,25.0000,26,52,true,0.0125,25.0000
E7,open,137,25,50,30,0,0,bfs,manhattan,4,,793,25,25.0000,26,50,true,0.2274,25.0000
E7,open,137,25,50,30,0,0,dfs,manhattan,4,,25,25,25.0000,26,52,true,0.0098,25.0000
E7,open,137,25,50,30,0,0,dijkstra,manhattan,4,,781,25,25.0000,26,63,true,0.7441,25.0000
E7,open,137,25,50,30,0,0,zero_one_bfs,manhattan,4,,25,0,25.0000,26,52,true,0.0245,25.0000
E7,open,256,25,50,30,0,0,a_star,manhattan,4,,25,25,25.0000,26,52,true,0.0296,25.0000
E7,open,256,25,50,30,0,0,greedy,manhattan,4,,25,25,25.0000,26,52,true,0.0267,25.0000
E7,open,256,25,50,30,0,0,swarm,manhattan,4,,25,25,25.0000,26,52,true,0.5945,25.0000
E7,open,256,25,50,30,0,0,convergent_swarm,manhattan,4,,25,25,25.0000,26,52,true,0.0263,25.0000
E7,open,256,25,50,30,0,0,a_star,euclidean,4,,25,25,25.0000,26,52,true,0.0165,25.0000
E7,open,256,25,50,30,0,0,greedy,euclidean,4,,25,25,25.0000,26,52,true,0.0232,25.0000
E7,open,256,25,50,30,0,0,swarm,euclidean,4,,25,25,25.0000,26,52,true,0.0155,25.0000
E7,open,256,25,50,30,0,0,convergent_swarm,euclidean,4,,25,25,25.0000,26,52,true,0.0150,25.0000
E7,open,256,25,50,30,0,0,a_star,chebyshev,4,,25,25,25.0000,26,52,true,0.0195,25.0000
E7,open,256,25,50,30,0,0,greedy,chebyshev,4,,25,25,25.0000,26,52,true,0.0205,25.0000
E7,open,256,25,50,30,0,0,swarm,chebyshev,4,,25,25,25.0000,26,52,true,0.0162,25.0000
E7,open,256,25,50,30,0,0,convergent_swarm,chebyshev,4,,25,25,25.0000,26,52,true,0.0162,25.0000
E7,open,256,25,50,30,0,0,a_star,octile,4,,25,25,25.0000,26,52,true,0.0170,25.0000
E7,open,256,25,50,30,0,0,greedy,octile,4,,25,25,25.0000,26,52,true,0.0223,25.0000
E7,open,256,25,50,30,0,0,swarm,octile,4,,25,25,25.0000,26,52,true,0.0184,25.0000
E7,open,256,25,50,30,0,0,convergent_swarm,octile,4,,25,25,25.0000,26,52,true,0.0162,25.0000
E7,open,256,25,50,30,0,0,bfs,manhattan,4,,793,25,25.0000,26,50,true,0.4118,25.0000
E7,open,256,25,50,30,0,0,dfs,manhattan,4,,25,25,25.0000,26,52,true,0.0207,25.0000
E7,open,256,25,50,30,0,0,dijkstra,manhattan,4,,781,25,25.0000,26,63,true,0.6031,25.0000
E7,open,256,25,50,30,0,0,zero_one_bfs,manhattan,4,,25,0,25.0000,26,52,true,0.0323,25.0000
E7,open,1049,25,50,30,0,0,a_star,manhattan,4,,25,25,25.0000,26,52,true,0.0262,25.0000
E7,open,1049,25,50,30,0,0,greedy,manhattan,4,,25,25,25.0000,26,52,true,0.0219,25.0000
E7,open,1049,25,50,30,0,0,swarm,manhattan,4,,25,25,25.0000,26,52,true,0.0229,25.0000
E7,open,1049,25,50,30,0,0,convergent_swarm,manhattan,4,,25,25,25.0000,26,52,true,0.0223,25.0000
E7,open,1049,25,50,30,0,0,a_star,euclidean,4,,25,25,25.0000,26,52,true,0.0262,25.0000
E7,open,1049,25,50,30,0,0,greedy,euclidean,4,,25,25,25.0000,26,52,true,0.0252,25.0000
E7,open,1049,25,50,30,0,0,swarm,euclidean,4,,25,25,25.0000,26,52,true,0.0261,25.0000
E7,open,1049,25,50,30,0,0,convergent_swarm,euclidean,4,,25,25,25.0000,26,52,true,0.0271,25.0000
E7,open,1049,25,50,30,0,0,a_star,chebyshev,4,,25,25,25.0000,26,52,true,0.0247,25.0000
E7,open,1049,25,50,30,0,0,greedy,chebyshev,4,,25,25,25.0000,26,52,true,0.0271,25.0000
E7,open,1049,25,50,30,0,0,swarm,chebyshev,4,,25,25,25.0000,26,52,true,0.0275,25.0000
E7,open,1049,25,50,30,0,0,convergent_swarm,chebyshev,4,,25,25,25.0000,26,52,true,0.0233,25.0000
E7,open,1049,25,50,30,0,0,a_star,octile,4,,25,25,25.0000,26,52,true,0.0188,25.0000
E7,open,1049,25,50,30,0,0,greedy,octile,4,,25,25,25.0000,26,52,true,0.0252,25.0000
E7,open,1049,25,50,30,0,0,swarm,octile,4,,25,25,25.0000,26,52,true,0.0293,25.0000
E7,open,1049,25,50,30,0,0,convergent_swarm,octile,4,,25,25,25.0000,26,52,true,0.0297,25.0000
E7,open,1049,25,50,30,0,0,bfs,manhattan,4,,793,25,25.0000,26,50,true,0.4137,25.0000
E7,open,1049,25,50,30,0,0,dfs,manhattan,4,,25,25,25.0000,26,52,true,0.0125,25.0000
E7,open,1049,25,50,30,0,0,dijkstra,manhattan,4,,781,25,25.0000,26,63,true,0.3667,25.0000
E7,open,1049,25,50,30,0,0,zero_one_bfs,manhattan,4,,25,0,25.0000,26,52,true,0.0150,25.0000
E7,open,1144,25,50,30,0,0,a_star,manhattan,4,,25,25,25.0000,26,52,true,0.0137,25.0000
E7,open,1144,25,50,30,0,0,greedy,manhattan,4,,25,25,25.0000,26,52,true,0.0136,25.0000
E7,open,1144,25,50,30,0,0,swarm,manhattan,4,,25,25,25.0000,26,52,true,0.0124,25.0000
E7,open,1144,25,50,30,0,0,convergent_swarm,manhattan,4,,25,25,25.0000,26,52,true,0.0122,25.0000
E7,open,1144,25,50,30,0,0,a_star,euclidean,4,,25,25,25.0000,26,52,true,0.0141,25.0000
E7,open,1144,25,50,30,0,0,greedy,euclidean,4,,25,25,25.0000,26,52,true,0.0130,25.0000
E7,open,1144,25,50,30,0,0,swarm,euclidean,4,,25,25,25.0000,26,52,true,0.0130,25.0000
E7,open,1144,25,50,30,0,0,convergent_swarm,euclidean,4,,25,25,25.0000,26,52,true,0.0125,25.0000
E7,open,1144,25,50,30,0,0,a_star,chebyshev,4,,25,25,25.0000,26,52,true,0.0120,25.0000
E7,open,1144,25,50,30,0,0,greedy,chebyshev,4,,25,25,25.0000,26,52,true,0.0123,25.0000
E7,open,1144,25,50,30,0,0,swarm,chebyshev,4,,25,25,25.0000,26,52,true,0.0130,25.0000
E7,open,1144,25,50,30,0,0,convergent_swarm,chebyshev,4,,25,25,25.0000,26,52,true,0.0132,25.0000
E7,open,1144,25,50,30,0,0,a_star,octile,4,,25,25,25.0000,26,52,true,0.0128,25.0000
E7,open,1144,25,50,30,0,0,greedy,octile,4,,25,25,25.0000,26,52,true,0.0136,25.0000
E7,open,1144,25,50,30,0,0,swarm,octile,4,,25,25,25.0000,26,52,true,0.0135,25.0000
E7,open,1144,25,50,30,0,0,convergent_swarm,octile,4,,25,25,25.0000,26,52,true,0.0133,25.0000
E7,open,1144,25,50,30,0,0,bfs,manhattan,4,,793,25,25.0000,26,50,true,0.2199,25.0000
E7,open,1144,25,50,30,0,0,dfs,manhattan,4,,25,25,25.0000,26,52,true,0.0088,25.0000
E7,open,1144,25,50,30,0,0,dijkstra,manhattan,4,,781,25,25.0000,26,63,true,0.3107,25.0000
E7,open,1144,25,50,30,0,0,zero_one_bfs,manhattan,4,,25,0,25.0000,26,52,true,0.0148,25.0000
E7,open,1263,25,50,30,0,0,a_star,manhattan,4,,25,25,25.0000,26,52,true,0.0240,25.0000
E7,open,1263,25,50,30,0,0,greedy,manhattan,4,,25,25,25.0000,26,52,true,0.0209,25.0000
E7,open,1263,25,50,30,0,0,swarm,manhattan,4,,25,25,25.0000,26,52,true,0.0232,25.0000
E7,open,1263,25,50,30,0,0,convergent_swarm,manhattan,4,,25,25,25.0000,26,52,true,0.0209,25.0000
E7,open,1263,25,50,30,0,0,a_star,euclidean,4,,25,25,25.0000,26,52,true,0.0218,25.0000
E7,open,1263,25,50,30,0,0,greedy,euclidean,4,,25,25,25.0000,26,52,true,0.0260,25.0000
E7,open,1263,25,50,30,0,0,swarm,euclidean,4,,25,25,25.0000,26,52,true,0.0203,25.0000
E7,open,1263,25,50,30,0,0,convergent_swarm,euclidean,4,,25,25,25.0000,26,52,true,0.0183,25.0000
E7,open,1263,25,50,30,0,0,a_star,chebyshev,4,,25,25,25.0000,26,52,true,0.0192,25.0000
E7,open,1263,25,50,30,0,0,greedy,chebyshev,4,,25,25,25.0000,26,52,true,0.0198,25.0000
E7,open,1263,25,50,30,0,0,swarm,chebyshev,4,,25,25,25.0000,26,52,true,0.0207,25.0000
E7,open,1263,25,50,30,0,0,convergent_swarm,chebyshev,4,,25,25,25.0000,26,52,true,0.0218,25.0000
E7,open,1263,25,50,30,0,0,a_star,octile,4,,25,25,25.0000,26,52,true,0.0206,25.0000
E7,open,1263,25,50,30,0,0,greedy,octile,4,,25,25,25.0000,26,52,true,0.0239,25.0000
E7,open,1263,25,50,30,0,0,swarm,octile,4,,25,25,25.0000,26,52,true,0.0172,25.0000
E7,open,1263,25,50,30,0,0,convergent_swarm,octile,4,,25,25,25.0000,26,52,true,0.0181,25.0000
E7,open,1263,25,50,30,0,0,bfs,manhattan,4,,793,25,25.0000,26,50,true,0.3898,25.0000
E7,open,1263,25,50,30,0,0,dfs,manhattan,4,,25,25,25.0000,26,52,true,0.0093,25.0000
E7,open,1263,25,50,30,0,0,dijkstra,manhattan,4,,781,25,25.0000,26,63,true,0.3224,25.0000
E7,open,1263,25,50,30,0,0,zero_one_bfs,manhattan,4,,25,0,25.0000,26,52,true,0.0149,25.0000
E7,open,2056,25,50,30,0,0,a_star,manhattan,4,,25,25,25.0000,26,52,true,0.0132,25.0000
E7,open,2056,25,50,30,0,0,greedy,manhattan,4,,25,25,25.0000,26,52,true,0.0134,25.0000
E7,open,2056,25,50,30,0,0,swarm,manhattan,4,,25,25,25.0000,26,52,true,0.0129,25.0000
E7,open,2056,25,50,30,0,0,convergent_swarm,manhattan,4,,25,25,25.0000,26,52,true,0.0133,25.0000
E7,open,2056,25,50,30,0,0,a_star,euclidean,4,,25,25,25.0000,26,52,true,0.0134,25.0000
E7,open,2056,25,50,30,0,0,greedy,euclidean,4,,25,25,25.0000,26,52,true,0.0126,25.0000
E7,open,2056,25,50,30,0,0,swarm,euclidean,4,,25,25,25.0000,26,52,true,0.0131,25.0000
E7,open,2056,25,50,30,0,0,convergent_swarm,euclidean,4,,25,25,25.0000,26,52,true,0.0141,25.0000
E7,open,2056,25,50,30,0,0,a_star,chebyshev,4,,25,25,25.0000,26,52,true,0.0121,25.0000
E7,open,2056,25,50,30,0,0,greedy,chebyshev,4,,25,25,25.0000,26,52,true,0.0126,25.0000
E7,open,2056,25,50,30,0,0,swarm,chebyshev,4,,25,25,25.0000,26,52,true,0.0135,25.0000
E7,open,2056,25,50,30,0,0,convergent_swarm,chebyshev,4,,25,25,25.0000,26,52,true,0.0125,25.0000
E7,open,2056,25,50,30,0,0,a_star,octile,4,,25,25,25.0000,26,52,true,0.0123,25.0000
E7,open,2056,25,50,30,0,0,greedy,octile,4,,25,25,25.0000,26,52,true,0.0130,25.0000
E7,open,2056,25,50,30,0,0,swarm,octile,4,,25,25,25.0000,26,52,true,0.0136,25.0000
E7,open,2056,25,50,30,0,0,convergent_swarm,octile,4,,25,25,25.0000,26,52,true,0.0127,25.0000
E7,open,2056,25,50,30,0,0,bfs,manhattan,4,,793,25,25.0000,26,50,true,0.2214,25.0000
E7,open,2056,25,50,30,0,0,dfs,manhattan,4,,25,25,25.0000,26,52,true,0.0089,25.0000
E7,open,2056,25,50,30,0,0,dijkstra,manhattan,4,,781,25,25.0000,26,63,true,0.3063,25.0000
E7,open,2056,25,50,30,0,0,zero_one_bfs,manhattan,4,,25,0,25.0000,26,52,true,0.0138,25.0000
E7,open,2151,25,50,30,0,0,a_star,manhattan,4,,25,25,25.0000,26,52,true,0.0124,25.0000
E7,open,2151,25,50,30,0,0,greedy,manhattan,4,,25,25,25.0000,26,52,true,0.0134,25.0000
E7,open,2151,25,50,30,0,0,swarm,manhattan,4,,25,25,25.0000,26,52,true,0.0131,25.0000
E7,open,2151,25,50,30,0,0,convergent_swarm,manhattan,4,,25,25,25.0000,26,52,true,0.0124,25.0000
E7,open,2151,25,50,30,0,0,a_star,euclidean,4,,25,25,25.0000,26,52,true,0.0134,25.0000
E7,open,2151,25,50,30,0,0,greedy,euclidean,4,,25,25,25.0000,26,52,true,0.0127,25.0000
E7,open,2151,25,50,30,0,0,swarm,euclidean,4,,25,25,25.0000,26,52,true,0.0132,25.0000
E7,open,2151,25,50,30,0,0,convergent_swarm,euclidean,4,,25,25,25.0000,26,52,true,0.0128,25.0000
E7,open,2151,25,50,30,0,0,a_star,chebyshev,4,,25,25,25.0000,26,52,true,0.0131,25.0000
E7,open,2151,25,50,30,0,0,greedy,chebyshev,4,,25,25,25.0000,26,52,true,0.0127,25.0000
E7,open,2151,25,50,30,0,0,swarm,chebyshev,4,,25,25,25.0000,26,52,true,0.0131,25.0000
E7,open,2151,25,50,30,0,0,convergent_swarm,chebyshev,4,,25,25,25.0000,26,52,true,0.0121,25.0000
E7,open,2151,25,50,30,0,0,a_star,octile,4,,25,25,25.0000,26,52,true,0.0138,25.0000
E7,open,2151,25,50,30,0,0,greedy,octile,4,,25,25,25.0000,26,52,true,0.0128,25.0000
E7,open,2151,25,50,30,0,0,swarm,octile,4,,25,25,25.0000,26,52,true,0.0124,25.0000
E7,open,2151,25,50,30,0,0,convergent_swarm,octile,4,,25,25,25.0000,26,52,true,0.0124,25.0000
E7,open,2151,25,50,30,0,0,bfs,manhattan,4,,793,25,25.0000,26,50,true,0.2213,25.0000
E7,open,2151,25,50,30,0,0,dfs,manhattan,4,,25,25,25.0000,26,52,true,0.0178,25.0000
E7,open,2151,25,50,30,0,0,dijkstra,manhattan,4,,781,25,25.0000,26,63,true,0.3052,25.0000
E7,open,2151,25,50,30,0,0,zero_one_bfs,manhattan,4,,25,0,25.0000,26,52,true,0.0137,25.0000
E7,open,2270,25,50,30,0,0,a_star,manhattan,4,,25,25,25.0000,26,52,true,0.0125,25.0000
E7,open,2270,25,50,30,0,0,greedy,manhattan,4,,25,25,25.0000,26,52,true,0.0128,25.0000
E7,open,2270,25,50,30,0,0,swarm,manhattan,4,,25,25,25.0000,26,52,true,0.0134,25.0000
E7,open,2270,25,50,30,0,0,convergent_swarm,manhattan,4,,25,25,25.0000,26,52,true,0.0121,25.0000
E7,open,2270,25,50,30,0,0,a_star,euclidean,4,,25,25,25.0000,26,52,true,0.0135,25.0000
E7,open,2270,25,50,30,0,0,greedy,euclidean,4,,25,25,25.0000,26,52,true,0.0133,25.0000
E7,open,2270,25,50,30,0,0,swarm,euclidean,4,,25,25,25.0000,26,52,true,0.0136,25.0000
E7,open,2270,25,50,30,0,0,convergent_swarm,euclidean,4,,25,25,25.0000,26,52,true,0.0124,25.0000
E7,open,2270,25,50,30,0,0,a_star,chebyshev,4,,25,25,25.0000,26,52,true,0.0120,25.0000
E7,open,2270,25,50,30,0,0,greedy,chebyshev,4,,25,25,25.0000,26,52,true,0.0125,25.0000
E7,open,2270,25,50,30,0,0,swarm,chebyshev,4,,25,25,25.0000,26,52,true,0.0140,25.0000
E7,open,2270,25,50,30,0,0,convergent_swarm,chebyshev,4,,25,25,25.0000,26,52,true,0.0127,25.0000
E7,open,2270,25,50,30,0,0,a_star,octile,4,,25,25,25.0000,26,52,true,0.0120,25.0000
E7,open,2270,25,50,30,0,0,greedy,octile,4,,25,25,25.0000,26,52,true,0.0125,25.0000
E7,open,2270,25,50,30,0,0,swarm,octile,4,,25,25,25.0000,26,52,true,0.0129,25.0000
E7,open,2270,25,50,30,0,0,convergent_swarm,octile,4,,25,25,25.0000,26,52,true,0.0117,25.0000
E7,open,2270,25,50,30,0,0,bfs,manhattan,4,,793,25,25.0000,26,50,true,0.2233,25.0000
E7,open,2270,25,50,30,0,0,dfs,manhattan,4,,25,25,25.0000,26,52,true,0.0101,25.0000
E7,open,2270,25,50,30,0,0,dijkstra,manhattan,4,,781,25,25.0000,26,63,true,0.3051,25.0000
E7,open,2270,25,50,30,0,0,zero_one_bfs,manhattan,4,,25,0,25.0000,26,52,true,0.0140,25.0000
E7,open,3063,25,50,30,0,0,a_star,manhattan,4,,25,25,25.0000,26,52,true,0.0138,25.0000
E7,open,3063,25,50,30,0,0,greedy,manhattan,4,,25,25,25.0000,26,52,true,0.0212,25.0000
E7,open,3063,25,50,30,0,0,swarm,manhattan,4,,25,25,25.0000,26,52,true,0.0135,25.0000
E7,open,3063,25,50,30,0,0,convergent_swarm,manhattan,4,,25,25,25.0000,26,52,true,0.0123,25.0000
E7,open,3063,25,50,30,0,0,a_star,euclidean,4,,25,25,25.0000,26,52,true,0.0138,25.0000
E7,open,3063,25,50,30,0,0,greedy,euclidean,4,,25,25,25.0000,26,52,true,0.0130,25.0000
E7,open,3063,25,50,30,0,0,swarm,euclidean,4,,25,25,25.0000,26,52,true,0.0135,25.0000
E7,open,3063,25,50,30,0,0,convergent_swarm,euclidean,4,,25,25,25.0000,26,52,true,0.0129,25.0000
E7,open,3063,25,50,30,0,0,a_star,chebyshev,4,,25,25,25.0000,26,52,true,0.0129,25.0000
E7,open,3063,25,50,30,0,0,greedy,chebyshev,4,,25,25,25.0000,26,52,true,0.0122,25.0000
E7,open,3063,25,50,30,0,0,swarm,chebyshev,4,,25,25,25.0000,26,52,true,0.0127,25.0000
E7,open,3063,25,50,30,0,0,convergent_swarm,chebyshev,4,,25,25,25.0000,26,52,true,0.0129,25.0000
E7,open,3063,25,50,30,0,0,a_star,octile,4,,25,25,25.0000,26,52,true,0.0126,25.0000
E7,open,3063,25,50,30,0,0,greedy,octile,4,,25,25,25.0000,26,52,true,0.0125,25.0000
E7,open,3063,25,50,30,0,0,swarm,octile,4,,25,25,25.0000,26,52,true,0.0128,25.0000
E7,open,3063,25,50,30,0,0,convergent_swarm,octile,4,,25,25,25.0000,26,52,true,0.0128,25.0000
E7,open,3063,25,50,30,0,0,bfs,manhattan,4,,793,25,25.0000,26,50,true,0.2137,25.0000
E7,open,3063,25,50,30,0,0,dfs,manhattan,4,,25,25,25.0000,26,52,true,0.0088,25.0000
E7,open,3063,25,50,30,0,0,dijkstra,manhattan,4,,781,25,25.0000,26,63,true,0.4587,25.0000
E7,open,3063,25,50,30,0,0,zero_one_bfs,manhattan,4,,25,0,25.0000,26,52,true,0.0370,25.0000
E7,open,3158,25,50,30,0,0,a_star,manhattan,4,,25,25,25.0000,26,52,true,0.0132,25.0000
E7,open,3158,25,50,30,0,0,greedy,manhattan,4,,25,25,25.0000,26,52,true,0.0133,25.0000
E7,open,3158,25,50,30,0,0,swarm,manhattan,4,,25,25,25.0000,26,52,true,0.0138,25.0000
E7,open,3158,25,50,30,0,0,convergent_swarm,manhattan,4,,25,25,25.0000,26,52,true,0.0125,25.0000
E7,open,3158,25,50,30,0,0,a_star,euclidean,4,,25,25,25.0000,26,52,true,0.0178,25.0000
E7,open,3158,25,50,30,0,0,greedy,euclidean,4,,25,25,25.0000,26,52,true,0.0209,25.0000
E7,open,3158,25,50,30,0,0,swarm,euclidean,4,,25,25,25.0000,26,52,true,0.0215,25.0000
E7,open,3158,25,50,30,0,0,convergent_swarm,euclidean,4,,25,25,25.0000,26,52,true,0.0184,25.0000
E7,open,3158,25,50,30,0,0,a_star,chebyshev,4,,25,25,25.0000,26,52,true,0.0120,25.0000
E7,open,3158,25,50,30,0,0,greedy,chebyshev,4,,25,25,25.0000,26,52,true,0.0133,25.0000
E7,open,3158,25,50,30,0,0,swarm,chebyshev,4,,25,25,25.0000,26,52,true,0.0196,25.0000
E7,open,3158,25,50,30,0,0,convergent_swarm,chebyshev,4,,25,25,25.0000,26,52,true,0.0179,25.0000
E7,open,3158,25,50,30,0,0,a_star,octile,4,,25,25,25.0000,26,52,true,0.0121,25.0000
E7,open,3158,25,50,30,0,0,greedy,octile,4,,25,25,25.0000,26,52,true,0.0138,25.0000
E7,open,3158,25,50,30,0,0,swarm,octile,4,,25,25,25.0000,26,52,true,0.0199,25.0000
E7,open,3158,25,50,30,0,0,convergent_swarm,octile,4,,25,25,25.0000,26,52,true,0.0195,25.0000
E7,open,3158,25,50,30,0,0,bfs,manhattan,4,,793,25,25.0000,26,50,true,0.3211,25.0000
E7,open,3158,25,50,30,0,0,dfs,manhattan,4,,25,25,25.0000,26,52,true,0.0137,25.0000
E7,open,3158,25,50,30,0,0,dijkstra,manhattan,4,,781,25,25.0000,26,63,true,0.3199,25.0000
E7,open,3158,25,50,30,0,0,zero_one_bfs,manhattan,4,,25,0,25.0000,26,52,true,0.0156,25.0000
E7,open,3277,25,50,30,0,0,a_star,manhattan,4,,25,25,25.0000,26,52,true,0.0134,25.0000
E7,open,3277,25,50,30,0,0,greedy,manhattan,4,,25,25,25.0000,26,52,true,0.0129,25.0000
E7,open,3277,25,50,30,0,0,swarm,manhattan,4,,25,25,25.0000,26,52,true,0.0124,25.0000
E7,open,3277,25,50,30,0,0,convergent_swarm,manhattan,4,,25,25,25.0000,26,52,true,0.0140,25.0000
E7,open,3277,25,50,30,0,0,a_star,euclidean,4,,25,25,25.0000,26,52,true,0.0135,25.0000
E7,open,3277,25,50,30,0,0,greedy,euclidean,4,,25,25,25.0000,26,52,true,0.0127,25.0000
E7,open,3277,25,50,30,0,0,swarm,euclidean,4,,25,25,25.0000,26,52,true,0.0136,25.0000
E7,open,3277,25,50,30,0,0,convergent_swarm,euclidean,4,,25,25,25.0000,26,52,true,0.0146,25.0000
E7,open,3277,25,50,30,0,0,a_star,chebyshev,4,,25,25,25.0000,26,52,true,0.0124,25.0000
E7,open,3277,25,50,30,0,0,greedy,chebyshev,4,,25,25,25.0000,26,52,true,0.0125,25.0000
E7,open,3277,25,50,30,0,0,swarm,chebyshev,4,,25,25,25.0000,26,52,true,0.0126,25.0000
E7,open,3277,25,50,30,0,0,convergent_swarm,chebyshev,4,,25,25,25.0000,26,52,true,0.0124,25.0000
E7,open,3277,25,50,30,0,0,a_star,octile,4,,25,25,25.0000,26,52,true,0.0123,25.0000
E7,open,3277,25,50,30,0,0,greedy,octile,4,,25,25,25.0000,26,52,true,0.0128,25.0000
E7,open,3277,25,50,30,0,0,swarm,octile,4,,25,25,25.0000,26,52,true,0.0136,25.0000
E7,open,3277,25,50,30,0,0,convergent_swarm,octile,4,,25,25,25.0000,26,52,true,0.0122,25.0000
E7,open,3277,25,50,30,0,0,bfs,manhattan,4,,793,25,25.0000,26,50,true,0.2298,25.0000
E7,open,3277,25,50,30,0,0,dfs,manhattan,4,,25,25,25.0000,26,52,true,0.0100,25.0000
E7,open,3277,25,50,30,0,0,dijkstra,manhattan,4,,781,25,25.0000,26,63,true,0.3653,25.0000
E7,open,3277,25,50,30,0,0,zero_one_bfs,manhattan,4,,25,0,25.0000,26,52,true,0.0149,25.0000
E7,open,4070,25,50,30,0,0,a_star,manhattan,4,,25,25,25.0000,26,52,true,0.0139,25.0000
E7,open,4070,25,50,30,0,0,greedy,manhattan,4,,25,25,25.0000,26,52,true,0.0145,25.0000
E7,open,4070,25,50,30,0,0,swarm,manhattan,4,,25,25,25.0000,26,52,true,0.0131,25.0000
E7,open,4070,25,50,30,0,0,convergent_swarm,manhattan,4,,25,25,25.0000,26,52,true,0.0127,25.0000
E7,open,4070,25,50,30,0,0,a_star,euclidean,4,,25,25,25.0000,26,52,true,0.0138,25.0000
E7,open,4070,25,50,30,0,0,greedy,euclidean,4,,25,25,25.0000,26,52,true,0.0136,25.0000
E7,open,4070,25,50,30,0,0,swarm,euclidean,4,,25,25,25.0000,26,52,true,0.0134,25.0000
E7,open,4070,25,50,30,0,0,convergent_swarm,euclidean,4,,25,25,25.0000,26,52,true,0.0127,25.0000
E7,open,4070,25,50,30,0,0,a_star,chebyshev,4,,25,25,25.0000,26,52,true,0.0138,25.0000
E7,open,4070,25,50,30,0,0,greedy,chebyshev,4,,25,25,25.0000,26,52,true,0.0125,25.0000
E7,open,4070,25,50,30,0,0,swarm,chebyshev,4,,25,25,25.0000,26,52,true,0.0142,25.0000
E7,open,4070,25,50,30,0,0,convergent_swarm,chebyshev,4,,25,25,25.0000,26,52,true,0.0113,25.0000
E7,open,4070,25,50,30,0,0,a_star,octile,4,,25,25,25.0000,26,52,true,0.0145,25.0000
E7,open,4070,25,50,30,0,0,greedy,octile,4,,25,25,25.0000,26,52,true,0.0129,25.0000
E7,open,4070,25,50,30,0,0,swarm,octile,4,,25,25,25.0000,26,52,true,0.0135,25.0000
E7,open,4070,25,50,30,0,0,convergent_swarm,octile,4,,25,25,25.0000,26,52,true,0.0134,25.0000
E7,open,4070,25,50,30,0,0,bfs,manhattan,4,,793,25,25.0000,26,50,true,0.2292,25.0000
E7,open,4070,25,50,30,0,0,dfs,manhattan,4,,25,25,25.0000,26,52,true,0.0088,25.0000
E7,open,4070,25,50,30,0,0,dijkstra,manhattan,4,,781,25,25.0000,26,63,true,0.3169,25.0000
E7,open,4070,25,50,30,0,0,zero_one_bfs,manhattan,4,,25,0,25.0000,26,52,true,0.0138,25.0000
E7,open,4165,25,50,30,0,0,a_star,manhattan,4,,25,25,25.0000,26,52,true,0.0125,25.0000
E7,open,4165,25,50,30,0,0,greedy,manhattan,4,,25,25,25.0000,26,52,true,0.0129,25.0000
E7,open,4165,25,50,30,0,0,swarm,manhattan,4,,25,25,25.0000,26,52,true,0.0135,25.0000
E7,open,4165,25,50,30,0,0,convergent_swarm,manhattan,4,,25,25,25.0000,26,52,true,0.0128,25.0000
E7,open,4165,25,50,30,0,0,a_star,euclidean,4,,25,25,25.0000,26,52,true,0.0130,25.0000
E7,open,4165,25,50,30,0,0,greedy,euclidean,4,,25,25,25.0000,26,52,true,0.0134,25.0000
E7,open,4165,25,50,30,0,0,swarm,euclidean,4,,25,25,25.0000,26,52,true,0.0148,25.0000
E7,open,4165,25,50,30,0,0,convergent_swarm,euclidean,4,,25,25,25.0000,26,52,true,0.0134,25.0000
E7,open,4165,25,50,30,0,0,a_star,chebyshev,4,,25,25,25.0000,26,52,true,0.0129,25.0000
E7,open,4165,25,50,30,0,0,greedy,chebyshev,4,,25,25,25.0000,26,52,true,0.0134,25.0000
E7,open,4165,25,50,30,0,0,swarm,chebyshev,4,,25,25,25.0000,26,52,true,0.0136,25.0000
E7,open,4165,25,50,30,0,0,convergent_swarm,chebyshev,4,,25,25,25.0000,26,52,true,0.0125,25.0000
E7,open,4165,25,50,30,0,0,a_star,octile,4,,25,25,25.0000,26,52,true,0.0121,25.0000
E7,open,4165,25,50,30,0,0,greedy,octile,4,,25,25,25.0000,26,52,true,0.0126,25.0000
E7,open,4165,25,50,30,0,0,swarm,octile,4,,25,25,25.0000,26,52,true,0.0131,25.0000
E7,open,4165,25,50,30,0,0,convergent_swarm,octile,4,,25,25,25.0000,26,52,true,0.0126,25.0000
E7,open,4165,25,50,30,0,0,bfs,manhattan,4,,793,25,25.0000,26,50,true,0.1984,25.0000
E7,open,4165,25,50,30,0,0,dfs,manhattan,4,,25,25,25.0000,26,52,true,0.0094,25.0000
E7,open,4165,25,50,30,0,0,dijkstra,manhattan,4,,781,25,25.0000,26,63,true,0.2958,25.0000
E7,open,4165,25,50,30,0,0,zero_one_bfs,manhattan,4,,25,0,25.0000,26,52,true,0.0142,25.0000
E7,open,4284,25,50,30,0,0,a_star,manhattan,4,,25,25,25.0000,26,52,true,0.0183,25.0000
E7,open,4284,25,50,30,0,0,greedy,manhattan,4,,25,25,25.0000,26,52,true,0.0168,25.0000
E7,open,4284,25,50,30,0,0,swarm,manhattan,4,,25,25,25.0000,26,52,true,0.0130,25.0000
E7,open,4284,25,50,30,0,0,convergent_swarm,manhattan,4,,25,25,25.0000,26,52,true,0.0126,25.0000
E7,open,4284,25,50,30,0,0,a_star,euclidean,4,,25,25,25.0000,26,52,true,0.0137,25.0000
E7,open,4284,25,50,30,0,0,greedy,euclidean,4,,25,25,25.0000,26,52,true,0.0131,25.0000
E7,open,4284,25,50,30,0,0,swarm,euclidean,4,,25,25,25.0000,26,52,true,0.0133,25.0000
E7,open,4284,25,50,30,0,0,convergent_swarm,euclidean,4,,25,25,25.0000,26,52,true,0.0127,25.0000
E7,open,4284,25,50,30,0,0,a_star,chebyshev,4,,25,25,25.0000,26,52,true,0.0137,25.0000
E7,open,4284,25,50,30,0,0,greedy,chebyshev,4,,25,25,25.0000,26,52,true,0.0128,25.0000
E7,open,4284,25,50,30,0,0,swarm,chebyshev,4,,25,25,25.0000,26,52,true,0.0132,25.0000
E7,open,4284,25,50,30,0,0,convergent_swarm,chebyshev,4,,25,25,25.0000,26,52,true,0.0126,25.0000
E7,open,4284,25,50,30,0,0,a_star,octile,4,,25,25,25.0000,26,52,true,0.0128,25.0000
E7,open,4284,25,50,30,0,0,greedy,octile,4,,25,25,25.0000,26,52,true,0.0125,25.0000
E7,open,4284,25,50,30,0,0,swarm,octile,4,,25,25,25.0000,26,52,true,0.0163,25.0000
E7,open,4284,25,50,30,0,0,convergent_swarm,octile,4,,25,25,25.0000,26,52,true,0.0131,25.0000
E7,open,4284,25,50,30,0,0,bfs,manhattan,4,,793,25,25.0000,26,50,true,0.2123,25.0000
E7,open,4284,25,50,30,0,0,dfs,manhattan,4,,25,25,25.0000,26,52,true,0.0090,25.0000
E7,open,4284,25,50,30,0,0,dijkstra,manhattan,4,,781,25,25.0000,26,63,true,0.3173,25.0000
E7,open,4284,25,50,30,0,0,zero_one_bfs,manhattan,4,,25,0,25.0000,26,52,true,0.0149,25.0000
E7,open,5077,25,50,30,0,0,a_star,manhattan,4,,25,25,25.0000,26,52,true,0.0239,25.0000
E7,open,5077,25,50,30,0,0,greedy,manhattan,4,,25,25,25.0000,26,52,true,0.0219,25.0000
E7,open,5077,25,50,30,0,0,swarm,manhattan,4,,25,25,25.0000,26,52,true,0.0236,25.0000
E7,open,5077,25,50,30,0,0,convergent_swarm,manhattan,4,,25,25,25.0000,26,52,true,0.0130,25.0000
E7,open,5077,25,50,30,0,0,a_star,euclidean,4,,25,25,25.0000,26,52,true,0.0137,25.0000
E7,open,5077,25,50,30,0,0,greedy,euclidean,4,,25,25,25.0000,26,52,true,0.0129,25.0000
E7,open,5077,25,50,30,0,0,swarm,euclidean,4,,25,25,25.0000,26,52,true,0.0201,25.0000
E7,open,5077,25,50,30,0,0,convergent_swarm,euclidean,4,,25,25,25.0000,26,52,true,0.5978,25.0000
E7,open,5077,25,50,30,0,0,a_star,chebyshev,4,,25,25,25.0000,26,52,true,0.0186,25.0000
E7,open,5077,25,50,30,0,0,greedy,chebyshev,4,,25,25,25.0000,26,52,true,0.0204,25.0000
E7,open,5077,25,50,30,0,0,swarm,chebyshev,4,,25,25,25.0000,26,52,true,0.0216,25.0000
E7,open,5077,25,50,30,0,0,convergent_swarm,chebyshev,4,,25,25,25.0000,26,52,true,0.0127,25.0000
E7,open,5077,25,50,30,0,0,a_star,octile,4,,25,25,25.0000,26,52,true,0.0120,25.0000
E7,open,5077,25,50,30,0,0,greedy,octile,4,,25,25,25.0000,26,52,true,0.0137,25.0000
E7,open,5077,25,50,30,0,0,swarm,octile,4,,25,25,25.0000,26,52,true,0.0141,25.0000
E7,open,5077,25,50,30,0,0,convergent_swarm,octile,4,,25,25,25.0000,26,52,true,0.0128,25.0000
E7,open,5077,25,50,30,0,0,bfs,manhattan,4,,793,25,25.0000,26,50,true,0.2305,25.0000
E7,open,5077,25,50,30,0,0,dfs,manhattan,4,,25,25,25.0000,26,52,true,0.0097,25.0000
E7,open,5077,25,50,30,0,0,dijkstra,manhattan,4,,781,25,25.0000,26,63,true,0.3118,25.0000
E7,open,5077,25,50,30,0,0,zero_one_bfs,manhattan,4,,25,0,25.0000,26,52,true,0.0151,25.0000
E7,open,5172,25,50,30,0,0,a_star,manhattan,4,,25,25,25.0000,26,52,true,0.0128,25.0000
E7,open,5172,25,50,30,0,0,greedy,manhattan,4,,25,25,25.0000,26,52,true,0.0145,25.0000
E7,open,5172,25,50,30,0,0,swarm,manhattan,4,,25,25,25.0000,26,52,true,0.0126,25.0000
E7,open,5172,25,50,30,0,0,convergent_swarm,manhattan,4,,25,25,25.0000,26,52,true,0.0126,25.0000
E7,open,5172,25,50,30,0,0,a_star,euclidean,4,,25,25,25.0000,26,52,true,0.0129,25.0000
E7,open,5172,25,50,30,0,0,greedy,euclidean,4,,25,25,25.0000,26,52,true,0.0137,25.0000
E7,open,5172,25,50,30,0,0,swarm,euclidean,4,,25,25,25.0000,26,52,true,0.0143,25.0000
E7,open,5172,25,50,30,0,0,convergent_swarm,euclidean,4,,25,25,25.0000,26,52,true,0.0131,25.0000
E7,open,5172,25,50,30,0,0,a_star,chebyshev,4,,25,25,25.0000,26,52,true,0.0116,25.0000
E7,open,5172,25,50,30,0,0,greedy,chebyshev,4,,25,25,25.0000,26,52,true,0.0121,25.0000
E7,open,5172,25,50,30,0,0,swarm,chebyshev,4,,25,25,25.0000,26,52,true,0.0124,25.0000
E7,open,5172,25,50,30,0,0,convergent_swarm,chebyshev,4,,25,25,25.0000,26,52,true,0.0119,25.0000
E7,open,5172,25,50,30,0,0,a_star,octile,4,,25,25,25.0000,26,52,true,0.0122,25.0000
E7,open,5172,25,50,30,0,0,greedy,octile,4,,25,25,25.0000,26,52,true,0.0123,25.0000
E7,open,5172,25,50,30,0,0,swarm,octile,4,,25,25,25.0000,26,52,true,0.0140,25.0000
E7,open,5172,25,50,30,0,0,convergent_swarm,octile,4,,25,25,25.0000,26,52,true,0.0124,25.0000
E7,open,5172,25,50,30,0,0,bfs,manhattan,4,,793,25,25.0000,26,50,true,0.2245,25.0000
E7,open,5172,25,50,30,0,0,dfs,manhattan,4,,25,25,25.0000,26,52,true,0.0086,25.0000
E7,open,5172,25,50,30,0,0,dijkstra,manhattan,4,,781,25,25.0000,26,63,true,0.3233,25.0000
E7,open,5172,25,50,30,0,0,zero_one_bfs,manhattan,4,,25,0,25.0000,26,52,true,0.0141,25.0000
E7,open,5291,25,50,30,0,0,a_star,manhattan,4,,25,25,25.0000,26,52,true,0.0128,25.0000
E7,open,5291,25,50,30,0,0,greedy,manhattan,4,,25,25,25.0000,26,52,true,0.0138,25.0000
E7,open,5291,25,50,30,0,0,swarm,manhattan,4,,25,25,25.0000,26,52,true,0.0129,25.0000
E7,open,5291,25,50,30,0,0,convergent_swarm,manhattan,4,,25,25,25.0000,26,52,true,0.0122,25.0000
E7,open,5291,25,50,30,0,0,a_star,euclidean,4,,25,25,25.0000,26,52,true,0.0131,25.0000
E7,open,5291,25,50,30,0,0,greedy,euclidean,4,,25,25,25.0000,26,52,true,0.0126,25.0000
E7,open,5291,25,50,30,0,0,swarm,euclidean,4,,25,25,25.0000,26,52,true,0.0134,25.0000
E7,open,5291,25,50,30,0,0,convergent_swarm,euclidean,4,,25,25,25.0000,26,52,true,0.0133,25.0000
E7,open,5291,25,50,30,0,0,a_star,chebyshev,4,,25,25,25.0000,26,52,true,0.0130,25.0000
E7,open,5291,25,50,30,0,0,greedy,chebyshev,4,,25,25,25.0000,26,52,true,0.0127,25.0000
E7,open,5291,25,50,30,0,0,swarm,chebyshev,4,,25,25,25.0000,26,52,true,0.0128,25.0000
E7,open,5291,25,50,30,0,0,convergent_swarm,chebyshev,4,,25,25,25.0000,26,52,true,0.0120,25.0000
E7,open,5291,25,50,30,0,0,a_star,octile,4,,25,25,25.0000,26,52,true,0.0124,25.0000
E7,open,5291,25,50,30,0,0,greedy,octile,4,,25,25,25.0000,26,52,true,0.0126,25.0000
E7,open,5291,25,50,30,0,0,swarm,octile,4,,25,25,25.0000,26,52,true,0.0130,25.0000
E7,open,5291,25,50,30,0,0,convergent_swarm,octile,4,,25,25,25.0000,26,52,true,0.0127,25.0000
E7,open,5291,25,50,30,0,0,bfs,manhattan,4,,793,25,25.0000,26,50,true,0.2205,25.0000
E7,open,5291,25,50,30,0,0,dfs,manhattan,4,,25,25,25.0000,26,52,true,0.0086,25.0000
E7,open,5291,25,50,30,0,0,dijkstra,manhattan,4,,781,25,25.0000,26,63,true,0.3038,25.0000
E7,open,5291,25,50,30,0,0,zero_one_bfs,manhattan,4,,25,0,25.0000,26,52,true,0.0140,25.0000
E8,random,42,25,50,30,359,0,bfs,manhattan,4,,589,37,37.0000,38,43,true,0.7361,37.0000
E8,random,42,25,50,30,359,0,dfs,manhattan,4,,326,137,137.0000,138,145,true,0.5109,37.0000
E8,random,42,25,50,30,359,0,dijkstra,manhattan,4,,591,37,37.0000,38,44,true,0.6772,37.0000
E8,random,42,25,50,30,359,0,a_star,manhattan,4,,200,37,37.0000,38,44,true,0.1804,37.0000
E8,random,42,25,50,30,359,0,greedy,manhattan,4,,76,39,39.0000,40,37,true,0.0725,37.0000
E8,random,42,25,50,30,359,0,swarm,manhattan,4,,106,37,37.0000,38,34,true,0.1400,37.0000
E8,random,42,25,50,30,359,0,convergent_swarm,manhattan,4,,83,39,39.0000,40,37,true,0.0597,37.0000
E8,random,42,25,50,30,359,0,zero_one_bfs,manhattan,4,,229,0,123.0000,124,101,true,0.4358,37.0000
E8,random,42,25,50,30,359,0,bfs,manhattan,8,,676,25,28.3137,26,73,true,0.6498,28.3137
E8,random,42,25,50,30,359,0,dfs,manhattan,8,,264,228,312.0854,229,537,true,0.5939,28.3137
E8,random,42,25,50,30,359,0,dijkstra,manhattan,8,,663,28.313708498984763,28.3137,26,79,true,1.1989,28.3137
E8,random,42,25,50,30,359,0,a_star,manhattan,8,,109,28.313708498984766,28.3137,26,77,true,0.1917,28.3137
E8,random,42,25,50,30,359,0,greedy,manhattan,8,,36,30.556349186104054,30.5563,27,52,true,0.0653,28.3137
E8,random,42,25,50,30,359,0,swarm,manhattan,8,,53,30.556349186104054,30.5563,27,67,true,0.0987,28.3137
E8,random,42,25,50,30,359,0,convergent_swarm,manhattan,8,,42,30.556349186104054,30.5563,27,56,true,0.0778,28.3137
E8,random,42,25,50,30,359,0,zero_one_bfs,manhattan,8,,229,0,123.0000,124,315,true,0.5987,28.3137
E8,random,137,25,50,30,383,0,bfs,manhattan,4,,732,91,91.0000,92,25,true,0.3872,91.0000
E8,random,137,25,50,30,383,0,dfs,manhattan,4,,343,277,277.0000,278,209,true,0.2136,91.0000
E8,random,137,25,50,30,383,0,dijkstra,manhattan,4,,728,91,91.0000,92,24,true,0.5602,91.0000
E8,random,137,25,50,30,383,0,a_star,manhattan,4,,618,91,91.0000,92,30,true,0.5780,91.0000
E8,random,137,25,50,30,383,0,greedy,manhattan,4,,217,97,97.0000,98,55,true,0.5044,91.0000
E8,random,137,25,50,30,383,0,swarm,manhattan,4,,538,91,91.0000,92,39,true,0.2770,91.0000
E8,random,137,25,50,30,383,0,convergent_swarm,manhattan,4,,295,91,91.0000,92,47,true,0.1546,91.0000
E8,random,137,25,50,30,383,0,zero_one_bfs,manhattan,4,,324,0,181.0000,182,122,true,0.2581,91.0000
E8,random,137,25,50,30,383,0,bfs,manhattan,8,,632,25,30.7990,26,66,true,0.3813,29.9706
E8,random,137,25,50,30,383,0,dfs,manhattan,8,,297,264,362.1686,265,627,true,0.1777,29.9706
E8,random,137,25,50,30,383,0,dijkstra,manhattan,8,,639,29.970562748477146,29.9706,26,65,true,0.5464,29.9706
E8,random,137,25,50,30,383,0,a_star,manhattan,8,,114,29.970562748477146,29.9706,26,68,true,0.2282,29.9706
E8,random,137,25,50,30,383,0,greedy,manhattan,8,,26,32.45584412271572,32.4558,26,42,true,0.0412,29.9706
E8,random,137,25,50,30,383,0,swarm,manhattan,8,,26,32.45584412271572,32.4558,26,42,true,0.0393,29.9706
E8,random,137,25,50,30,383,0,convergent_swarm,manhattan,8,,26,32.45584412271572,32.4558,26,42,true,0.0384,29.9706
E8,random,137,25,50,30,383,0,zero_one_bfs,manhattan,8,,324,0,181.0000,182,435,true,0.4125,29.9706
E8,random,256,25,50,30,343,0,bfs,manhattan,4,,617,33,33.0000,34,40,true,0.4108,33.0000
E8,random,256,25,50,30,343,0,dfs,manhattan,4,,855,75,75.0000,76,213,true,0.5879,33.0000
E8,random,256,25,50,30,343,0,dijkstra,manhattan,4,,620,33,33.0000,34,47,true,0.5140,33.0000
E8,random,256,25,50,30,343,0,a_star,manhattan,4,,109,33,33.0000,34,37,true,0.0930,33.0000
E8,random,256,25,50,30,343,0,greedy,manhattan,4,,47,35,35.0000,36,35,true,0.0473,33.0000
E8,random,256,25,50,30,343,0,swarm,manhattan,4,,54,33,33.0000,34,31,true,0.0544,33.0000
E8,random,256,25,50,30,343,0,convergent_swarm,manhattan,4,,47,35,35.0000,36,35,true,0.0422,33.0000
E8,random,256,25,50,30,343,0,zero_one_bfs,manhattan,4,,855,0,35.0000,36,156,true,0.8477,33.0000
E8,random,256,25,50,30,343,0,bfs,manhattan,8,,668,25,29.1421,26,67,true,0.4074,28.3137
E8,random,256,25,50,30,343,0,dfs,manhattan,8,,456,401,550.1169,402,909,true,0.2755,28.3137
E8,random,256,25,50,30,343,0,dijkstra,manhattan,8,,664,28.313708498984763,28.3137,26,81,true,0.4706,28.3137
E8,random,256,25,50,30,343,0,a_star,manhattan,8,,68,28.313708498984766,28.3137,26,60,true,0.0967,28.3137
E8,random,256,25,50,30,343,0,greedy,manhattan,8,,26,29.970562748477146,29.9706,26,47,true,0.0370,28.3137
E8,random,256,25,50,30,343,0,swarm,manhattan,8,,26,29.970562748477146,29.9706,26,47,true,0.0352,28.3137
E8,random,256,25,50,30,343,0,convergent_swarm,manhattan,8,,26,29.970562748477146,29.9706,26,47,true,0.0279,28.3137
E8,random,256,25,50,30,343,0,zero_one_bfs,manhattan,8,,855,0,35.0000,36,662,true,1.0995,28.3137
E8,random,1049,25,50,30,353,0,bfs,manhattan,4,,629,31,31.0000,32,31,true,0.3520,31.0000
E8,random,1049,25,50,30,353,0,dfs,manhattan,4,,159,115,115.0000,116,109,true,0.0941,31.0000
E8,random,1049,25,50,30,353,0,dijkstra,manhattan,4,,617,31,31.0000,32,36,true,1.3542,31.0000
E8,random,1049,25,50,30,353,0,a_star,manhattan,4,,114,31,31.0000,32,34,true,0.0928,31.0000
E8,random,1049,25,50,30,353,0,greedy,manhattan,4,,33,33,33.0000,34,37,true,0.0331,31.0000
E8,random,1049,25,50,30,353,0,swarm,manhattan,4,,48,31,31.0000,32,42,true,0.0426,31.0000
E8,random,1049,25,50,30,353,0,convergent_swarm,manhattan,4,,33,33,33.0000,34,37,true,0.0307,31.0000
E8,random,1049,25,50,30,353,0,zero_one_bfs,manhattan,4,,516,0,173.0000,174,172,true,0.7673,31.0000
E8,random,1049,25,50,30,353,0,bfs,manhattan,8,,676,25,27.4853,26,77,true,0.9862,27.4853
E8,random,1049,25,50,30,353,0,dfs,manhattan,8,,245,221,303.0143,222,550,true,0.2272,27.4853
E8,random,1049,25,50,30,353,0,dijkstra,manhattan,8,,662,27.485281374238575,27.4853,26,71,true,0.4405,27.4853
E8,random,1049,25,50,30,353,0,a_star,manhattan,8,,79,27.485281374238575,27.4853,26,74,true,0.0542,27.4853
E8,random,1049,25,50,30,353,0,greedy,manhattan,8,,25,29.142135623730958,29.1421,26,51,true,0.0196,27.4853
E8,random,1049,25,50,30,353,0,swarm,manhattan,8,,25,29.142135623730958,29.1421,26,51,true,0.0185,27.4853
E8,random,1049,25,50,30,353,0,convergent_swarm,manhattan,8,,25,29.142135623730958,29.1421,26,51,true,0.0215,27.4853
E8,random,1049,25,50,30,353,0,zero_one_bfs,manhattan,8,,516,0,173.0000,174,576,true,0.3862,27.4853
E8,random,1144,25,50,30,380,0,bfs,manhattan,4,,439,33,33.0000,34,28,true,0.1412,33.0000
E8,random,1144,25,50,30,380,0,dfs,manhattan,4,,169,115,115.0000,116,111,true,0.0605,33.0000
E8,random,1144,25,50,30,380,0,dijkstra,manhattan,4,,434,33,33.0000,34,30,true,0.1664,33.0000
E8,random,1144,25,50,30,380,0,a_star,manhattan,4,,90,33,33.0000,34,31,true,0.0321,33.0000
E8,random,1144,25,50,30,380,0,greedy,manhattan,4,,46,35,35.0000,36,26,true,0.0185,33.0000
E8,random,1144,25,50,30,380,0,swarm,manhattan,4,,48,33,33.0000,34,25,true,0.0534,33.0000
E8,random,1144,25,50,30,380,0,convergent_swarm,manhattan,4,,46,35,35.0000,36,26,true,0.0174,33.0000
E8,random,1144,25,50,30,380,0,zero_one_bfs,manhattan,4,,94,0,75.0000,76,66,true,0.0480,33.0000
E8,random,1144,25,50,30,380,0,bfs,manhattan,8,,617,25,27.4853,26,53,true,0.2899,27.4853
E8,random,1144,25,50,30,380,0,dfs,manhattan,8,,165,143,193.5341,144,336,true,0.0874,27.4853
E8,random,1144,25,50,30,380,0,dijkstra,manhattan,8,,599,27.485281374238575,27.4853,26,59,true,0.3494,27.4853
E8,random,1144,25,50,30,380,0,a_star,manhattan,8,,66,27.485281374238575,27.4853,26,54,true,0.0417,27.4853
E8,random,1144,25,50,30,380,0,greedy,manhattan,8,,25,29.142135623730958,29.1421,26,44,true,0.0173,27.4853
E8,random,1144,25,50,30,380,0,swarm,manhattan,8,,25,29.142135623730958,29.1421,26,44,true,0.0166,27.4853
E8,random,1144,25,50,30,380,0,convergent_swarm,manhattan,8,,25,29.142135623730958,29.1421,26,44,true,0.0149,27.4853
E8,random,1144,25,50,30,380,0,zero_one_bfs,manhattan,8,,94,0,75.0000,76,178,true,0.0731,27.4853
E8,random,1263,25,50,30,382,0,bfs,manhattan,4,,681,45,45.0000,46,32,true,0.2259,45.0000
E8,random,1263,25,50,30,382,0,dfs,manhattan,4,,352,207,207.0000,208,164,true,0.1232,45.0000
E8,random,1263,25,50,30,382,0,dijkstra,manhattan,4,,679,45,45.0000,46,35,true,0.2447,45.0000
E8,random,1263,25,50,30,382,0,a_star,manhattan,4,,389,45,45.0000,46,62,true,0.1422,45.0000
E8,random,1263,25,50,30,382,0,greedy,manhattan,4,,108,57,57.0000,58,42,true,0.0422,45.0000
E8,random,1263,25,50,30,382,0,swarm,manhattan,4,,141,45,45.0000,46,35,true,0.0557,45.0000
E8,random,1263,25,50,30,382,0,convergent_swarm,manhattan,4,,103,45,45.0000,46,38,true,0.0400,45.0000
E8,random,1263,25,50,30,382,0,zero_one_bfs,manhattan,4,,479,0,175.0000,176,161,true,0.3087,45.0000
E8,random,1263,25,50,30,382,0,bfs,manhattan,8,,642,25,28.3137,26,66,true,0.6152,28.3137
E8,random,1263,25,50,30,382,0,dfs,manhattan,8,,326,278,380.3107,279,645,true,0.2746,28.3137
E8,random,1263,25,50,30,382,0,dijkstra,manhattan,8,,637,28.313708498984763,28.3137,26,72,true,0.4050,28.3137
E8,random,1263,25,50,30,382,0,a_star,manhattan,8,,77,28.313708498984763,28.3137,26,57,true,0.0515,28.3137
E8,random,1263,25,50,30,382,0,greedy,manhattan,8,,26,29.970562748477146,29.9706,26,40,true,0.0175,28.3137
E8,random,1263,25,50,30,382,0,swarm,manhattan,8,,27,29.970562748477146,29.9706,26,40,true,0.0179,28.3137
E8,random,1263,25,50,30,382,0,convergent_swarm,manhattan,8,,26,29.970562748477146,29.9706,26,40,true,0.0166,28.3137
E8,random,1263,25,50,30,382,0,zero_one_bfs,manhattan,8,,479,0,175.0000,176,544,true,0.3586,28.3137
E8,random,2056,25,50,30,363,0,bfs,manhattan,4,,873,,,,36,false,0.4594,
E8,random,2056,25,50,30,363,0,dfs,manhattan,4,,873,,,,280,false,0.5434,
E8,random,2056,25,50,30,363,0,dijkstra,manhattan,4,,873,,,,39,false,0.4958,
E8,random,2056,25,50,30,363,0,a_star,manhattan,4,,873,,,,60,false,0.5098,
E8,random,2056,25,50,30,363,0,greedy,manhattan,4,,873,,,,57,false,0.5075,
E8,random,2056,25,50,30,363,0,swarm,manhattan,4,,873,,,,44,false,0.5442,
E8,random,2056,25,50,30,363,0,convergent_swarm,manhattan,4,,873,,,,45,false,0.5239,
E8,random,2056,25,50,30,363,0,zero_one_bfs,manhattan,4,,873,,,,186,false,0.7592,
E8,random,2056,25,50,30,363,0,bfs,manhattan,8,,655,25,29.1421,26,69,true,0.5101,28.3137
E8,random,2056,25,50,30,363,0,dfs,manhattan,8,,261,229,315.9848,230,576,true,0.2330,28.3137
E8,random,2056,25,50,30,363,0,dijkstra,manhattan,8,,648,28.313708498984763,28.3137,26,67,true,0.4367,28.3137
E8,random,2056,25,50,30,363,0,a_star,manhattan,8,,70,28.313708498984763,28.3137,26,55,true,0.0469,28.3137
E8,random,2056,25,50,30,363,0,greedy,manhattan,8,,25,30.798989873223338,30.7990,26,46,true,0.0182,28.3137
E8,random,2056,25,50,30,363,0,swarm,manhattan,8,,25,30.798989873223338,30.7990,26,46,true,0.0172,28.3137
E8,random,2056,25,50,30,363,0,convergent_swarm,manhattan,8,,25,30.798989873223338,30.7990,26,46,true,0.0179,28.3137
E8,random,2056,25,50,30,363,0,zero_one_bfs,manhattan,8,,881,1,224.4142,225,658,true,1.2666,28.3137
E8,random,2151,25,50,30,388,0,bfs,manhattan,4,,540,61,61.0000,62,21,true,0.3025,61.0000
E8,random,2151,25,50,30,388,0,dfs,manhattan,4,,225,125,125.0000,126,96,true,0.1375,61.0000
E8,random,2151,25,50,30,388,0,dijkstra,manhattan,4,,542,61,61.0000,62,22,true,0.3310,61.0000
E8,random,2151,25,50,30,388,0,a_star,manhattan,4,,285,61,61.0000,62,37,true,0.1723,61.0000
E8,random,2151,25,50,30,388,0,greedy,manhattan,4,,220,69,69.0000,70,53,true,0.1285,61.0000
E8,random,2151,25,50,30,388,0,swarm,manhattan,4,,200,63,63.0000,64,48,true,0.1159,61.0000
E8,random,2151,25,50,30,388,0,convergent_swarm,manhattan,4,,208,69,69.0000,70,50,true,0.1590,61.0000
E8,random,2151,25,50,30,388,0,zero_one_bfs,manhattan,4,,199,0,109.0000,110,78,true,0.1639,61.0000
E8,random,2151,25,50,30,388,0,bfs,manhattan,8,,626,25,29.9706,26,61,true,0.4185,27.4853
E8,random,2151,25,50,30,388,0,dfs,manhattan,8,,291,257,352.2691,258,562,true,0.2687,27.4853
E8,random,2151,25,50,30,388,0,dijkstra,manhattan,8,,607,27.48528137423857,27.4853,26,69,true,0.7291,27.4853
E8,random,2151,25,50,30,388,0,a_star,manhattan,8,,55,27.485281374238575,27.4853,26,52,true,0.0885,27.4853
E8,random,2151,25,50,30,388,0,greedy,manhattan,8,,25,28.313708498984766,28.3137,26,37,true,0.0502,27.4853
E8,random,2151,25,50,30,388,0,swarm,manhattan,8,,25,28.313708498984766,28.3137,26,37,true,0.0350,27.4853
E8,random,2151,25,50,30,388,0,convergent_swarm,manhattan,8,,25,28.313708498984766,28.3137,26,37,true,0.0338,27.4853
E8,random,2151,25,50,30,388,0,zero_one_bfs,manhattan,8,,199,0,109.0000,110,265,true,0.4184,27.4853
E8,random,2270,25,50,30,370,0,bfs,manhattan,4,,558,31,31.0000,32,33,true,0.2501,31.0000
E8,random,2270,25,50,30,370,0,dfs,manhattan,4,,175,107,107.0000,108,84,true,0.1089,31.0000
E8,random,2270,25,50,30,370,0,dijkstra,manhattan,4,,553,31,31.0000,32,36,true,0.3346,31.0000
E8,random,2270,25,50,30,370,0,a_star,manhattan,4,,95,31,31.0000,32,33,true,0.0572,31.0000
E8,random,2270,25,50,30,370,0,greedy,manhattan,4,,37,35,35.0000,36,33,true,0.0302,31.0000
E8,random,2270,25,50,30,370,0,swarm,manhattan,4,,40,33,33.0000,34,32,true,0.0279,31.0000
E8,random,2270,25,50,30,370,0,convergent_swarm,manhattan,4,,38,35,35.0000,36,33,true,0.0267,31.0000
E8,random,2270,25,50,30,370,0,zero_one_bfs,manhattan,4,,118,0,73.0000,74,51,true,0.0917,31.0000
E8,random,2270,25,50,30,370,0,bfs,manhattan,8,,650,25,28.3137,26,65,true,1.0154,27.4853
E8,random,2270,25,50,30,370,0,dfs,manhattan,8,,340,303,415.6661,304,736,true,0.3181,27.4853
E8,random,2270,25,50,30,370,0,dijkstra,manhattan,8,,644,27.485281374238575,27.4853,26,72,true,0.6137,27.4853
E8,random,2270,25,50,30,370,0,a_star,manhattan,8,,72,28.313708498984763,28.3137,26,51,true,0.0745,27.4853
E8,random,2270,25,50,30,370,0,greedy,manhattan,8,,26,29.142135623730955,29.1421,26,47,true,0.0311,27.4853
E8,random,2270,25,50,30,370,0,swarm,manhattan,8,,31,28.313708498984763,28.3137,26,48,true,0.0344,27.4853
E8,random,2270,25,50,30,370,0,convergent_swarm,manhattan,8,,26,29.142135623730955,29.1421,26,47,true,0.0300,27.4853
E8,random,2270,25,50,30,370,0,zero_one_bfs,manhattan,8,,118,0,73.0000,74,172,true,0.1421,27.4853
E8,random,3063,25,50,30,349,0,bfs,manhattan,4,,537,29,29.0000,30,33,true,0.2382,29.0000
E8,random,3063,25,50,30,349,0,dfs,manhattan,4,,343,149,149.0000,150,131,true,0.3019,29.0000
E8,random,3063,25,50,30,349,0,dijkstra,manhattan,4,,521,29,29.0000,30,35,true,0.3253,29.0000
E8,random,3063,25,50,30,349,0,a_star,manhattan,4,,65,29,29.0000,30,35,true,0.0424,29.0000
E8,random,3063,25,50,30,349,0,greedy,manhattan,4,,34,31,31.0000,32,33,true,0.0267,29.0000
E8,random,3063,25,50,30,349,0,swarm,manhattan,4,,36,31,31.0000,32,33,true,0.0258,29.0000
E8,random,3063,25,50,30,349,0,convergent_swarm,manhattan,4,,34,31,31.0000,32,33,true,0.0239,29.0000
E8,random,3063,25,50,30,349,0,zero_one_bfs,manhattan,4,,183,0,133.0000,134,109,true,0.1520,29.0000
E8,random,3063,25,50,30,349,0,bfs,manhattan,8,,672,25,27.4853,26,72,true,0.3664,26.6569
E8,random,3063,25,50,30,349,0,dfs,manhattan,8,,199,196,270.1442,197,514,true,0.1246,26.6569
E8,random,3063,25,50,30,349,0,dijkstra,manhattan,8,,646,26.65685424949238,26.6569,26,77,true,0.4492,26.6569
E8,random,3063,25,50,30,349,0,a_star,manhattan,8,,65,26.656854249492383,26.6569,26,74,true,0.0745,26.6569
E8,random,3063,25,50,30,349,0,greedy,manhattan,8,,26,28.313708498984763,28.3137,26,48,true,0.0321,26.6569
E8,random,3063,25,50,30,349,0,swarm,manhattan,8,,29,28.313708498984763,28.3137,26,50,true,0.0340,26.6569
E8,random,3063,25,50,30,349,0,convergent_swarm,manhattan,8,,26,28.313708498984763,28.3137,26,48,true,0.0308,26.6569
E8,random,3063,25,50,30,349,0,zero_one_bfs,manhattan,8,,183,0,133.0000,134,312,true,0.2367,26.6569
E8,random,3158,25,50,30,369,0,bfs,manhattan,4,,683,39,39.0000,40,35,true,0.1846,39.0000
E8,random,3158,25,50,30,369,0,dfs,manhattan,4,,818,91,91.0000,92,205,true,0.2971,39.0000
E8,random,3158,25,50,30,369,0,dijkstra,manhattan,4,,671,39,39.0000,40,40,true,0.2707,39.0000
E8,random,3158,25,50,30,369,0,a_star,manhattan,4,,168,39,39.0000,40,32,true,0.0620,39.0000
E8,random,3158,25,50,30,369,0,greedy,manhattan,4,,94,45,45.0000,46,28,true,0.0346,39.0000
E8,random,3158,25,50,30,369,0,swarm,manhattan,4,,125,39,39.0000,40,30,true,0.0471,39.0000
E8,random,3158,25,50,30,369,0,convergent_swarm,manhattan,4,,108,45,45.0000,46,25,true,0.0400,39.0000
E8,random,3158,25,50,30,369,0,zero_one_bfs,manhattan,4,,526,0,153.0000,154,170,true,0.2192,39.0000
E8,random,3158,25,50,30,369,0,bfs,manhattan,8,,667,25,27.4853,26,63,true,0.2743,27.4853
E8,random,3158,25,50,30,369,0,dfs,manhattan,8,,423,363,500.5189,364,808,true,0.3830,27.4853
E8,random,3158,25,50,30,369,0,dijkstra,manhattan,8,,657,27.485281374238575,27.4853,26,71,true,0.6475,27.4853
E8,random,3158,25,50,30,369,0,a_star,manhattan,8,,59,27.485281374238575,27.4853,26,48,true,0.0613,27.4853
E8,random,3158,25,50,30,369,0,greedy,manhattan,8,,25,29.142135623730958,29.1421,26,44,true,0.0288,27.4853
E8,random,3158,25,50,30,369,0,swarm,manhattan,8,,25,29.142135623730958,29.1421,26,44,true,0.0289,27.4853
E8,random,3158,25,50,30,369,0,convergent_swarm,manhattan,8,,25,29.142135623730958,29.1421,26,44,true,0.0276,27.4853
E8,random,3158,25,50,30,369,0,zero_one_bfs,manhattan,8,,526,0,153.0000,154,545,true,0.6018,27.4853
E8,random,3277,25,50,30,354,0,bfs,manhattan,4,,642,33,33.0000,34,36,true,0.1760,33.0000
E8,random,3277,25,50,30,354,0,dfs,manhattan,4,,163,87,87.0000,88,98,true,0.0659,33.0000
E8,random,3277,25,50,30,354,0,dijkstra,manhattan,4,,638,33,33.0000,34,39,true,0.2561,33.0000
E8,random,3277,25,50,30,354,0,a_star,manhattan,4,,124,33,33.0000,34,39,true,0.0747,33.0000
E8,random,3277,25,50,30,354,0,greedy,manhattan,4,,40,35,35.0000,36,37,true,0.0278,33.0000
E8,random,3277,25,50,30,354,0,swarm,manhattan,4,,47,35,35.0000,36,36,true,0.0326,33.0000
E8,random,3277,25,50,30,354,0,convergent_swarm,manhattan,4,,40,35,35.0000,36,37,true,0.0276,33.0000
E8,random,3277,25,50,30,354,0,zero_one_bfs,manhattan,4,,146,0,81.0000,82,71,true,0.1031,33.0000
E8,random,3277,25,50,30,354,0,bfs,manhattan,8,,662,25,28.3137,26,72,true,0.4414,28.3137
E8,random,3277,25,50,30,354,0,dfs,manhattan,8,,600,529,727.8225,530,1180,true,0.5413,28.3137
E8,random,3277,25,50,30,354,0,dijkstra,manhattan,8,,659,28.313708498984763,28.3137,26,67,true,0.6514,28.3137
E8,random,3277,25,50,30,354,0,a_star,manhattan,8,,105,28.313708498984763,28.3137,26,76,true,0.1165,28.3137
E8,random,3277,25,50,30,354,0,greedy,manhattan,8,,26,29.142135623730955,29.1421,26,47,true,0.0325,28.3137
E8,random,3277,25,50,30,354,0,swarm,manhattan,8,,27,29.142135623730955,29.1421,26,47,true,0.0339,28.3137
E8,random,3277,25,50,30,354,0,convergent_swarm,manhattan,8,,26,29.142135623730955,29.1421,26,47,true,0.0274,28.3137
E8,random,3277,25,50,30,354,0,zero_one_bfs,manhattan,8,,146,0,81.0000,82,220,true,0.1546,28.3137
E8,random,4070,25,50,30,402,0,bfs,manhattan,4,,500,,,,40,false,0.2340,
E8,random,4070,25,50,30,402,0,dfs,manhattan,4,,500,,,,132,false,0.3186,
E8,random,4070,25,50,30,402,0,dijkstra,manhattan,4,,500,,,,41,false,0.2857,
E8,random,4070,25,50,30,402,0,a_star,manhattan,4,,500,,,,34,false,0.2789,
E8,random,4070,25,50,30,402,0,greedy,manhattan,4,,500,,,,28,false,0.2745,
E8,random,4070,25,50,30,402,0,swarm,manhattan,4,,500,,,,27,false,0.3933,
E8,random,4070,25,50,30,402,0,convergent_swarm,manhattan,4,,500,,,,25,false,0.3461,
E8,random,4070,25,50,30,402,0,zero_one_bfs,manhattan,4,,500,,,,76,false,0.3554,
E8,random,4070,25,50,30,402,0,bfs,manhattan,8,,631,25,27.4853,26,58,true,0.4205,27.4853
E8,random,4070,25,50,30,402,0,dfs,manhattan,8,,220,193,263.4163,194,435,true,0.1557,27.4853
E8,random,4070,25,50,30,402,0,dijkstra,manhattan,8,,619,27.48528137423857,27.4853,26,66,true,0.7009,27.4853
E8,random,4070,25,50,30,402,0,a_star,manhattan,8,,62,27.485281374238575,27.4853,26,62,true,0.0816,27.4853
E8,random,4070,25,50,30,402,0,greedy,manhattan,8,,27,27.485281374238575,27.4853,26,38,true,0.0384,27.4853
E8,random,4070,25,50,30,402,0,swarm,manhattan,8,,27,27.485281374238575,27.4853,26,38,true,0.0389,27.4853
E8,random,4070,25,50,30,402,0,convergent_swarm,manhattan,8,,27,27.485281374238575,27.4853,26,38,true,0.0282,27.4853
E8,random,4070,25,50,30,402,0,zero_one_bfs,manhattan,8,,512,1,30.4142,31,362,true,0.7309,27.4853
E8,random,4165,25,50,30,363,0,bfs,manhattan,4,,592,35,35.0000,36,31,true,0.5016,35.0000
E8,random,4165,25,50,30,363,0,dfs,manhattan,4,,255,81,81.0000,82,101,true,0.1707,35.0000
E8,random,4165,25,50,30,363,0,dijkstra,manhattan,4,,598,35,35.0000,36,33,true,0.6182,35.0000
E8,random,4165,25,50,30,363,0,a_star,manhattan,4,,133,35,35.0000,36,38,true,0.1411,35.0000
E8,random,4165,25,50,30,363,0,greedy,manhattan,4,,46,37,37.0000,38,32,true,0.0562,35.0000
E8,random,4165,25,50,30,363,0,swarm,manhattan,4,,50,35,35.0000,36,30,true,0.0560,35.0000
E8,random,4165,25,50,30,363,0,convergent_swarm,manhattan,4,,49,37,37.0000,38,31,true,0.0545,35.0000
E8,random,4165,25,50,30,363,0,zero_one_bfs,manhattan,4,,225,0,73.0000,74,70,true,0.3260,35.0000
E8,random,4165,25,50,30,363,0,bfs,manhattan,8,,656,25,27.4853,26,65,true,0.7637,27.4853
E8,random,4165,25,50,30,363,0,dfs,manhattan,8,,123,118,163.1493,119,310,true,0.1646,27.4853
E8,random,4165,25,50,30,363,0,dijkstra,manhattan,8,,636,27.48528137423857,27.4853,26,60,true,1.0592,27.4853
E8,random,4165,25,50,30,363,0,a_star,manhattan,8,,66,27.48528137423857,27.4853,26,63,true,0.1168,27.4853
E8,random,4165,25,50,30,363,0,greedy,manhattan,8,,28,30.798989873223338,30.7990,26,50,true,0.0520,27.4853
E8,random,4165,25,50,30,363,0,swarm,manhattan,8,,31,30.798989873223338,30.7990,26,51,true,0.0618,27.4853
E8,random,4165,25,50,30,363,0,convergent_swarm,manhattan,8,,28,30.798989873223338,30.7990,26,50,true,0.0561,27.4853
E8,random,4165,25,50,30,363,0,zero_one_bfs,manhattan,8,,225,0,73.0000,74,244,true,0.5695,27.4853
E8,random,4284,25,50,30,376,0,bfs,manhattan,4,,572,33,33.0000,34,39,true,0.8383,33.0000
E8,random,4284,25,50,30,376,0,dfs,manhattan,4,,800,127,127.0000,128,231,true,0.7605,33.0000
E8,random,4284,25,50,30,376,0,dijkstra,manhattan,4,,571,33,33.0000,34,42,true,0.7138,33.0000
E8,random,4284,25,50,30,376,0,a_star,manhattan,4,,109,33,33.0000,34,35,true,0.1422,33.0000
E8,random,4284,25,50,30,376,0,greedy,manhattan,4,,38,35,35.0000,36,36,true,0.0575,33.0000
E8,random,4284,25,50,30,376,0,swarm,manhattan,4,,38,35,35.0000,36,36,true,0.1002,33.0000
E8,random,4284,25,50,30,376,0,convergent_swarm,manhattan,4,,38,35,35.0000,36,36,true,0.0367,33.0000
E8,random,4284,25,50,30,376,0,zero_one_bfs,manhattan,4,,810,0,45.0000,46,178,true,1.3131,33.0000
E8,random,4284,25,50,30,376,0,bfs,manhattan,8,,662,25,29.1421,26,67,true,1.1302,27.4853
E8,random,4284,25,50,30,376,0,dfs,manhattan,8,,172,154,211.5757,155,377,true,0.3266,27.4853
E8,random,4284,25,50,30,376,0,dijkstra,manhattan,8,,638,27.48528137423857,27.4853,26,69,true,1.2495,27.4853
E8,random,4284,25,50,30,376,0,a_star,manhattan,8,,65,27.485281374238575,27.4853,26,55,true,0.1863,27.4853
E8,random,4284,25,50,30,376,0,greedy,manhattan,8,,25,29.97056274847715,29.9706,26,49,true,0.0820,27.4853
E8,random,4284,25,50,30,376,0,swarm,manhattan,8,,25,29.97056274847715,29.9706,26,49,true,0.0892,27.4853
E8,random,4284,25,50,30,376,0,convergent_swarm,manhattan,8,,25,29.97056274847715,29.9706,26,49,true,0.0886,27.4853
E8,random,4284,25,50,30,376,0,zero_one_bfs,manhattan,8,,810,0,45.0000,46,626,true,3.0596,27.4853
E8,random,5077,25,50,30,372,0,bfs,manhattan,4,,696,41,41.0000,42,29,true,1.0043,41.0000
E8,random,5077,25,50,30,372,0,dfs,manhattan,4,,819,57,57.0000,58,173,true,1.3659,41.0000
E8,random,5077,25,50,30,372,0,dijkstra,manhattan,4,,710,41,41.0000,42,31,true,1.0733,41.0000
E8,random,5077,25,50,30,372,0,a_star,manhattan,4,,275,41,41.0000,42,40,true,0.3275,41.0000
E8,random,5077,25,50,30,372,0,greedy,manhattan,4,,69,45,45.0000,46,39,true,0.1769,41.0000
E8,random,5077,25,50,30,372,0,swarm,manhattan,4,,112,45,45.0000,46,36,true,0.1796,41.0000
E8,random,5077,25,50,30,372,0,convergent_swarm,manhattan,4,,73,45,45.0000,46,38,true,0.1286,41.0000
E8,random,5077,25,50,30,372,0,zero_one_bfs,manhattan,4,,533,0,87.0000,88,104,true,1.1516,41.0000
E8,random,5077,25,50,30,372,0,bfs,manhattan,8,,685,27,30.3137,28,60,true,1.3760,30.3137
E8,random,5077,25,50,30,372,0,dfs,manhattan,8,,202,182,247.8600,183,421,true,1.1386,30.3137
E8,random,5077,25,50,30,372,0,dijkstra,manhattan,8,,686,30.313708498984763,30.3137,28,64,true,2.8849,30.3137
E8,random,5077,25,50,30,372,0,a_star,manhattan,8,,157,30.313708498984763,30.3137,28,106,true,0.4031,30.3137
E8,random,5077,25,50,30,372,0,greedy,manhattan,8,,29,33.627416997969526,33.6274,28,55,true,0.0915,30.3137
E8,random,5077,25,50,30,372,0,swarm,manhattan,8,,32,33.627416997969526,33.6274,28,59,true,0.1075,30.3137
E8,random,5077,25,50,30,372,0,convergent_swarm,manhattan,8,,29,33.627416997969526,33.6274,28,55,true,0.0889,30.3137
E8,random,5077,25,50,30,372,0,zero_one_bfs,manhattan,8,,533,0,87.0000,88,466,true,2.1020,30.3137
E8,random,5172,25,50,30,365,0,bfs,manhattan,4,,662,39,39.0000,40,32,true,0.8951,39.0000
E8,random,5172,25,50,30,365,0,dfs,manhattan,4,,590,319,319.0000,320,281,true,0.7828,39.0000
E8,random,5172,25,50,30,365,0,dijkstra,manhattan,4,,663,39,39.0000,40,36,true,0.9500,39.0000
E8,random,5172,25,50,30,365,0,a_star,manhattan,4,,228,39,39.0000,40,39,true,0.3426,39.0000
E8,random,5172,25,50,30,365,0,greedy,manhattan,4,,50,39,39.0000,40,32,true,0.0854,39.0000
E8,random,5172,25,50,30,365,0,swarm,manhattan,4,,60,39,39.0000,40,30,true,0.0976,39.0000
E8,random,5172,25,50,30,365,0,convergent_swarm,manhattan,4,,51,39,39.0000,40,32,true,0.0927,39.0000
E8,random,5172,25,50,30,365,0,zero_one_bfs,manhattan,4,,490,0,227.0000,228,182,true,1.1571,39.0000
E8,random,5172,25,50,30,365,0,bfs,manhattan,8,,655,25,28.3137,26,65,true,1.2864,28.3137
E8,random,5172,25,50,30,365,0,dfs,manhattan,8,,585,503,695.1951,504,1217,true,1.1425,28.3137
E8,random,5172,25,50,30,365,0,dijkstra,manhattan,8,,646,28.313708498984763,28.3137,26,64,true,1.3988,28.3137
E8,random,5172,25,50,30,365,0,a_star,manhattan,8,,95,28.313708498984763,28.3137,26,61,true,0.2523,28.3137
E8,random,5172,25,50,30,365,0,greedy,manhattan,8,,37,37.04163056034262,37.0416,31,57,true,0.0994,28.3137
E8,random,5172,25,50,30,365,0,swarm,manhattan,8,,39,32.213203435596434,32.2132,27,56,true,0.1094,28.3137
E8,random,5172,25,50,30,365,0,convergent_swarm,manhattan,8,,37,37.04163056034262,37.0416,31,57,true,0.0969,28.3137
E8,random,5172,25,50,30,365,0,zero_one_bfs,manhattan,8,,490,0,227.0000,228,602,true,2.2855,28.3137
E8,random,5291,25,50,30,373,0,bfs,manhattan,4,,725,51,51.0000,52,38,true,0.8420,51.0000
E8,random,5291,25,50,30,373,0,dfs,manhattan,4,,209,143,143.0000,144,119,true,0.3439,51.0000
E8,random,5291,25,50,30,373,0,dijkstra,manhattan,4,,725,51,51.0000,52,38,true,1.2866,51.0000
E8,random,5291,25,50,30,373,0,a_star,manhattan,4,,506,51,51.0000,52,43,true,0.7182,51.0000
E8,random,5291,25,50,30,373,0,greedy,manhattan,4,,343,57,57.0000,58,34,true,0.4921,51.0000
E8,random,5291,25,50,30,373,0,swarm,manhattan,4,,411,51,51.0000,52,41,true,0.8760,51.0000
E8,random,5291,25,50,30,373,0,convergent_swarm,manhattan,4,,376,57,57.0000,58,31,true,0.8265,51.0000
E8,random,5291,25,50,30,373,0,zero_one_bfs,manhattan,4,,222,0,85.0000,86,66,true,0.3668,51.0000
E8,random,5291,25,50,30,373,0,bfs,manhattan,8,,669,26,29.7279,27,59,true,0.5576,29.7279
E8,random,5291,25,50,30,373,0,dfs,manhattan,8,,181,177,244.9310,178,455,true,0.1535,29.7279
E8,random,5291,25,50,30,373,0,dijkstra,manhattan,8,,662,29.72792206135786,29.7279,27,65,true,0.5679,29.7279
E8,random,5291,25,50,30,373,0,a_star,manhattan,8,,126,29.72792206135786,29.7279,27,70,true,0.0920,29.7279
E8,random,5291,25,50,30,373,0,greedy,manhattan,8,,32,30.556349186104054,30.5563,27,46,true,0.0227,29.7279
E8,random,5291,25,50,30,373,0,swarm,manhattan,8,,34,30.556349186104054,30.5563,27,46,true,0.0243,29.7279
E8,random,5291,25,50,30,373,0,convergent_swarm,manhattan,8,,31,30.556349186104054,30.5563,27,45,true,0.0197,29.7279
E8,random,5291,25,50,30,373,0,zero_one_bfs,manhattan,8,,222,0,85.0000,86,259,true,0.1604,29.7279
E8,maze,42,25,50,30,673,0,bfs,manhattan,4,,255,145,145.0000,146,7,true,0.0968,145.0000
E8,maze,42,25,50,30,673,0,dfs,manhattan,4,,145,145,145.0000,146,7,true,0.0575,145.0000
E8,maze,42,25,50,30,673,0,dijkstra,manhattan,4,,254,145,145.0000,146,7,true,0.1181,145.0000
E8,maze,42,25,50,30,673,0,a_star,manhattan,4,,167,145,145.0000,146,4,true,0.0760,145.0000
E8,maze,42,25,50,30,673,0,greedy,manhattan,4,,145,145,145.0000,146,7,true,0.0669,145.0000
E8,maze,42,25,50,30,673,0,swarm,manhattan,4,,154,145,145.0000,146,5,true,0.0706,145.0000
E8,maze,42,25,50,30,673,0,convergent_swarm,manhattan,4,,146,145,145.0000,146,7,true,0.0657,145.0000
E8,maze,42,25,50,30,673,0,zero_one_bfs,manhattan,4,,145,0,145.0000,146,7,true,0.0751,145.0000
E8,maze,42,25,50,30,673,0,bfs,manhattan,8,,255,93,114.5391,94,10,true,0.1210,114.5391
E8,maze,42,25,50,30,673,0,dfs,manhattan,8,,94,93,115.3675,94,113,true,0.0598,114.5391
E8,maze,42,25,50,30,673,0,dijkstra,manhattan,8,,255,114.53910524340085,114.5391,94,11,true,0.1306,114.5391
E8,maze,42,25,50,30,673,0,a_star,manhattan,8,,157,114.53910524340085,114.5391,94,11,true,0.0820,114.5391
E8,maze,42,25,50,30,673,0,greedy,manhattan,8,,116,114.53910524340085,114.5391,94,37,true,0.0764,114.5391
E8,maze,42,25,50,30,673,0,swarm,manhattan,8,,133,114.53910524340085,114.5391,94,22,true,0.0907,114.5391
E8,maze,42,25,50,30,673,0,convergent_swarm,manhattan,8,,120,114.53910524340085,114.5391,94,33,true,0.0780,114.5391
E8,maze,42,25,50,30,673,0,zero_one_bfs,manhattan,8,,145,0,145.0000,146,66,true,0.1088,114.5391
E8,maze,137,25,50,30,673,0,bfs,manhattan,4,,253,193,193.0000,194,5,true,0.0617,193.0000
E8,maze,137,25,50,30,673,0,dfs,manhattan,4,,195,193,193.0000,194,7,true,0.0476,193.0000
E8,maze,137,25,50,30,673,0,dijkstra,manhattan,4,,252,193,193.0000,194,4,true,0.1018,193.0000
E8,maze,137,25,50,30,673,0,a_star,manhattan,4,,236,193,193.0000,194,5,true,0.0661,193.0000
E8,maze,137,25,50,30,673,0,greedy,manhattan,4,,203,193,193.0000,194,8,true,0.0775,193.0000
E8,maze,137,25,50,30,673,0,swarm,manhattan,4,,234,193,193.0000,194,5,true,0.0622,193.0000
E8,maze,137,25,50,30,673,0,convergent_swarm,manhattan,4,,209,193,193.0000,194,7,true,0.0539,193.0000
E8,maze,137,25,50,30,673,0,zero_one_bfs,manhattan,4,,195,0,193.0000,194,7,true,0.0657,193.0000
E8,maze,137,25,50,30,673,0,bfs,manhattan,8,,252,117,148.4802,118,7,true,0.0767,148.4802
E8,maze,137,25,50,30,673,0,dfs,manhattan,8,,127,119,150.4802,120,152,true,0.0481,148.4802
E8,maze,137,25,50,30,673,0,dijkstra,manhattan,8,,252,148.48023074035524,148.4802,118,7,true,0.0983,148.4802
E8,maze,137,25,50,30,673,0,a_star,manhattan,8,,228,148.48023074035524,148.4802,118,11,true,0.0880,148.4802
E8,maze,137,25,50,30,673,0,greedy,manhattan,8,,166,148.48023074035524,148.4802,118,44,true,0.0751,148.4802
E8,maze,137,25,50,30,673,0,swarm,manhattan,8,,222,148.48023074035524,148.4802,118,16,true,0.0860,148.4802
E8,maze,137,25,50,30,673,0,convergent_swarm,manhattan,8,,175,148.48023074035524,148.4802,118,38,true,0.0723,148.4802
E8,maze,137,25,50,30,673,0,zero_one_bfs,manhattan,8,,195,0,193.0000,194,91,true,0.1382,148.4802
E8,maze,256,25,50,30,673,0,bfs,manhattan,4,,387,213,213.0000,214,6,true,0.0809,213.0000
E8,maze,256,25,50,30,673,0,dfs,manhattan,4,,213,213,213.0000,214,10,true,0.0470,213.0000
E8,maze,256,25,50,30,673,0,dijkstra,manhattan,4,,387,213,213.0000,214,6,true,0.1000,213.0000
E8,maze,256,25,50,30,673,0,a_star,manhattan,4,,320,213,213.0000,214,5,true,0.0839,213.0000
E8,maze,256,25,50,30,673,0,greedy,manhattan,4,,225,213,213.0000,214,9,true,0.0560,213.0000
E8,maze,256,25,50,30,673,0,swarm,manhattan,4,,256,213,213.0000,214,8,true,0.0781,213.0000
E8,maze,256,25,50,30,673,0,convergent_swarm,manhattan,4,,243,213,213.0000,214,8,true,0.0715,213.0000
E8,maze,256,25,50,30,673,0,zero_one_bfs,manhattan,4,,213,0,213.0000,214,10,true,0.0725,213.0000
E8,maze,256,25,50,30,673,0,bfs,manhattan,8,,392,149,175.5097,150,8,true,0.1111,175.5097
E8,maze,256,25,50,30,673,0,dfs,manhattan,8,,157,150,176.9239,151,132,true,0.0634,175.5097
E8,maze,256,25,50,30,673,0,dijkstra,manhattan,8,,388,175.50966799187822,175.5097,150,8,true,0.1480,175.5097
E8,maze,256,25,50,30,673,0,a_star,manhattan,8,,292,175.50966799187822,175.5097,150,12,true,0.1101,175.5097
E8,maze,256,25,50,30,673,0,greedy,manhattan,8,,203,175.50966799187822,175.5097,150,32,true,0.0769,175.5097
E8,maze,256,25,50,30,673,0,swarm,manhattan,8,,241,175.50966799187822,175.5097,150,15,true,0.0828,175.5097
E8,maze,256,25,50,30,673,0,convergent_swarm,manhattan,8,,219,175.50966799187822,175.5097,150,21,true,0.0780,175.5097
E8,maze,256,25,50,30,673,0,zero_one_bfs,manhattan,8,,213,0,213.0000,214,83,true,0.0810,175.5097
E8,maze,1049,25,50,30,673,0,bfs,manhattan,4,,207,149,149.0000,150,5,true,0.0420,149.0000
E8,maze,1049,25,50,30,673,0,dfs,manhattan,4,,149,149,149.0000,150,7,true,0.0380,149.0000
E8,maze,1049,25,50,30,673,0,dijkstra,manhattan,4,,204,149,149.0000,150,5,true,0.0498,149.0000
E8,maze,1049,25,50,30,673,0,a_star,manhattan,4,,166,149,149.0000,150,7,true,0.0419,149.0000
E8,maze,1049,25,50,30,673,0,greedy,manhattan,4,,149,149,149.0000,150,7,true,0.0382,149.0000
E8,maze,1049,25,50,30,673,0,swarm,manhattan,4,,150,149,149.0000,150,7,true,0.0388,149.0000
E8,maze,1049,25,50,30,673,0,convergent_swarm,manhattan,4,,149,149,149.0000,150,7,true,0.0397,149.0000
E8,maze,1049,25,50,30,673,0,zero_one_bfs,manhattan,4,,149,0,149.0000,150,7,true,0.0458,149.0000
E8,maze,1049,25,50,30,673,0,bfs,manhattan,8,,196,99,119.7107,100,7,true,0.0519,119.7107
E8,maze,1049,25,50,30,673,0,dfs,manhattan,8,,104,99,119.7107,100,101,true,0.0360,119.7107
E8,maze,1049,25,50,30,673,0,dijkstra,manhattan,8,,198,119.71067811865466,119.7107,100,6,true,0.0658,119.7107
E8,maze,1049,25,50,30,673,0,a_star,manhattan,8,,156,119.71067811865466,119.7107,100,10,true,0.0632,119.7107
E8,maze,1049,25,50,30,673,0,greedy,manhattan,8,,118,119.71067811865466,119.7107,100,38,true,0.0746,119.7107
E8,maze,1049,25,50,30,673,0,swarm,manhattan,8,,134,119.71067811865466,119.7107,100,22,true,0.0800,119.7107
E8,maze,1049,25,50,30,673,0,convergent_swarm,manhattan,8,,119,119.71067811865466,119.7107,100,37,true,0.0732,119.7107
E8,maze,1049,25,50,30,673,0,zero_one_bfs,manhattan,8,,149,0,149.0000,150,63,true,0.0881,119.7107
E8,maze,1144,25,50,30,673,0,bfs,manhattan,4,,332,189,189.0000,190,5,true,0.0701,189.0000
E8,maze,1144,25,50,30,673,0,dfs,manhattan,4,,229,189,189.0000,190,7,true,0.0494,189.0000
E8,maze,1144,25,50,30,673,0,dijkstra,manhattan,4,,332,189,189.0000,190,4,true,0.0877,189.0000
E8,maze,1144,25,50,30,673,0,a_star,manhattan,4,,295,189,189.0000,190,5,true,0.0806,189.0000
E8,maze,1144,25,50,30,673,0,greedy,manhattan,4,,230,189,189.0000,190,7,true,0.0582,189.0000
E8,maze,1144,25,50,30,673,0,swarm,manhattan,4,,280,189,189.0000,190,7,true,0.0764,189.0000
E8,maze,1144,25,50,30,673,0,convergent_swarm,manhattan,4,,269,189,189.0000,190,9,true,0.0726,189.0000
E8,maze,1144,25,50,30,673,0,zero_one_bfs,manhattan,4,,229,0,189.0000,190,7,true,0.0705,189.0000
E8,maze,1144,25,50,30,673,0,bfs,manhattan,8,,332,140,160.2965,141,9,true,0.0874,160.2965
E8,maze,1144,25,50,30,673,0,dfs,manhattan,8,,182,144,166.7817,145,107,true,0.0563,160.2965
E8,maze,1144,25,50,30,673,0,dijkstra,manhattan,8,,332,160.29646455628168,160.2965,141,9,true,0.1125,160.2965
E8,maze,1144,25,50,30,673,0,a_star,manhattan,8,,285,160.29646455628168,160.2965,141,15,true,0.1029,160.2965
E8,maze,1144,25,50,30,673,0,greedy,manhattan,8,,212,160.29646455628168,160.2965,141,26,true,0.0771,160.2965
E8,maze,1144,25,50,30,673,0,swarm,manhattan,8,,259,160.29646455628168,160.2965,141,19,true,0.0974,160.2965
E8,maze,1144,25,50,30,673,0,convergent_swarm,manhattan,8,,223,160.29646455628168,160.2965,141,20,true,0.0815,160.2965
E8,maze,1144,25,50,30,673,0,zero_one_bfs,manhattan,8,,229,0,189.0000,190,75,true,0.0841,160.2965
E8,maze,1263,25,50,30,673,0,bfs,manhattan,4,,482,353,353.0000,354,6,true,0.0970,353.0000
E8,maze,1263,25,50,30,673,0,dfs,manhattan,4,,383,353,353.0000,354,13,true,0.0862,353.0000
E8,maze,1263,25,50,30,673,0,dijkstra,manhattan,4,,480,353,353.0000,354,6,true,0.1206,353.0000
E8,maze,1263,25,50,30,673,0,a_star,manhattan,4,,464,353,353.0000,354,7,true,0.1181,353.0000
E8,maze,1263,25,50,30,673,0,greedy,manhattan,4,,420,353,353.0000,354,12,true,0.1080,353.0000
E8,maze,1263,25,50,30,673,0,swarm,manhattan,4,,422,353,353.0000,354,10,true,0.1063,353.0000
E8,maze,1263,25,50,30,673,0,convergent_swarm,manhattan,4,,422,353,353.0000,354,12,true,0.1133,353.0000
E8,maze,1263,25,50,30,673,0,zero_one_bfs,manhattan,4,,383,0,353.0000,354,13,true,0.1129,353.0000
E8,maze,1263,25,50,30,673,0,bfs,manhattan,8,,481,244,289.1493,245,7,true,0.1290,289.1493
E8,maze,1263,25,50,30,673,0,dfs,manhattan,8,,338,248,295.6346,249,225,true,0.1103,289.1493
E8,maze,1263,25,50,30,673,0,dijkstra,manhattan,8,,480,289.1492782986679,289.1493,245,7,true,0.1597,289.1493
E8,maze,1263,25,50,30,673,0,a_star,manhattan,8,,449,289.1492782986679,289.1493,245,14,true,0.1546,289.1493
E8,maze,1263,25,50,30,673,0,greedy,manhattan,8,,387,289.9777054234141,289.1493,245,45,true,0.1527,289.1493
E8,maze,1263,25,50,30,673,0,swarm,manhattan,8,,409,289.1492782986679,289.1493,245,22,true,0.1556,289.1493
E8,maze,1263,25,50,30,673,0,convergent_swarm,manhattan,8,,404,289.1492782986679,289.1493,245,27,true,0.1998,289.1493
E8,maze,1263,25,50,30,673,0,zero_one_bfs,manhattan,8,,383,0,353.0000,354,142,true,0.1747,289.1493
E8,maze,2056,25,50,30,673,0,bfs,manhattan,4,,174,137,137.0000,138,4,true,0.0380,137.0000
E8,maze,2056,25,50,30,673,0,dfs,manhattan,4,,137,137,137.0000,138,8,true,0.0327,137.0000
E8,maze,2056,25,50,30,673,0,dijkstra,manhattan,4,,172,137,137.0000,138,3,true,0.0450,137.0000
E8,maze,2056,25,50,30,673,0,a_star,manhattan,4,,168,137,137.0000,138,4,true,0.0427,137.0000
E8,maze,2056,25,50,30,673,0,greedy,manhattan,4,,141,137,137.0000,138,9,true,0.0387,137.0000
E8,maze,2056,25,50,30,673,0,swarm,manhattan,4,,150,137,137.0000,138,8,true,0.0405,137.0000
E8,maze,2056,25,50,30,673,0,convergent_swarm,manhattan,4,,143,137,137.0000,138,9,true,0.0377,137.0000
E8,maze,2056,25,50,30,673,0,zero_one_bfs,manhattan,4,,137,0,137.0000,138,8,true,0.0431,137.0000
E8,maze,2056,25,50,30,673,0,bfs,manhattan,8,,174,92,110.6396,93,5,true,0.0714,110.6396
E8,maze,2056,25,50,30,673,0,dfs,manhattan,8,,97,93,112.0538,94,96,true,0.0519,110.6396
E8,maze,2056,25,50,30,673,0,dijkstra,manhattan,8,,174,110.6396103067892,110.6396,93,5,true,0.0694,110.6396
E8,maze,2056,25,50,30,673,0,a_star,manhattan,8,,164,110.6396103067892,110.6396,93,10,true,0.0608,110.6396
E8,maze,2056,25,50,30,673,0,greedy,manhattan,8,,111,110.6396103067892,110.6396,93,37,true,0.0502,110.6396
E8,maze,2056,25,50,30,673,0,swarm,manhattan,8,,132,110.6396103067892,110.6396,93,21,true,0.0522,110.6396
E8,maze,2056,25,50,30,673,0,convergent_swarm,manhattan,8,,114,110.6396103067892,110.6396,93,35,true,0.0462,110.6396
E8,maze,2056,25,50,30,673,0,zero_one_bfs,manhattan,8,,137,0,137.0000,138,61,true,0.0572,110.6396
E8,maze,2151,25,50,30,673,0,bfs,manhattan,4,,168,145,145.0000,146,4,true,0.0422,145.0000
E8,maze,2151,25,50,30,673,0,dfs,manhattan,4,,145,145,145.0000,146,4,true,0.0382,145.0000
E8,maze,2151,25,50,30,673,0,dijkstra,manhattan,4,,168,145,145.0000,146,4,true,0.0453,145.0000
E8,maze,2151,25,50,30,673,0,a_star,manhattan,4,,150,145,145.0000,146,4,true,0.0380,145.0000
E8,maze,2151,25,50,30,673,0,greedy,manhattan,4,,145,145,145.0000,146,5,true,0.0404,145.0000
E8,maze,2151,25,50,30,673,0,swarm,manhattan,4,,147,145,145.0000,146,4,true,0.0397,145.0000
E8,maze,2151,25,50,30,673,0,convergent_swarm,manhattan,4,,145,145,145.0000,146,5,true,0.0359,145.0000
E8,maze,2151,25,50,30,673,0,zero_one_bfs,manhattan,4,,145,0,145.0000,146,4,true,0.0444,145.0000
E8,maze,2151,25,50,30,673,0,bfs,manhattan,8,,165,96,116.2965,97,8,true,0.0484,116.2965
E8,maze,2151,25,50,30,673,0,dfs,manhattan,8,,102,97,117.7107,98,99,true,0.0348,116.2965
E8,maze,2151,25,50,30,673,0,dijkstra,manhattan,8,,164,116.29646455628156,116.2965,97,8,true,0.0666,116.2965
E8,maze,2151,25,50,30,673,0,a_star,manhattan,8,,144,116.29646455628156,116.2965,97,7,true,0.0520,116.2965
E8,maze,2151,25,50,30,673,0,greedy,manhattan,8,,116,116.29646455628156,116.2965,97,33,true,0.0451,116.2965
E8,maze,2151,25,50,30,673,0,swarm,manhattan,8,,135,116.29646455628156,116.2965,97,14,true,0.0496,116.2965
E8,maze,2151,25,50,30,673,0,convergent_swarm,manhattan,8,,120,116.29646455628156,116.2965,97,29,true,0.0438,116.2965
E8,maze,2151,25,50,30,673,0,zero_one_bfs,manhattan,8,,145,0,145.0000,146,57,true,0.0566,116.2965
E8,maze,2270,25,50,30,673,0,bfs,manhattan,4,,566,253,253.0000,254,6,true,0.1997,253.0000
E8,maze,2270,25,50,30,673,0,dfs,manhattan,4,,271,253,253.0000,254,10,true,0.1036,253.0000
E8,maze,2270,25,50,30,673,0,dijkstra,manhattan,4,,566,253,253.0000,254,5,true,0.2777,253.0000
E8,maze,2270,25,50,30,673,0,a_star,manhattan,4,,483,253,253.0000,254,6,true,0.2138,253.0000
E8,maze,2270,25,50,30,673,0,greedy,manhattan,4,,297,253,253.0000,254,8,true,0.1348,253.0000
E8,maze,2270,25,50,30,673,0,swarm,manhattan,4,,375,253,253.0000,254,6,true,0.1684,253.0000
E8,maze,2270,25,50,30,673,0,convergent_swarm,manhattan,4,,328,253,253.0000,254,7,true,0.1448,253.0000
E8,maze,2270,25,50,30,673,0,zero_one_bfs,manhattan,4,,271,0,253.0000,254,10,true,0.1448,253.0000
E8,maze,2270,25,50,30,673,0,bfs,manhattan,8,,566,166,202.0366,167,10,true,0.9689,202.0366
E8,maze,2270,25,50,30,673,0,dfs,manhattan,8,,190,168,205.6934,169,184,true,0.1013,202.0366
E8,maze,2270,25,50,30,673,0,dijkstra,manhattan,8,,566,202.03657992645947,202.0366,167,9,true,0.3109,202.0366
E8,maze,2270,25,50,30,673,0,a_star,manhattan,8,,453,202.03657992645947,202.0366,167,13,true,0.2280,202.0366
E8,maze,2270,25,50,30,673,0,greedy,manhattan,8,,265,202.03657992645947,202.0366,167,40,true,0.1152,202.0366
E8,maze,2270,25,50,30,673,0,swarm,manhattan,8,,339,202.03657992645947,202.0366,167,24,true,0.1324,202.0366
E8,maze,2270,25,50,30,673,0,convergent_swarm,manhattan,8,,310,202.03657992645947,202.0366,167,32,true,0.1282,202.0366
E8,maze,2270,25,50,30,673,0,zero_one_bfs,manhattan,8,,271,0,253.0000,254,114,true,0.1648,202.0366
E8,maze,3063,25,50,30,673,0,bfs,manhattan,4,,286,185,185.0000,186,4,true,0.0631,185.0000
E8,maze,3063,25,50,30,673,0,dfs,manhattan,4,,189,185,185.0000,186,6,true,0.0430,185.0000
E8,maze,3063,25,50,30,673,0,dijkstra,manhattan,4,,286,185,185.0000,186,4,true,0.0818,185.0000
E8,maze,3063,25,50,30,673,0,a_star,manhattan,4,,272,185,185.0000,186,5,true,0.0750,185.0000
E8,maze,3063,25,50,30,673,0,greedy,manhattan,4,,187,185,185.0000,186,9,true,0.0524,185.0000
E8,maze,3063,25,50,30,673,0,swarm,manhattan,4,,211,185,185.0000,186,6,true,0.0556,185.0000
E8,maze,3063,25,50,30,673,0,convergent_swarm,manhattan,4,,189,185,185.0000,186,8,true,0.0486,185.0000
E8,maze,3063,25,50,30,673,0,zero_one_bfs,manhattan,4,,189,0,185.0000,186,6,true,0.0555,185.0000
E8,maze,3063,25,50,30,673,0,bfs,manhattan,8,,288,132,153.9533,133,6,true,0.0805,153.9533
E8,maze,3063,25,50,30,673,0,dfs,manhattan,8,,138,133,157.0244,134,117,true,0.0453,153.9533
E8,maze,3063,25,50,30,673,0,dijkstra,manhattan,8,,286,153.95331880577407,153.9533,133,7,true,0.0999,153.9533
E8,maze,3063,25,50,30,673,0,a_star,manhattan,8,,268,153.95331880577407,153.9533,133,11,true,0.0971,153.9533
E8,maze,3063,25,50,30,673,0,greedy,manhattan,8,,164,153.95331880577407,153.9533,133,30,true,0.0625,153.9533
E8,maze,3063,25,50,30,673,0,swarm,manhattan,8,,200,153.95331880577407,153.9533,133,13,true,0.0693,153.9533
E8,maze,3063,25,50,30,673,0,convergent_swarm,manhattan,8,,172,153.95331880577407,153.9533,133,24,true,0.0626,153.9533
E8,maze,3063,25,50,30,673,0,zero_one_bfs,manhattan,8,,189,0,185.0000,186,67,true,0.0729,153.9533
E8,maze,3158,25,50,30,673,0,bfs,manhattan,4,,370,233,233.0000,234,4,true,0.0774,233.0000
E8,maze,3158,25,50,30,673,0,dfs,manhattan,4,,243,233,233.0000,234,7,true,0.0550,233.0000
E8,maze,3158,25,50,30,673,0,dijkstra,manhattan,4,,368,233,233.0000,234,4,true,0.0962,233.0000
E8,maze,3158,25,50,30,673,0,a_star,manhattan,4,,340,233,233.0000,234,5,true,0.0897,233.0000
E8,maze,3158,25,50,30,673,0,greedy,manhattan,4,,261,233,233.0000,234,8,true,0.0713,233.0000
E8,maze,3158,25,50,30,673,0,swarm,manhattan,4,,288,233,233.0000,234,7,true,0.0809,233.0000
E8,maze,3158,25,50,30,673,0,convergent_swarm,manhattan,4,,275,233,233.0000,234,7,true,0.0725,233.0000
E8,maze,3158,25,50,30,673,0,zero_one_bfs,manhattan,4,,243,0,233.0000,234,7,true,0.0701,233.0000
E8,maze,3158,25,50,30,673,0,bfs,manhattan,8,,368,160,190.2376,161,6,true,0.0979,190.2376
E8,maze,3158,25,50,30,673,0,dfs,manhattan,8,,176,162,193.0660,163,151,true,0.0583,190.2376
E8,maze,3158,25,50,30,673,0,dijkstra,manhattan,8,,367,190.23759005323618,190.2376,161,6,true,0.1258,190.2376
E8,maze,3158,25,50,30,673,0,a_star,manhattan,8,,317,190.23759005323618,190.2376,161,11,true,0.1158,190.2376
E8,maze,3158,25,50,30,673,0,greedy,manhattan,8,,234,190.23759005323618,190.2376,161,35,true,0.0943,190.2376
E8,maze,3158,25,50,30,673,0,swarm,manhattan,8,,268,190.23759005323618,190.2376,161,25,true,0.1023,190.2376
E8,maze,3158,25,50,30,673,0,convergent_swarm,manhattan,8,,252,190.23759005323618,190.2376,161,30,true,0.0997,190.2376
E8,maze,3158,25,50,30,673,0,zero_one_bfs,manhattan,8,,243,0,233.0000,234,91,true,0.0929,190.2376
E8,maze,3277,25,50,30,673,0,bfs,manhattan,4,,554,381,381.0000,382,6,true,0.1802,381.0000
E8,maze,3277,25,50,30,673,0,dfs,manhattan,4,,411,381,381.0000,382,13,true,0.1409,381.0000
E8,maze,3277,25,50,30,673,0,dijkstra,manhattan,4,,553,381,381.0000,382,6,true,0.2273,381.0000
E8,maze,3277,25,50,30,673,0,a_star,manhattan,4,,506,381,381.0000,382,5,true,0.1978,381.0000
E8,maze,3277,25,50,30,673,0,greedy,manhattan,4,,435,381,381.0000,382,11,true,0.1693,381.0000
E8,maze,3277,25,50,30,673,0,swarm,manhattan,4,,456,381,381.0000,382,8,true,0.1206,381.0000
E8,maze,3277,25,50,30,673,0,convergent_swarm,manhattan,4,,448,381,381.0000,382,8,true,0.1168,381.0000
E8,maze,3277,25,50,30,673,0,zero_one_bfs,manhattan,4,,411,0,381.0000,382,13,true,0.1307,381.0000
E8,maze,3277,25,50,30,673,0,bfs,manhattan,8,,551,255,307.1909,256,9,true,0.1532,307.1909
E8,maze,3277,25,50,30,673,0,dfs,manhattan,8,,298,269,323.6762,270,265,true,0.1024,307.1909
E8,maze,3277,25,50,30,673,0,dijkstra,manhattan,8,,551,307.19090885901073,307.1909,256,9,true,0.1959,307.1909
E8,maze,3277,25,50,30,673,0,a_star,manhattan,8,,476,307.19090885901073,307.1909,256,14,true,0.1728,307.1909
E8,maze,3277,25,50,30,673,0,greedy,manhattan,8,,402,308.01933598375695,307.1909,256,43,true,0.1563,307.1909
E8,maze,3277,25,50,30,673,0,swarm,manhattan,8,,439,307.19090885901073,307.1909,256,18,true,0.1553,307.1909
E8,maze,3277,25,50,30,673,0,convergent_swarm,manhattan,8,,420,307.19090885901073,307.1909,256,31,true,0.1553,307.1909
E8,maze,3277,25,50,30,673,0,zero_one_bfs,manhattan,8,,411,0,381.0000,382,160,true,0.1769,307.1909
E8,maze,4070,25,50,30,673,0,bfs,manhattan,4,,477,249,249.0000,250,5,true,0.0981,249.0000
E8,maze,4070,25,50,30,673,0,dfs,manhattan,4,,255,249,249.0000,250,13,true,0.0645,249.0000
E8,maze,4070,25,50,30,673,0,dijkstra,manhattan,4,,476,249,249.0000,250,5,true,0.1361,249.0000
E8,maze,4070,25,50,30,673,0,a_star,manhattan,4,,421,249,249.0000,250,9,true,0.1267,249.0000
E8,maze,4070,25,50,30,673,0,greedy,manhattan,4,,265,249,249.0000,250,11,true,0.0875,249.0000
E8,maze,4070,25,50,30,673,0,swarm,manhattan,4,,302,249,249.0000,250,9,true,0.0937,249.0000
E8,maze,4070,25,50,30,673,0,convergent_swarm,manhattan,4,,269,249,249.0000,250,9,true,0.0783,249.0000
E8,maze,4070,25,50,30,673,0,zero_one_bfs,manhattan,4,,255,0,249.0000,250,13,true,0.0789,249.0000
E8,maze,4070,25,50,30,673,0,bfs,manhattan,8,,477,174,205.0660,175,8,true,0.1379,205.0660
E8,maze,4070,25,50,30,673,0,dfs,manhattan,8,,193,176,207.8944,177,154,true,0.0658,205.0660
E8,maze,4070,25,50,30,673,0,dijkstra,manhattan,8,,477,205.06601717798236,205.0660,175,8,true,0.1731,205.0660
E8,maze,4070,25,50,30,673,0,a_star,manhattan,8,,371,205.06601717798236,205.0660,175,17,true,0.1348,205.0660
E8,maze,4070,25,50,30,673,0,greedy,manhattan,8,,233,205.06601717798236,205.0660,175,42,true,0.0937,205.0660
E8,maze,4070,25,50,30,673,0,swarm,manhattan,8,,283,205.06601717798236,205.0660,175,18,true,0.1050,205.0660
E8,maze,4070,25,50,30,673,0,convergent_swarm,manhattan,8,,252,205.06601717798236,205.0660,175,26,true,0.0963,205.0660
E8,maze,4070,25,50,30,673,0,zero_one_bfs,manhattan,8,,255,0,249.0000,250,103,true,0.1012,205.0660
E8,maze,4165,25,50,30,673,0,bfs,manhattan,4,,491,277,277.0000,278,4,true,0.1721,277.0000
E8,maze,4165,25,50,30,673,0,dfs,manhattan,4,,297,277,277.0000,278,10,true,0.0972,277.0000
E8,maze,4165,25,50,30,673,0,dijkstra,manhattan,4,,490,277,277.0000,278,4,true,0.2003,277.0000
E8,maze,4165,25,50,30,673,0,a_star,manhattan,4,,448,277,277.0000,278,6,true,0.1480,277.0000
E8,maze,4165,25,50,30,673,0,greedy,manhattan,4,,373,277,277.0000,278,11,true,0.1061,277.0000
E8,maze,4165,25,50,30,673,0,swarm,manhattan,4,,430,277,277.0000,278,10,true,0.1213,277.0000
E8,maze,4165,25,50,30,673,0,convergent_swarm,manhattan,4,,428,277,277.0000,278,10,true,0.1150,277.0000
E8,maze,4165,25,50,30,673,0,zero_one_bfs,manhattan,4,,297,0,277.0000,278,10,true,0.0952,277.0000
E8,maze,4165,25,50,30,673,0,bfs,manhattan,8,,491,190,226.0366,191,7,true,0.1309,226.0366
E8,maze,4165,25,50,30,673,0,dfs,manhattan,8,,243,193,231.9361,194,187,true,0.0819,226.0366
E8,maze,4165,25,50,30,673,0,dijkstra,manhattan,8,,491,226.0365799264596,226.0366,191,6,true,0.1690,226.0366
E8,maze,4165,25,50,30,673,0,a_star,manhattan,8,,436,226.0365799264596,226.0366,191,13,true,0.1561,226.0366
E8,maze,4165,25,50,30,673,0,greedy,manhattan,8,,352,226.86500705120582,226.8650,191,29,true,0.1347,226.0366
E8,maze,4165,25,50,30,673,0,swarm,manhattan,8,,419,226.86500705120582,226.8650,191,19,true,0.1503,226.0366
E8,maze,4165,25,50,30,673,0,convergent_swarm,manhattan,8,,415,226.86500705120582,226.8650,191,22,true,0.1500,226.0366
E8,maze,4165,25,50,30,673,0,zero_one_bfs,manhattan,8,,297,0,277.0000,278,112,true,0.1197,226.0366
E8,maze,4284,25,50,30,673,0,bfs,manhattan,4,,264,177,177.0000,178,5,true,0.0575,177.0000
E8,maze,4284,25,50,30,673,0,dfs,manhattan,4,,177,177,177.0000,178,6,true,0.0402,177.0000
E8,maze,4284,25,50,30,673,0,dijkstra,manhattan,4,,262,177,177.0000,178,5,true,0.0715,177.0000
E8,maze,4284,25,50,30,673,0,a_star,manhattan,4,,259,177,177.0000,178,4,true,0.0725,177.0000
E8,maze,4284,25,50,30,673,0,greedy,manhattan,4,,177,177,177.0000,178,6,true,0.0459,177.0000
E8,maze,4284,25,50,30,673,0,swarm,manhattan,4,,227,177,177.0000,178,5,true,0.0581,177.0000
E8,maze,4284,25,50,30,673,0,convergent_swarm,manhattan,4,,182,177,177.0000,178,5,true,0.0458,177.0000
E8,maze,4284,25,50,30,673,0,zero_one_bfs,manhattan,4,,177,0,177.0000,178,6,true,0.0530,177.0000
E8,maze,4284,25,50,30,673,0,bfs,manhattan,8,,265,126,147.1249,127,7,true,0.0738,147.1249
E8,maze,4284,25,50,30,673,0,dfs,manhattan,8,,130,126,147.9533,127,107,true,0.0430,147.1249
E8,maze,4284,25,50,30,673,0,dijkstra,manhattan,8,,263,147.12489168102783,147.1249,127,9,true,0.0925,147.1249
E8,maze,4284,25,50,30,673,0,a_star,manhattan,8,,256,147.12489168102783,147.1249,127,8,true,0.0969,147.1249
E8,maze,4284,25,50,30,673,0,greedy,manhattan,8,,147,147.12489168102783,147.1249,127,37,true,0.0581,147.1249
E8,maze,4284,25,50,30,673,0,swarm,manhattan,8,,212,147.12489168102783,147.1249,127,13,true,0.0761,147.1249
E8,maze,4284,25,50,30,673,0,convergent_swarm,manhattan,8,,157,147.12489168102783,147.1249,127,30,true,0.0596,147.1249
E8,maze,4284,25,50,30,673,0,zero_one_bfs,manhattan,8,,177,0,177.0000,178,63,true,0.0668,147.1249
E8,maze,5077,25,50,30,673,0,bfs,manhattan,4,,335,237,237.0000,238,4,true,0.0729,237.0000
E8,maze,5077,25,50,30,673,0,dfs,manhattan,4,,241,237,237.0000,238,11,true,0.0546,237.0000
E8,maze,5077,25,50,30,673,0,dijkstra,manhattan,4,,334,237,237.0000,238,4,true,0.0863,237.0000
E8,maze,5077,25,50,30,673,0,a_star,manhattan,4,,325,237,237.0000,238,4,true,0.0861,237.0000
E8,maze,5077,25,50,30,673,0,greedy,manhattan,4,,263,237,237.0000,238,8,true,0.0732,237.0000
E8,maze,5077,25,50,30,673,0,swarm,manhattan,4,,316,237,237.0000,238,5,true,0.0847,237.0000
E8,maze,5077,25,50,30,673,0,convergent_swarm,manhattan,4,,269,237,237.0000,238,7,true,0.0722,237.0000
E8,maze,5077,25,50,30,673,0,zero_one_bfs,manhattan,4,,241,0,237.0000,238,11,true,0.0709,237.0000
E8,maze,5077,25,50,30,673,0,bfs,manhattan,8,,339,156,189.5513,157,6,true,0.0899,189.5513
E8,maze,5077,25,50,30,673,0,dfs,manhattan,8,,168,158,194.0366,159,177,true,0.0607,189.5513
E8,maze,5077,25,50,30,673,0,dijkstra,manhattan,8,,336,189.55129855222089,189.5513,157,6,true,0.1137,189.5513
E8,maze,5077,25,50,30,673,0,a_star,manhattan,8,,323,189.55129855222089,189.5513,157,10,true,0.2289,189.5513
E8,maze,5077,25,50,30,673,0,greedy,manhattan,8,,236,190.37972567696707,189.5513,157,36,true,0.1455,189.5513
E8,maze,5077,25,50,30,673,0,swarm,manhattan,8,,269,189.55129855222089,189.5513,157,15,true,0.8510,189.5513
E8,maze,5077,25,50,30,673,0,convergent_swarm,manhattan,8,,248,189.55129855222089,189.5513,157,27,true,0.1175,189.5513
E8,maze,5077,25,50,30,673,0,zero_one_bfs,manhattan,8,,241,0,237.0000,238,105,true,0.1070,189.5513
E8,maze,5172,25,50,30,673,0,bfs,manhattan,4,,299,161,161.0000,162,5,true,0.0991,161.0000
E8,maze,5172,25,50,30,673,0,dfs,manhattan,4,,165,161,161.0000,162,8,true,0.0588,161.0000
E8,maze,5172,25,50,30,673,0,dijkstra,manhattan,4,,299,161,161.0000,162,4,true,0.1154,161.0000
E8,maze,5172,25,50,30,673,0,a_star,manhattan,4,,226,161,161.0000,162,7,true,0.0772,161.0000
E8,maze,5172,25,50,30,673,0,greedy,manhattan,4,,165,161,161.0000,162,10,true,0.0529,161.0000
E8,maze,5172,25,50,30,673,0,swarm,manhattan,4,,195,161,161.0000,162,9,true,0.0588,161.0000
E8,maze,5172,25,50,30,673,0,convergent_swarm,manhattan,4,,172,161,161.0000,162,10,true,0.0619,161.0000
E8,maze,5172,25,50,30,673,0,zero_one_bfs,manhattan,4,,165,0,161.0000,162,8,true,0.0701,161.0000
E8,maze,5172,25,50,30,673,0,bfs,manhattan,8,,301,105,128.1960,106,8,true,0.1204,128.1960
E8,maze,5172,25,50,30,673,0,dfs,manhattan,8,,109,105,129.0244,106,120,true,0.0453,128.1960
E8,maze,5172,25,50,30,673,0,dijkstra,manhattan,8,,297,128.19595949289322,128.1960,106,8,true,0.1405,128.1960
E8,maze,5172,25,50,30,673,0,a_star,manhattan,8,,204,128.19595949289322,128.1960,106,10,true,0.1186,128.1960
E8,maze,5172,25,50,30,673,0,greedy,manhattan,8,,133,128.19595949289322,128.1960,106,42,true,0.0856,128.1960
E8,maze,5172,25,50,30,673,0,swarm,manhattan,8,,167,128.19595949289322,128.1960,106,20,true,0.0927,128.1960
E8,maze,5172,25,50,30,673,0,convergent_swarm,manhattan,8,,147,128.19595949289322,128.1960,106,34,true,0.0908,128.1960
E8,maze,5172,25,50,30,673,0,zero_one_bfs,manhattan,8,,165,0,161.0000,162,73,true,0.1065,128.1960
E8,maze,5291,25,50,30,673,0,bfs,manhattan,4,,523,317,317.0000,318,5,true,0.1917,317.0000
E8,maze,5291,25,50,30,673,0,dfs,manhattan,4,,373,317,317.0000,318,12,true,0.1602,317.0000
E8,maze,5291,25,50,30,673,0,dijkstra,manhattan,4,,522,317,317.0000,318,5,true,0.2474,317.0000
E8,maze,5291,25,50,30,673,0,a_star,manhattan,4,,464,317,317.0000,318,5,true,0.2176,317.0000
E8,maze,5291,25,50,30,673,0,greedy,manhattan,4,,363,317,317.0000,318,14,true,0.1604,317.0000
E8,maze,5291,25,50,30,673,0,swarm,manhattan,4,,445,317,317.0000,318,5,true,0.2118,317.0000
E8,maze,5291,25,50,30,673,0,convergent_swarm,manhattan,4,,406,317,317.0000,318,9,true,0.3479,317.0000
E8,maze,5291,25,50,30,673,0,zero_one_bfs,manhattan,4,,373,0,317.0000,318,12,true,0.2504,317.0000
E8,maze,5291,25,50,30,673,0,bfs,manhattan,8,,519,210,254.3209,211,7,true,0.4178,254.3209
E8,maze,5291,25,50,30,673,0,dfs,manhattan,8,,288,215,259.7351,216,213,true,0.2108,254.3209
E8,maze,5291,25,50,30,673,0,dijkstra,manhattan,8,,520,254.3208511739217,254.3209,211,7,true,0.3063,254.3209
E8,maze,5291,25,50,30,673,0,a_star,manhattan,8,,453,254.3208511739217,254.3209,211,10,true,0.1723,254.3209
E8,maze,5291,25,50,30,673,0,greedy,manhattan,8,,327,254.3208511739217,254.3209,211,45,true,0.1343,254.3209
E8,maze,5291,25,50,30,673,0,swarm,manhattan,8,,431,254.3208511739217,254.3209,211,15,true,0.1691,254.3209
E8,maze,5291,25,50,30,673,0,convergent_swarm,manhattan,8,,361,254.3208511739217,254.3209,211,24,true,0.1331,254.3209
E8,maze,5291,25,50,30,673,0,zero_one_bfs,manhattan,8,,373,0,317.0000,318,150,true,0.1528,254.3209
E8,weighted,42,25,50,30,0,427,bfs,manhattan,4,,793,25,59.0000,26,50,true,0.2284,38.0000
E8,weighted,42,25,50,30,0,427,dfs,manhattan,4,,25,25,59.0000,26,52,true,0.0096,38.0000
E8,weighted,42,25,50,30,0,427,dijkstra,manhattan,4,,842,38,38.0000,32,111,true,0.3663,38.0000
E8,weighted,42,25,50,30,0,427,a_star,manhattan,4,,151,38,38.0000,32,95,true,0.0753,38.0000
E8,weighted,42,25,50,30,0,427,greedy,manhattan,4,,25,59,59.0000,26,52,true,0.0146,38.0000
E8,weighted,42,25,50,30,0,427,swarm,manhattan,4,,39,38,38.0000,32,58,true,0.0202,38.0000
E8,weighted,42,25,50,30,0,427,convergent_swarm,manhattan,4,,25,59,59.0000,26,52,true,0.0145,38.0000
E8,weighted,42,25,50,30,0,427,zero_one_bfs,manhattan,4,,351,0,103.0000,104,297,true,0.1802,38.0000
E8,weighted,42,25,50,30,0,427,bfs,manhattan,8,,925,25,59.0000,26,96,true,0.4063,27.6569
E8,weighted,42,25,50,30,0,427,dfs,manhattan,8,,620,613,2298.3986,614,1886,true,0.3472,27.6569
E8,weighted,42,25,50,30,0,427,dijkstra,manhattan,8,,837,27.656854249492383,27.6569,26,244,true,0.6551,27.6569
E8,weighted,42,25,50,30,0,427,a_star,manhattan,8,,64,27.656854249492383,27.6569,26,131,true,0.0568,27.6569
E8,weighted,42,25,50,30,0,427,greedy,manhattan,8,,25,59,59.0000,26,66,true,0.0223,27.6569
E8,weighted,42,25,50,30,0,427,swarm,manhattan,8,,29,29.970562748477146,29.9706,26,87,true,0.0257,27.6569
E8,weighted,42,25,50,30,0,427,convergent_swarm,manhattan,8,,25,51.656854249492376,51.6569,26,69,true,0.0215,27.6569
E8,weighted,42,25,50,30,0,427,zero_one_bfs,manhattan,8,,351,0,103.0000,104,616,true,0.2603,27.6569
E8,weighted,137,25,50,30,0,446,bfs,manhattan,4,,793,25,41.0000,26,50,true,0.2292,34.0000
E8,weighted,137,25,50,30,0,446,dfs,manhattan,4,,25,25,41.0000,26,52,true,0.0103,34.0000
E8,weighted,137,25,50,30,0,446,dijkstra,manhattan,4,,838,34,34.0000,28,114,true,0.4148,34.0000
E8,weighted,137,25,50,30,0,446,a_star,manhattan,4,,149,34,34.0000,28,78,true,0.0735,34.0000
E8,weighted,137,25,50,30,0,446,greedy,manhattan,4,,25,41,41.0000,26,52,true,0.0157,34.0000
E8,weighted,137,25,50,30,0,446,swarm,manhattan,4,,32,34,34.0000,28,53,true,0.0170,34.0000
E8,weighted,137,25,50,30,0,446,convergent_swarm,manhattan,4,,25,41,41.0000,26,52,true,0.0140,34.0000
E8,weighted,137,25,50,30,0,446,zero_one_bfs,manhattan,4,,534,0,105.0000,106,385,true,0.2797,34.0000
E8,weighted,137,25,50,30,0,446,bfs,manhattan,8,,925,25,41.0000,26,96,true,0.4524,26.6569
E8,weighted,137,25,50,30,0,446,dfs,manhattan,8,,620,613,2478.0037,614,1886,true,0.3472,26.6569
E8,weighted,137,25,50,30,0,446,dijkstra,manhattan,8,,839,26.656854249492383,26.6569,26,271,true,0.6514,26.6569
E8,weighted,137,25,50,30,0,446,a_star,manhattan,8,,47,26.656854249492383,26.6569,26,105,true,0.0394,26.6569
E8,weighted,137,25,50,30,0,446,greedy,manhattan,8,,25,41,41.0000,26,70,true,0.0220,26.6569
E8,weighted,137,25,50,30,0,446,swarm,manhattan,8,,26,27.656854249492383,27.6569,26,76,true,0.0219,26.6569
E8,weighted,137,25,50,30,0,446,convergent_swarm,manhattan,8,,25,29.656854249492383,29.6569,26,74,true,0.0230,26.6569
E8,weighted,137,25,50,30,0,446,zero_one_bfs,manhattan,8,,534,0,105.0000,106,810,true,0.3988,26.6569
E8,weighted,256,25,50,30,0,477,bfs,manhattan,4,,793,25,103.0000,26,50,true,0.2216,44.0000
E8,weighted,256,25,50,30,0,477,dfs,manhattan,4,,25,25,103.0000,26,52,true,0.0100,44.0000
E8,weighted,256,25,50,30,0,477,dijkstra,manhattan,4,,902,44,44.0000,38,118,true,0.3984,44.0000
E8,weighted,256,25,50,30,0,477,a_star,manhattan,4,,376,44,44.0000,38,132,true,0.2141,44.0000
E8,weighted,256,25,50,30,0,477,greedy,manhattan,4,,25,103,103.0000,26,52,true,0.0202,44.0000
E8,weighted,256,25,50,30,0,477,swarm,manhattan,4,,60,48,48.0000,36,74,true,0.0404,44.0000
E8,weighted,256,25,50,30,0,477,convergent_swarm,manhattan,4,,32,79,79.0000,30,59,true,0.0200,44.0000
E8,weighted,256,25,50,30,0,477,zero_one_bfs,manhattan,4,,730,1,162.0000,160,339,true,1.1645,44.0000
E8,weighted,256,25,50,30,0,477,bfs,manhattan,8,,925,25,103.0000,26,96,true,0.5377,31.9706
E8,weighted,256,25,50,30,0,477,dfs,manhattan,8,,620,613,2465.0331,614,1886,true,0.3819,31.9706
E8,weighted,256,25,50,30,0,477,dijkstra,manhattan,8,,903,31.970562748477146,31.9706,28,252,true,0.8173,31.9706
E8,weighted,256,25,50,30,0,477,a_star,manhattan,8,,146,32.14213562373095,32.1421,28,211,true,0.1407,31.9706
E8,weighted,256,25,50,30,0,477,greedy,manhattan,8,,25,103,103.0000,26,63,true,0.0213,31.9706
E8,weighted,256,25,50,30,0,477,swarm,manhattan,8,,43,37.38477631085024,37.3848,27,108,true,0.0369,31.9706
E8,weighted,256,25,50,30,0,477,convergent_swarm,manhattan,8,,26,42.970562748477136,42.9706,26,86,true,0.0240,31.9706
E8,weighted,256,25,50,30,0,477,zero_one_bfs,manhattan,8,,729,1,162.0000,160,680,true,0.5553,31.9706
E8,weighted,1049,25,50,30,0,476,bfs,manhattan,4,,793,25,77.0000,26,50,true,0.2237,38.0000
E8,weighted,1049,25,50,30,0,476,dfs,manhattan,4,,25,25,77.0000,26,52,true,0.0101,38.0000
E8,weighted,1049,25,50,30,0,476,dijkstra,manhattan,4,,824,38,38.0000,36,108,true,0.4784,38.0000
E8,weighted,1049,25,50,30,0,476,a_star,manhattan,4,,179,38,38.0000,36,93,true,0.2174,38.0000
E8,weighted,1049,25,50,30,0,476,greedy,manhattan,4,,25,77,77.0000,26,52,true,0.0465,38.0000
E8,weighted,1049,25,50,30,0,476,swarm,manhattan,4,,57,40,40.0000,34,63,true,0.0470,38.0000
E8,weighted,1049,25,50,30,0,476,convergent_swarm,manhattan,4,,25,77,77.0000,26,52,true,0.0277,38.0000
E8,weighted,1049,25,50,30,0,476,zero_one_bfs,manhattan,4,,64,0,41.0000,42,87,true,0.0532,38.0000
E8,weighted,1049,25,50,30,0,476,bfs,manhattan,8,,925,25,77.0000,26,96,true,0.6523,28.3137
E8,weighted,1049,25,50,30,0,476,dfs,manhattan,8,,620,613,2524.4006,614,1886,true,0.4141,28.3137
E8,weighted,1049,25,50,30,0,476,dijkstra,manhattan,8,,862,28.313708498984763,28.3137,26,296,true,0.7359,28.3137
E8,weighted,1049,25,50,30,0,476,a_star,manhattan,8,,98,28.48528137423857,28.4853,26,156,true,0.0827,28.3137
E8,weighted,1049,25,50,30,0,476,greedy,manhattan,8,,25,77,77.0000,26,62,true,0.0221,28.3137
E8,weighted,1049,25,50,30,0,476,swarm,manhattan,8,,30,32.213203435596434,32.2132,26,93,true,0.0302,28.3137
E8,weighted,1049,25,50,30,0,476,convergent_swarm,manhattan,8,,25,55.89949493661166,55.8995,26,68,true,0.0225,28.3137
E8,weighted,1049,25,50,30,0,476,zero_one_bfs,manhattan,8,,64,0,41.0000,42,167,true,0.0517,28.3137
E8,weighted,1144,25,50,30,0,420,bfs,manhattan,4,,793,25,66.0000,26,50,true,0.2548,40.0000
E8,weighted,1144,25,50,30,0,420,dfs,manhattan,4,,25,25,66.0000,26,52,true,0.0113,40.0000
E8,weighted,1144,25,50,30,0,420,dijkstra,manhattan,4,,902,40,40.0000,36,111,true,0.4182,40.0000
E8,weighted,1144,25,50,30,0,420,a_star,manhattan,4,,247,40,40.0000,36,127,true,0.1210,40.0000
E8,weighted,1144,25,50,30,0,420,greedy,manhattan,4,,25,66,66.0000,26,52,true,0.0154,40.0000
E8,weighted,1144,25,50,30,0,420,swarm,manhattan,4,,72,42,42.0000,32,73,true,0.0368,40.0000
E8,weighted,1144,25,50,30,0,420,convergent_swarm,manhattan,4,,25,66,66.0000,26,52,true,0.0163,40.0000
E8,weighted,1144,25,50,30,0,420,zero_one_bfs,manhattan,4,,726,0,75.0000,76,453,true,0.3843,40.0000
E8,weighted,1144,25,50,30,0,420,bfs,manhattan,8,,925,25,66.0000,26,96,true,0.4238,29.1421
E8,weighted,1144,25,50,30,0,420,dfs,manhattan,8,,620,613,2368.3519,614,1886,true,0.3875,29.1421
E8,weighted,1144,25,50,30,0,420,dijkstra,manhattan,8,,865,29.142135623730955,29.1421,26,246,true,0.6938,29.1421
E8,weighted,1144,25,50,30,0,420,a_star,manhattan,8,,111,29.142135623730955,29.1421,26,205,true,0.2196,29.1421
E8,weighted,1144,25,50,30,0,420,greedy,manhattan,8,,25,66,66.0000,26,71,true,0.0601,29.1421
E8,weighted,1144,25,50,30,0,420,swarm,manhattan,8,,33,40.14213562373096,40.1421,27,98,true,0.0718,29.1421
E8,weighted,1144,25,50,30,0,420,convergent_swarm,manhattan,8,,25,52.65685424949238,52.6569,26,75,true,0.0390,29.1421
E8,weighted,1144,25,50,30,0,420,zero_one_bfs,manhattan,8,,726,0,75.0000,76,969,true,0.9674,29.1421
E8,weighted,1263,25,50,30,0,475,bfs,manhattan,4,,793,25,67.0000,26,50,true,0.2224,34.0000
E8,weighted,1263,25,50,30,0,475,dfs,manhattan,4,,25,25,67.0000,26,52,true,0.0103,34.0000
E8,weighted,1263,25,50,30,0,475,dijkstra,manhattan,4,,846,34,34.0000,34,136,true,0.3742,34.0000
E8,weighted,1263,25,50,30,0,475,a_star,manhattan,4,,104,34,34.0000,32,101,true,0.0528,34.0000
E8,weighted,1263,25,50,30,0,475,greedy,manhattan,4,,25,67,67.0000,26,52,true,0.0139,34.0000
E8,weighted,1263,25,50,30,0,475,swarm,manhattan,4,,34,35,35.0000,32,54,true,0.0184,34.0000
E8,weighted,1263,25,50,30,0,475,convergent_swarm,manhattan,4,,28,55,55.0000,28,54,true,0.0144,34.0000
E8,weighted,1263,25,50,30,0,475,zero_one_bfs,manhattan,4,,388,0,141.0000,142,366,true,0.1996,34.0000
E8,weighted,1263,25,50,30,0,475,bfs,manhattan,8,,925,25,67.0000,26,96,true,0.4046,29.1421
E8,weighted,1263,25,50,30,0,475,dfs,manhattan,8,,620,613,2345.1681,614,1886,true,0.3482,29.1421
E8,weighted,1263,25,50,30,0,475,dijkstra,manhattan,8,,865,29.142135623730955,29.1421,26,269,true,0.6932,29.1421
E8,weighted,1263,25,50,30,0,475,a_star,manhattan,8,,63,29.48528137423857,29.4853,26,133,true,0.0551,29.1421
E8,weighted,1263,25,50,30,0,475,greedy,manhattan,8,,25,67,67.0000,26,65,true,0.0219,29.1421
E8,weighted,1263,25,50,30,0,475,swarm,manhattan,8,,26,30.48528137423857,30.4853,26,83,true,0.0235,29.1421
E8,weighted,1263,25,50,30,0,475,convergent_swarm,manhattan,8,,25,44.65685424949238,44.6569,26,73,true,0.0204,29.1421
E8,weighted,1263,25,50,30,0,475,zero_one_bfs,manhattan,8,,388,0,141.0000,142,713,true,0.2924,29.1421
E8,weighted,2056,25,50,30,0,353,bfs,manhattan,4,,793,25,55.0000,26,50,true,0.3460,40.0000
E8,weighted,2056,25,50,30,0,353,dfs,manhattan,4,,25,25,55.0000,26,52,true,0.0159,40.0000
E8,weighted,2056,25,50,30,0,353,dijkstra,manhattan,4,,954,40,40.0000,34,106,true,0.5409,40.0000
E8,weighted,2056,25,50,30,0,353,a_star,manhattan,4,,319,40,40.0000,36,128,true,0.1725,40.0000
E8,weighted,2056,25,50,30,0,353,greedy,manhattan,4,,25,55,55.0000,26,52,true,0.0155,40.0000
E8,weighted,2056,25,50,30,0,353,swarm,manhattan,4,,41,41,41.0000,30,56,true,0.0249,40.0000
E8,weighted,2056,25,50,30,0,353,convergent_swarm,manhattan,4,,25,55,55.0000,26,52,true,0.0230,40.0000
E8,weighted,2056,25,50,30,0,353,zero_one_bfs,manhattan,4,,1021,1,137.0000,134,466,true,1.2765,40.0000
E8,weighted,2056,25,50,30,0,353,bfs,manhattan,8,,925,25,55.0000,26,96,true,0.4151,27.4853
E8,weighted,2056,25,50,30,0,353,dfs,manhattan,8,,620,613,2000.3843,614,1886,true,0.3399,27.4853
E8,weighted,2056,25,50,30,0,353,dijkstra,manhattan,8,,863,27.48528137423857,27.4853,26,239,true,0.6747,27.4853
E8,weighted,2056,25,50,30,0,353,a_star,manhattan,8,,61,27.48528137423857,27.4853,26,125,true,0.0525,27.4853
E8,weighted,2056,25,50,30,0,353,greedy,manhattan,8,,25,55,55.0000,26,68,true,0.0323,27.4853
E8,weighted,2056,25,50,30,0,353,swarm,manhattan,8,,25,29.142135623730955,29.1421,26,79,true,0.0222,27.4853
E8,weighted,2056,25,50,30,0,353,convergent_swarm,manhattan,8,,25,41.65685424949238,41.6569,26,73,true,0.0223,27.4853
E8,weighted,2056,25,50,30,0,353,zero_one_bfs,manhattan,8,,1038,1,132.4142,133,988,true,0.7979,27.4853
E8,weighted,2151,25,50,30,0,363,bfs,manhattan,4,,793,25,56.0000,26,50,true,0.3790,35.0000
E8,weighted,2151,25,50,30,0,363,dfs,manhattan,4,,25,25,56.0000,26,52,true,0.0182,35.0000
E8,weighted,2151,25,50,30,0,363,dijkstra,manhattan,4,,908,35,35.0000,30,122,true,0.4881,35.0000
E8,weighted,2151,25,50,30,0,363,a_star,manhattan,4,,179,35,35.0000,30,89,true,0.1296,35.0000
E8,weighted,2151,25,50,30,0,363,greedy,manhattan,4,,25,56,56.0000,26,52,true,0.0192,35.0000
E8,weighted,2151,25,50,30,0,363,swarm,manhattan,4,,57,41,41.0000,34,59,true,0.0431,35.0000
E8,weighted,2151,25,50,30,0,363,convergent_swarm,manhattan,4,,25,56,56.0000,26,52,true,0.0228,35.0000
E8,weighted,2151,25,50,30,0,363,zero_one_bfs,manhattan,4,,321,0,175.0000,176,304,true,0.2063,35.0000
E8,weighted,2151,25,50,30,0,363,bfs,manhattan,8,,925,25,56.0000,26,96,true,0.4701,27.4853
E8,weighted,2151,25,50,30,0,363,dfs,manhattan,8,,620,613,2120.8645,614,1886,true,0.5645,27.4853
E8,weighted,2151,25,50,30,0,363,dijkstra,manhattan,8,,881,27.485281374238575,27.4853,26,234,true,0.7964,27.4853
E8,weighted,2151,25,50,30,0,363,a_star,manhattan,8,,83,27.485281374238575,27.4853,26,140,true,0.0711,27.4853
E8,weighted,2151,25,50,30,0,363,greedy,manhattan,8,,25,56,56.0000,26,63,true,0.0219,27.4853
E8,weighted,2151,25,50,30,0,363,swarm,manhattan,8,,27,31.55634918610405,31.5563,26,82,true,0.0264,27.4853
E8,weighted,2151,25,50,30,0,363,convergent_swarm,manhattan,8,,26,35.31370849898477,35.3137,26,77,true,0.0259,27.4853
E8,weighted,2151,25,50,30,0,363,zero_one_bfs,manhattan,8,,321,0,175.0000,176,622,true,0.2751,27.4853
E8,weighted,2270,25,50,30,0,329,bfs,manhattan,4,,793,25,61.0000,26,50,true,0.2192,30.0000
E8,weighted,2270,25,50,30,0,329,dfs,manhattan,4,,25,25,61.0000,26,52,true,0.0101,30.0000
E8,weighted,2270,25,50,30,0,329,dijkstra,manhattan,4,,826,30,30.0000,30,121,true,0.3801,30.0000
E8,weighted,2270,25,50,30,0,329,a_star,manhattan,4,,66,30,30.0000,30,65,true,0.0314,30.0000
E8,weighted,2270,25,50,30,0,329,greedy,manhattan,4,,25,61,61.0000,26,52,true,0.0150,30.0000
E8,weighted,2270,25,50,30,0,329,swarm,manhattan,4,,33,30,30.0000,30,53,true,0.0178,30.0000
E8,weighted,2270,25,50,30,0,329,convergent_swarm,manhattan,4,,25,61,61.0000,26,52,true,0.0138,30.0000
E8,weighted,2270,25,50,30,0,329,zero_one_bfs,manhattan,4,,335,0,201.0000,202,351,true,0.1828,30.0000
E8,weighted,2270,25,50,30,0,329,bfs,manhattan,8,,925,25,61.0000,26,96,true,0.4081,27.6569
E8,weighted,2270,25,50,30,0,329,dfs,manhattan,8,,620,613,2090.4087,614,1886,true,0.5336,27.6569
E8,weighted,2270,25,50,30,0,329,dijkstra,manhattan,8,,879,27.65685424949238,27.6569,26,224,true,0.8678,27.6569
E8,weighted,2270,25,50,30,0,329,a_star,manhattan,8,,61,27.65685424949238,27.6569,26,113,true,0.0540,27.6569
E8,weighted,2270,25,50,30,0,329,greedy,manhattan,8,,25,61,61.0000,26,65,true,0.0232,27.6569
E8,weighted,2270,25,50,30,0,329,swarm,manhattan,8,,27,30.142135623730955,30.1421,26,82,true,0.0237,27.6569
E8,weighted,2270,25,50,30,0,329,convergent_swarm,manhattan,8,,25,38.485281374238575,38.4853,26,74,true,0.0209,27.6569
E8,weighted,2270,25,50,30,0,329,zero_one_bfs,manhattan,8,,335,0,201.0000,202,706,true,0.2672,27.6569
E8,weighted,3063,25,50,30,0,410,bfs,manhattan,4,,793,25,79.0000,26,50,true,0.2246,40.0000
E8,weighted,3063,25,50,30,0,410,dfs,manhattan,4,,25,25,79.0000,26,52,true,0.0098,40.0000
E8,weighted,3063,25,50,30,0,410,dijkstra,manhattan,4,,908,40,40.0000,36,107,true,0.4088,40.0000
E8,weighted,3063,25,50,30,0,410,a_star,manhattan,4,,246,40,40.0000,36,115,true,0.1204,40.0000
E8,weighted,3063,25,50,30,0,410,greedy,manhattan,4,,25,79,79.0000,26,52,true,0.0149,40.0000
E8,weighted,3063,25,50,30,0,410,swarm,manhattan,4,,56,40,40.0000,36,68,true,0.0279,40.0000
E8,weighted,3063,25,50,30,0,410,convergent_swarm,manhattan,4,,31,69,69.0000,28,56,true,0.0171,40.0000
E8,weighted,3063,25,50,30,0,410,zero_one_bfs,manhattan,4,,200,0,75.0000,76,174,true,0.1055,40.0000
E8,weighted,3063,25,50,30,0,410,bfs,manhattan,8,,925,25,79.0000,26,96,true,0.4163,29.9706
E8,weighted,3063,25,50,30,0,410,dfs,manhattan,8,,620,613,2206.4747,614,1886,true,0.3425,29.9706
E8,weighted,3063,25,50,30,0,410,dijkstra,manhattan,8,,903,29.970562748477146,29.9706,26,252,true,0.7128,29.9706
E8,weighted,3063,25,50,30,0,410,a_star,manhattan,8,,90,30.970562748477146,30.9706,26,166,true,0.0786,29.9706
E8,weighted,3063,25,50,30,0,410,greedy,manhattan,8,,25,79,79.0000,26,68,true,0.0217,29.9706
E8,weighted,3063,25,50,30,0,410,swarm,manhattan,8,,34,31.62741699796953,31.6274,26,106,true,0.0311,29.9706
E8,weighted,3063,25,50,30,0,410,convergent_swarm,manhattan,8,,25,59.627416997969505,59.6274,26,78,true,0.0230,29.9706
E8,weighted,3063,25,50,30,0,410,zero_one_bfs,manhattan,8,,200,0,75.0000,76,358,true,0.1404,29.9706
E8,weighted,3158,25,50,30,0,369,bfs,manhattan,4,,793,25,49.0000,26,50,true,0.2524,33.0000
E8,weighted,3158,25,50,30,0,369,dfs,manhattan,4,,25,25,49.0000,26,52,true,0.0107,33.0000
E8,weighted,3158,25,50,30,0,369,dijkstra,manhattan,4,,838,33,33.0000,32,106,true,1.0119,33.0000
E8,weighted,3158,25,50,30,0,369,a_star,manhattan,4,,147,33,33.0000,34,94,true,0.0712,33.0000
E8,weighted,3158,25,50,30,0,369,greedy,manhattan,4,,25,49,49.0000,26,52,true,0.0139,33.0000
E8,weighted,3158,25,50,30,0,369,swarm,manhattan,4,,39,36,36.0000,32,56,true,0.0199,33.0000
E8,weighted,3158,25,50,30,0,369,convergent_swarm,manhattan,4,,25,49,49.0000,26,52,true,0.0140,33.0000
E8,weighted,3158,25,50,30,0,369,zero_one_bfs,manhattan,4,,521,0,149.0000,150,437,true,0.2739,33.0000
E8,weighted,3158,25,50,30,0,369,bfs,manhattan,8,,925,25,49.0000,26,96,true,0.4310,28.3137
E8,weighted,3158,25,50,30,0,369,dfs,manhattan,8,,620,613,1992.8279,614,1886,true,0.3454,28.3137
E8,weighted,3158,25,50,30,0,369,dijkstra,manhattan,8,,886,28.313708498984763,28.3137,26,229,true,0.7235,28.3137
E8,weighted,3158,25,50,30,0,369,a_star,manhattan,8,,73,28.313708498984766,28.3137,26,132,true,0.0705,28.3137
E8,weighted,3158,25,50,30,0,369,greedy,manhattan,8,,25,49,49.0000,26,70,true,0.0242,28.3137
E8,weighted,3158,25,50,30,0,369,swarm,manhattan,8,,29,32.31370849898477,32.3137,26,90,true,0.0278,28.3137
E8,weighted,3158,25,50,30,0,369,convergent_swarm,manhattan,8,,25,43.82842712474619,43.8284,26,72,true,0.0225,28.3137
E8,weighted,3158,25,50,30,0,369,zero_one_bfs,manhattan,8,,521,0,149.0000,150,869,true,0.4720,28.3137
E8,weighted,3277,25,50,30,0,445,bfs,manhattan,4,,793,25,58.0000,26,50,true,0.2510,31.0000
E8,weighted,3277,25,50,30,0,445,dfs,manhattan,4,,25,25,58.0000,26,52,true,0.0100,31.0000
E8,weighted,3277,25,50,30,0,445,dijkstra,manhattan,4,,769,31,31.0000,32,121,true,0.3628,31.0000
E8,weighted,3277,25,50,30,0,445,a_star,manhattan,4,,82,31,31.0000,32,78,true,0.0423,31.0000
E8,weighted,3277,25,50,30,0,445,greedy,manhattan,4,,25,58,58.0000,26,52,true,0.0157,31.0000
E8,weighted,3277,25,50,30,0,445,swarm,manhattan,4,,33,31,31.0000,32,53,true,0.0186,31.0000
E8,weighted,3277,25,50,30,0,445,convergent_swarm,manhattan,4,,29,46,46.0000,28,55,true,0.0172,31.0000
E8,weighted,3277,25,50,30,0,445,zero_one_bfs,manhattan,4,,33,0,31.0000,32,56,true,0.0202,31.0000
E8,weighted,3277,25,50,30,0,445,bfs,manhattan,8,,925,25,58.0000,26,96,true,0.4212,27.4853
E8,weighted,3277,25,50,30,0,445,dfs,manhattan,8,,620,613,2476.9326,614,1886,true,0.5072,27.4853
E8,weighted,3277,25,50,30,0,445,dijkstra,manhattan,8,,841,27.48528137423857,27.4853,26,260,true,0.9678,27.4853
E8,weighted,3277,25,50,30,0,445,a_star,manhattan,8,,52,27.48528137423857,27.4853,26,116,true,0.0691,27.4853
E8,weighted,3277,25,50,30,0,445,greedy,manhattan,8,,25,58,58.0000,26,65,true,0.0317,27.4853
E8,weighted,3277,25,50,30,0,445,swarm,manhattan,8,,26,28.313708498984766,28.3137,26,81,true,0.0348,27.4853
E8,weighted,3277,25,50,30,0,445,convergent_swarm,manhattan,8,,25,34.485281374238575,34.4853,26,77,true,0.0318,27.4853
E8,weighted,3277,25,50,30,0,445,zero_one_bfs,manhattan,8,,33,0,31.0000,32,111,true,0.0414,27.4853
E8,weighted,4070,25,50,30,0,363,bfs,manhattan,4,,793,25,40.0000,26,50,true,0.2229,31.0000
E8,weighted,4070,25,50,30,0,363,dfs,manhattan,4,,25,25,40.0000,26,52,true,0.0108,31.0000
E8,weighted,4070,25,50,30,0,363,dijkstra,manhattan,4,,801,31,31.0000,30,110,true,0.3545,31.0000
E8,weighted,4070,25,50,30,0,363,a_star,manhattan,4,,97,31,31.0000,28,69,true,0.0474,31.0000
E8,weighted,4070,25,50,30,0,363,greedy,manhattan,4,,25,40,40.0000,26,52,true,0.0145,31.0000
E8,weighted,4070,25,50,30,0,363,swarm,manhattan,4,,32,31,31.0000,28,58,true,0.0171,31.0000
E8,weighted,4070,25,50,30,0,363,convergent_swarm,manhattan,4,,25,40,40.0000,26,52,true,0.0136,31.0000
E8,weighted,4070,25,50,30,0,363,zero_one_bfs,manhattan,4,,41,0,39.0000,40,66,true,0.0223,31.0000
E8,weighted,4070,25,50,30,0,363,bfs,manhattan,8,,925,25,40.0000,26,96,true,0.6230,28.3137
E8,weighted,4070,25,50,30,0,363,dfs,manhattan,8,,620,613,2185.9183,614,1886,true,0.3371,28.3137
E8,weighted,4070,25,50,30,0,363,dijkstra,manhattan,8,,881,28.313708498984763,28.3137,26,238,true,0.6774,28.3137
E8,weighted,4070,25,50,30,0,363,a_star,manhattan,8,,71,28.65685424949238,28.6569,26,133,true,0.0608,28.3137
E8,weighted,4070,25,50,30,0,363,greedy,manhattan,8,,25,40,40.0000,26,66,true,0.0220,28.3137
E8,weighted,4070,25,50,30,0,363,swarm,manhattan,8,,25,32.65685424949238,32.6569,26,72,true,0.0217,28.3137
E8,weighted,4070,25,50,30,0,363,convergent_swarm,manhattan,8,,25,34.82842712474619,34.8284,26,69,true,0.0208,28.3137
E8,weighted,4070,25,50,30,0,363,zero_one_bfs,manhattan,8,,41,0,39.0000,40,129,true,0.0417,28.3137
E8,weighted,4165,25,50,30,0,482,bfs,manhattan,4,,793,25,72.0000,26,50,true,0.3585,40.0000
E8,weighted,4165,25,50,30,0,482,dfs,manhattan,4,,25,25,72.0000,26,52,true,0.0156,40.0000
E8,weighted,4165,25,50,30,0,482,dijkstra,manhattan,4,,884,40,40.0000,34,121,true,0.6445,40.0000
E8,weighted,4165,25,50,30,0,482,a_star,manhattan,4,,211,40,40.0000,34,106,true,0.1373,40.0000
E8,weighted,4165,25,50,30,0,482,greedy,manhattan,4,,25,72,72.0000,26,52,true,0.0245,40.0000
E8,weighted,4165,25,50,30,0,482,swarm,manhattan,4,,68,41,41.0000,32,68,true,0.0393,40.0000
E8,weighted,4165,25,50,30,0,482,convergent_swarm,manhattan,4,,25,72,72.0000,26,52,true,0.0141,40.0000
E8,weighted,4165,25,50,30,0,482,zero_one_bfs,manhattan,4,,651,1,49.0000,44,337,true,0.3250,40.0000
E8,weighted,4165,25,50,30,0,482,bfs,manhattan,8,,925,25,72.0000,26,96,true,0.4354,29.7279
E8,weighted,4165,25,50,30,0,482,dfs,manhattan,8,,620,613,2546.4717,614,1886,true,0.3496,29.7279
E8,weighted,4165,25,50,30,0,482,dijkstra,manhattan,8,,873,29.72792206135786,29.7279,27,255,true,0.6906,29.7279
E8,weighted,4165,25,50,30,0,482,a_star,manhattan,8,,105,29.899494936611667,29.8995,27,179,true,0.0981,29.7279
E8,weighted,4165,25,50,30,0,482,greedy,manhattan,8,,25,72,72.0000,26,62,true,0.0211,29.7279
E8,weighted,4165,25,50,30,0,482,swarm,manhattan,8,,35,31.384776310850242,31.3848,27,98,true,0.0325,29.7279
E8,weighted,4165,25,50,30,0,482,convergent_swarm,manhattan,8,,26,51.656854249492376,51.6569,26,73,true,0.0311,29.7279
E8,weighted,4165,25,50,30,0,482,zero_one_bfs,manhattan,8,,654,1,49.0000,44,691,true,0.5059,29.7279
E8,weighted,4284,25,50,30,0,462,bfs,manhattan,4,,793,25,58.0000,26,50,true,0.2481,35.0000
E8,weighted,4284,25,50,30,0,462,dfs,manhattan,4,,25,25,58.0000,26,52,true,0.0160,35.0000
E8,weighted,4284,25,50,30,0,462,dijkstra,manhattan,4,,817,35,35.0000,32,107,true,1.1153,35.0000
E8,weighted,4284,25,50,30,0,462,a_star,manhattan,4,,121,35,35.0000,30,86,true,0.1104,35.0000
E8,weighted,4284,25,50,30,0,462,greedy,manhattan,4,,25,58,58.0000,26,52,true,0.0253,35.0000
E8,weighted,4284,25,50,30,0,462,swarm,manhattan,4,,33,35,35.0000,30,53,true,0.0299,35.0000
E8,weighted,4284,25,50,30,0,462,convergent_swarm,manhattan,4,,25,58,58.0000,26,52,true,0.0248,35.0000
E8,weighted,4284,25,50,30,0,462,zero_one_bfs,manhattan,4,,556,0,77.0000,78,382,true,0.5434,35.0000
E8,weighted,4284,25,50,30,0,462,bfs,manhattan,8,,925,25,58.0000,26,96,true,0.5933,28.3137
E8,weighted,4284,25,50,30,0,462,dfs,manhattan,8,,620,613,2638.5377,614,1886,true,0.3590,28.3137
E8,weighted,4284,25,50,30,0,462,dijkstra,manhattan,8,,876,28.313708498984763,28.3137,26,254,true,0.7763,28.3137
E8,weighted,4284,25,50,30,0,462,a_star,manhattan,8,,83,29.142135623730955,29.1421,26,140,true,0.0738,28.3137
E8,weighted,4284,25,50,30,0,462,greedy,manhattan,8,,25,58,58.0000,26,66,true,0.0213,28.3137
E8,weighted,4284,25,50,30,0,462,swarm,manhattan,8,,25,32.31370849898477,32.3137,26,80,true,0.0225,28.3137
E8,weighted,4284,25,50,30,0,462,convergent_swarm,manhattan,8,,26,36.48528137423857,36.4853,26,79,true,0.0219,28.3137
E8,weighted,4284,25,50,30,0,462,zero_one_bfs,manhattan,8,,556,0,77.0000,78,809,true,0.4136,28.3137
E8,weighted,5077,25,50,30,0,350,bfs,manhattan,4,,793,25,44.0000,26,50,true,0.2279,32.0000
E8,weighted,5077,25,50,30,0,350,dfs,manhattan,4,,25,25,44.0000,26,52,true,0.0100,32.0000
E8,weighted,5077,25,50,30,0,350,dijkstra,manhattan,4,,858,32,32.0000,30,109,true,0.3792,32.0000
E8,weighted,5077,25,50,30,0,350,a_star,manhattan,4,,94,32,32.0000,32,69,true,0.0453,32.0000
E8,weighted,5077,25,50,30,0,350,greedy,manhattan,4,,25,44,44.0000,26,52,true,0.0143,32.0000
E8,weighted,5077,25,50,30,0,350,swarm,manhattan,4,,30,33,33.0000,30,52,true,0.0157,32.0000
E8,weighted,5077,25,50,30,0,350,convergent_swarm,manhattan,4,,25,44,44.0000,26,52,true,0.0148,32.0000
E8,weighted,5077,25,50,30,0,350,zero_one_bfs,manhattan,4,,727,0,101.0000,102,448,true,0.3777,32.0000
E8,weighted,5077,25,50,30,0,350,bfs,manhattan,8,,925,25,44.0000,26,96,true,0.4200,28.3137
E8,weighted,5077,25,50,30,0,350,dfs,manhattan,8,,620,613,2091.3376,614,1886,true,0.3406,28.3137
E8,weighted,5077,25,50,30,0,350,dijkstra,manhattan,8,,893,28.313708498984763,28.3137,26,228,true,0.8971,28.3137
E8,weighted,5077,25,50,30,0,350,a_star,manhattan,8,,70,28.313708498984763,28.3137,26,123,true,0.2877,28.3137
E8,weighted,5077,25,50,30,0,350,greedy,manhattan,8,,25,44,44.0000,26,66,true,0.0290,28.3137
E8,weighted,5077,25,50,30,0,350,swarm,manhattan,8,,25,31.656854249492383,31.6569,26,75,true,0.0225,28.3137
E8,weighted,5077,25,50,30,0,350,convergent_swarm,manhattan,8,,25,37.82842712474619,37.8284,26,69,true,0.0212,28.3137
E8,weighted,5077,25,50,30,0,350,zero_one_bfs,manhattan,8,,727,0,101.0000,102,962,true,0.6430,28.3137
E8,weighted,5172,25,50,30,0,442,bfs,manhattan,4,,793,25,69.0000,26,50,true,0.3812,36.0000
E8,weighted,5172,25,50,30,0,442,dfs,manhattan,4,,25,25,69.0000,26,52,true,0.0162,36.0000
E8,weighted,5172,25,50,30,0,442,dijkstra,manhattan,4,,830,36,36.0000,36,111,true,0.6312,36.0000
E8,weighted,5172,25,50,30,0,442,a_star,manhattan,4,,148,36,36.0000,36,95,true,0.1172,36.0000
E8,weighted,5172,25,50,30,0,442,greedy,manhattan,4,,25,69,69.0000,26,52,true,0.0246,36.0000
E8,weighted,5172,25,50,30,0,442,swarm,manhattan,4,,71,39,39.0000,34,70,true,0.0592,36.0000
E8,weighted,5172,25,50,30,0,442,convergent_swarm,manhattan,4,,28,63,63.0000,28,54,true,0.0256,36.0000
E8,weighted,5172,25,50,30,0,442,zero_one_bfs,manhattan,4,,471,1,43.0000,36,258,true,0.4158,36.0000
E8,weighted,5172,25,50,30,0,442,bfs,manhattan,8,,925,25,69.0000,26,96,true,0.7035,29.1421
E8,weighted,5172,25,50,30,0,442,dfs,manhattan,8,,620,613,2367.5234,614,1886,true,0.5848,29.1421
E8,weighted,5172,25,50,30,0,442,dijkstra,manhattan,8,,869,29.142135623730955,29.1421,26,238,true,1.1471,29.1421
E8,weighted,5172,25,50,30,0,442,a_star,manhattan,8,,60,29.142135623730955,29.1421,26,147,true,0.0781,29.1421
E8,weighted,5172,25,50,30,0,442,greedy,manhattan,8,,25,69,69.0000,26,67,true,0.0338,29.1421
E8,weighted,5172,25,50,30,0,442,swarm,manhattan,8,,31,29.142135623730955,29.1421,26,94,true,0.0546,29.1421
E8,weighted,5172,25,50,30,0,442,convergent_swarm,manhattan,8,,25,49.07106781186547,49.0711,26,72,true,0.0320,29.1421
E8,weighted,5172,25,50,30,0,442,zero_one_bfs,manhattan,8,,475,1,34.4142,35,554,true,0.5461,29.1421
E8,weighted,5291,25,50,30,0,344,bfs,manhattan,4,,793,25,60.0000,26,50,true,0.2186,34.0000
E8,weighted,5291,25,50,30,0,344,dfs,manhattan,4,,25,25,60.0000,26,52,true,0.0100,34.0000
E8,weighted,5291,25,50,30,0,344,dijkstra,manhattan,4,,845,34,34.0000,32,99,true,0.3715,34.0000
E8,weighted,5291,25,50,30,0,344,a_star,manhattan,4,,127,34,34.0000,32,83,true,0.0644,34.0000
E8,weighted,5291,25,50,30,0,344,greedy,manhattan,4,,25,60,60.0000,26,52,true,0.0139,34.0000
E8,weighted,5291,25,50,30,0,344,swarm,manhattan,4,,41,41,41.0000,30,57,true,0.0198,34.0000
E8,weighted,5291,25,50,30,0,344,convergent_swarm,manhattan,4,,25,60,60.0000,26,52,true,0.0143,34.0000
E8,weighted,5291,25,50,30,0,344,zero_one_bfs,manhattan,4,,219,0,131.0000,132,229,true,0.1134,34.0000
E8,weighted,5291,25,50,30,0,344,bfs,manhattan,8,,925,25,60.0000,26,96,true,0.4257,26.6569
E8,weighted,5291,25,50,30,0,344,dfs,manhattan,8,,620,613,2018.6269,614,1886,true,0.3424,26.6569
E8,weighted,5291,25,50,30,0,344,dijkstra,manhattan,8,,869,26.656854249492383,26.6569,26,238,true,0.6759,26.6569
E8,weighted,5291,25,50,30,0,344,a_star,manhattan,8,,47,26.656854249492383,26.6569,26,106,true,0.0395,26.6569
E8,weighted,5291,25,50,30,0,344,greedy,manhattan,8,,25,60,60.0000,26,70,true,0.0238,26.6569
E8,weighted,5291,25,50,30,0,344,swarm,manhattan,8,,25,27.485281374238575,27.4853,26,83,true,0.0235,26.6569
E8,weighted,5291,25,50,30,0,344,convergent_swarm,manhattan,8,,25,33.97056274847714,33.9706,26,80,true,0.0239,26.6569
E8,weighted,5291,25,50,30,0,344,zero_one_bfs,manhattan,8,,219,0,131.0000,132,458,true,0.1838,26.6569
E8,bottleneck,42,25,50,30,159,0,bfs,manhattan,4,,956,51,51.0000,52,26,true,0.9218,51.0000
E8,bottleneck,42,25,50,30,159,0,dfs,manhattan,4,,836,99,99.0000,100,444,true,0.4547,51.0000
E8,bottleneck,42,25,50,30,159,0,dijkstra,manhattan,4,,952,51,51.0000,52,32,true,0.4806,51.0000
E8,bottleneck,42,25,50,30,159,0,a_star,manhattan,4,,158,51,51.0000,52,90,true,0.0692,51.0000
E8,bottleneck,42,25,50,30,159,0,greedy,manhattan,4,,59,55,55.0000,56,81,true,0.0318,51.0000
E8,bottleneck,42,25,50,30,159,0,swarm,manhattan,4,,62,55,55.0000,56,82,true,0.0349,51.0000
E8,bottleneck,42,25,50,30,159,0,convergent_swarm,manhattan,4,,59,55,55.0000,56,81,true,0.0299,51.0000
E8,bottleneck,42,25,50,30,159,0,zero_one_bfs,manhattan,4,,238,0,55.0000,56,152,true,0.1053,51.0000
E8,bottleneck,42,25,50,30,159,0,bfs,manhattan,8,,1046,47,50.3137,48,48,true,0.4795,48.6569
E8,bottleneck,42,25,50,30,159,0,dfs,manhattan,8,,348,332,461.6488,333,997,true,0.1939,48.6569
E8,bottleneck,42,25,50,30,159,0,dijkstra,manhattan,8,,1011,48.656854249492376,48.6569,48,54,true,0.6831,48.6569
E8,bottleneck,42,25,50,30,159,0,a_star,manhattan,8,,96,48.65685424949238,48.6569,48,125,true,0.0754,48.6569
E8,bottleneck,42,25,50,30,159,0,greedy,manhattan,8,,48,51.14213562373095,51.1421,48,99,true,0.0399,48.6569
E8,bottleneck,42,25,50,30,159,0,swarm,manhattan,8,,48,51.14213562373095,51.1421,48,99,true,0.0378,48.6569
E8,bottleneck,42,25,50,30,159,0,convergent_swarm,manhattan,8,,48,51.14213562373095,51.1421,48,99,true,0.0348,48.6569
E8,bottleneck,42,25,50,30,159,0,zero_one_bfs,manhattan,8,,238,0,55.0000,56,340,true,0.1672,48.6569
E8,bottleneck,137,25,50,30,155,0,bfs,manhattan,4,,989,55,55.0000,56,27,true,0.2774,55.0000
E8,bottleneck,137,25,50,30,155,0,dfs,manhattan,4,,812,147,147.0000,148,497,true,0.2962,55.0000
E8,bottleneck,137,25,50,30,155,0,dijkstra,manhattan,4,,971,55,55.0000,56,34,true,0.4455,55.0000
E8,bottleneck,137,25,50,30,155,0,a_star,manhattan,4,,258,55,55.0000,56,93,true,0.1178,55.0000
E8,bottleneck,137,25,50,30,155,0,greedy,manhattan,4,,76,61,61.0000,62,90,true,0.0423,55.0000
E8,bottleneck,137,25,50,30,155,0,swarm,manhattan,4,,96,59,59.0000,60,86,true,0.0474,55.0000
E8,bottleneck,137,25,50,30,155,0,convergent_swarm,manhattan,4,,80,61,61.0000,62,86,true,0.0398,55.0000
E8,bottleneck,137,25,50,30,155,0,zero_one_bfs,manhattan,4,,355,0,155.0000,156,202,true,0.1724,55.0000
E8,bottleneck,137,25,50,30,155,0,bfs,manhattan,8,,1051,47,51.1421,48,49,true,0.7276,50.3137
E8,bottleneck,137,25,50,30,155,0,dfs,manhattan,8,,232,218,304.5706,219,772,true,0.1769,50.3137
E8,bottleneck,137,25,50,30,155,0,dijkstra,manhattan,8,,1028,50.31370849898475,50.3137,48,52,true,1.1122,50.3137
E8,bottleneck,137,25,50,30,155,0,a_star,manhattan,8,,222,50.31370849898477,50.3137,48,182,true,0.2660,50.3137
E8,bottleneck,137,25,50,30,155,0,greedy,manhattan,8,,59,53.970562748477136,53.3848,49,111,true,0.0811,50.3137
E8,bottleneck,137,25,50,30,155,0,swarm,manhattan,8,,73,52.79898987322333,52.7990,48,134,true,0.0930,50.3137
E8,bottleneck,137,25,50,30,155,0,convergent_swarm,manhattan,8,,61,52.79898987322333,52.7990,48,117,true,0.0710,50.3137
E8,bottleneck,137,25,50,30,155,0,zero_one_bfs,manhattan,8,,355,0,155.0000,156,531,true,0.3806,50.3137
E8,bottleneck,256,25,50,30,152,0,bfs,manhattan,4,,1006,63,63.0000,64,27,true,0.4073,63.0000
E8,bottleneck,256,25,50,30,152,0,dfs,manhattan,4,,352,281,281.0000,282,324,true,0.1679,63.0000
E8,bottleneck,256,25,50,30,152,0,dijkstra,manhattan,4,,1004,63,63.0000,64,33,true,0.5903,63.0000
E8,bottleneck,256,25,50,30,152,0,a_star,manhattan,4,,470,63,63.0000,64,94,true,0.3019,63.0000
E8,bottleneck,256,25,50,30,152,0,greedy,manhattan,4,,115,65,65.0000,66,95,true,0.0787,63.0000
E8,bottleneck,256,25,50,30,152,0,swarm,manhattan,4,,217,65,65.0000,66,86,true,0.1439,63.0000
E8,bottleneck,256,25,50,30,152,0,convergent_swarm,manhattan,4,,141,65,65.0000,66,89,true,0.0954,63.0000
E8,bottleneck,256,25,50,30,152,0,zero_one_bfs,manhattan,4,,486,0,161.0000,162,217,true,0.3416,63.0000
E8,bottleneck,256,25,50,30,152,0,bfs,manhattan,8,,1062,47,53.6274,48,48,true,1.1359,53.6274
E8,bottleneck,256,25,50,30,152,0,dfs,manhattan,8,,180,179,249.4163,180,567,true,0.1266,53.6274
E8,bottleneck,256,25,50,30,152,0,dijkstra,manhattan,8,,1038,53.627416997969505,53.6274,48,51,true,0.7556,53.6274
E8,bottleneck,256,25,50,30,152,0,a_star,manhattan,8,,375,54.21320343559642,54.2132,49,177,true,0.3862,53.6274
E8,bottleneck,256,25,50,30,152,0,greedy,manhattan,8,,99,59.97056274847712,57.3848,53,125,true,0.0999,53.6274
E8,bottleneck,256,25,50,30,152,0,swarm,manhattan,8,,160,55.62741699796952,55.6274,50,165,true,0.1728,53.6274
E8,bottleneck,256,25,50,30,152,0,convergent_swarm,manhattan,8,,113,55.62741699796952,55.6274,50,136,true,0.1156,53.6274
E8,bottleneck,256,25,50,30,152,0,zero_one_bfs,manhattan,8,,486,0,161.0000,162,650,true,0.3705,53.6274
E8,bottleneck,1049,25,50,30,146,0,bfs,manhattan,4,,1017,63,63.0000,64,29,true,0.3486,63.0000
E8,bottleneck,1049,25,50,30,146,0,dfs,manhattan,4,,809,217,217.0000,218,506,true,0.2696,63.0000
E8,bottleneck,1049,25,50,30,146,0,dijkstra,manhattan,4,,1009,63,63.0000,64,34,true,0.3950,63.0000
E8,bottleneck,1049,25,50,30,146,0,a_star,manhattan,4,,446,63,63.0000,64,103,true,0.1980,63.0000
E8,bottleneck,1049,25,50,30,146,0,greedy,manhattan,4,,115,65,65.0000,66,98,true,0.0541,63.0000
E8,bottleneck,1049,25,50,30,146,0,swarm,manhattan,4,,214,63,63.0000,64,93,true,0.0968,63.0000
E8,bottleneck,1049,25,50,30,146,0,convergent_swarm,manhattan,4,,139,65,65.0000,66,92,true,0.0607,63.0000
E8,bottleneck,1049,25,50,30,146,0,zero_one_bfs,manhattan,4,,336,0,181.0000,182,238,true,0.1604,63.0000
E8,bottleneck,1049,25,50,30,146,0,bfs,manhattan,8,,1065,47,53.6274,48,50,true,1.2656,53.6274
E8,bottleneck,1049,25,50,30,146,0,dfs,manhattan,8,,169,166,233.5168,167,593,true,0.2087,53.6274
E8,bottleneck,1049,25,50,30,146,0,dijkstra,manhattan,8,,1042,53.627416997969505,53.6274,48,60,true,0.9392,53.6274
E8,bottleneck,1049,25,50,30,146,0,a_star,manhattan,8,,367,53.627416997969505,53.6274,48,175,true,0.3127,53.6274
E8,bottleneck,1049,25,50,30,146,0,greedy,manhattan,8,,96,58.55634918610403,58.5563,55,124,true,0.0790,53.6274
E8,bottleneck,1049,25,50,30,146,0,swarm,manhattan,8,,163,54.79898987322333,54.7990,50,177,true,0.1383,53.6274
E8,bottleneck,1049,25,50,30,146,0,convergent_swarm,manhattan,8,,110,54.79898987322333,54.7990,50,147,true,0.1127,53.6274
E8,bottleneck,1049,25,50,30,146,0,zero_one_bfs,manhattan,8,,336,0,181.0000,182,569,true,0.2396,53.6274
E8,bottleneck,1144,25,50,30,169,0,bfs,manhattan,4,,933,49,49.0000,50,29,true,0.2465,49.0000
E8,bottleneck,1144,25,50,30,169,0,dfs,manhattan,4,,510,387,387.0000,388,420,true,0.1625,49.0000
E8,bottleneck,1144,25,50,30,169,0,dijkstra,manhattan,4,,931,49,49.0000,50,35,true,0.3625,49.0000
E8,bottleneck,1144,25,50,30,169,0,a_star,manhattan,4,,107,49,49.0000,50,116,true,0.0482,49.0000
E8,bottleneck,1144,25,50,30,169,0,greedy,manhattan,4,,51,51,51.0000,52,89,true,0.0285,49.0000
E8,bottleneck,1144,25,50,30,169,0,swarm,manhattan,4,,51,51,51.0000,52,89,true,0.0278,49.0000
E8,bottleneck,1144,25,50,30,169,0,convergent_swarm,manhattan,4,,51,51,51.0000,52,89,true,0.0263,49.0000
E8,bottleneck,1144,25,50,30,169,0,zero_one_bfs,manhattan,4,,503,0,51.0000,52,202,true,0.2160,49.0000
E8,bottleneck,1144,25,50,30,169,0,bfs,manhattan,8,,1037,47,47.8284,48,50,true,0.4413,47.8284
E8,bottleneck,1144,25,50,30,169,0,dfs,manhattan,8,,341,329,457.4062,330,922,true,0.1707,47.8284
E8,bottleneck,1144,25,50,30,169,0,dijkstra,manhattan,8,,995,47.828427124746185,47.8284,48,53,true,0.6439,47.8284
E8,bottleneck,1144,25,50,30,169,0,a_star,manhattan,8,,64,47.82842712474619,47.8284,48,116,true,0.0524,47.8284
E8,bottleneck,1144,25,50,30,169,0,greedy,manhattan,8,,47,48.65685424949238,48.6569,48,99,true,0.0397,47.8284
E8,bottleneck,1144,25,50,30,169,0,swarm,manhattan,8,,47,48.65685424949238,48.6569,48,99,true,0.0384,47.8284
E8,bottleneck,1144,25,50,30,169,0,convergent_swarm,manhattan,8,,47,48.65685424949238,48.6569,48,99,true,0.0382,47.8284
E8,bottleneck,1144,25,50,30,169,0,zero_one_bfs,manhattan,8,,503,0,51.0000,52,560,true,0.3284,47.8284
E8,bottleneck,1263,25,50,30,173,0,bfs,manhattan,4,,992,63,63.0000,64,29,true,0.2682,63.0000
E8,bottleneck,1263,25,50,30,173,0,dfs,manhattan,4,,272,221,221.0000,222,285,true,0.0922,63.0000
E8,bottleneck,1263,25,50,30,173,0,dijkstra,manhattan,4,,991,63,63.0000,64,35,true,0.3852,63.0000
E8,bottleneck,1263,25,50,30,173,0,a_star,manhattan,4,,478,63,63.0000,64,104,true,0.2080,63.0000
E8,bottleneck,1263,25,50,30,173,0,greedy,manhattan,4,,109,67,67.0000,68,92,true,0.0509,63.0000
E8,bottleneck,1263,25,50,30,173,0,swarm,manhattan,4,,226,63,63.0000,64,93,true,0.0994,63.0000
E8,bottleneck,1263,25,50,30,173,0,convergent_swarm,manhattan,4,,135,67,67.0000,68,91,true,0.0597,63.0000
E8,bottleneck,1263,25,50,30,173,0,zero_one_bfs,manhattan,4,,261,0,239.0000,240,287,true,0.1406,63.0000
E8,bottleneck,1263,25,50,30,173,0,bfs,manhattan,8,,1039,47,53.6274,48,44,true,0.4450,53.6274
E8,bottleneck,1263,25,50,30,173,0,dfs,manhattan,8,,179,172,239.5168,173,544,true,0.0935,53.6274
E8,bottleneck,1263,25,50,30,173,0,dijkstra,manhattan,8,,1022,53.627416997969505,53.6274,48,55,true,0.6607,53.6274
E8,bottleneck,1263,25,50,30,173,0,a_star,manhattan,8,,365,53.62741699796951,53.6274,48,178,true,0.2771,53.6274
E8,bottleneck,1263,25,50,30,173,0,greedy,manhattan,8,,94,58.7989898732233,58.2132,53,122,true,0.0710,53.6274
E8,bottleneck,1263,25,50,30,173,0,swarm,manhattan,8,,169,55.87005768508879,55.8701,49,189,true,0.1374,53.6274
E8,bottleneck,1263,25,50,30,173,0,convergent_swarm,manhattan,8,,107,55.87005768508879,55.8701,49,143,true,0.0902,53.6274
E8,bottleneck,1263,25,50,30,173,0,zero_one_bfs,manhattan,8,,261,0,239.0000,240,614,true,0.2058,53.6274
E8,bottleneck,2056,25,50,30,172,0,bfs,manhattan,4,,988,57,57.0000,58,26,true,0.2621,57.0000
E8,bottleneck,2056,25,50,30,172,0,dfs,manhattan,4,,419,125,125.0000,126,228,true,0.1472,57.0000
E8,bottleneck,2056,25,50,30,172,0,dijkstra,manhattan,4,,983,57,57.0000,58,32,true,0.5688,57.0000
E8,bottleneck,2056,25,50,30,172,0,a_star,manhattan,4,,301,57,57.0000,58,94,true,0.2166,57.0000
E8,bottleneck,2056,25,50,30,172,0,greedy,manhattan,4,,92,63,63.0000,64,88,true,0.0742,57.0000
E8,bottleneck,2056,25,50,30,172,0,swarm,manhattan,4,,105,61,61.0000,62,87,true,0.0817,57.0000
E8,bottleneck,2056,25,50,30,172,0,convergent_swarm,manhattan,4,,95,63,63.0000,64,88,true,0.0709,57.0000
E8,bottleneck,2056,25,50,30,172,0,zero_one_bfs,manhattan,4,,644,0,187.0000,188,284,true,0.3616,57.0000
E8,bottleneck,2056,25,50,30,172,0,bfs,manhattan,8,,1044,47,51.9706,48,46,true,0.4804,51.1421
E8,bottleneck,2056,25,50,30,172,0,dfs,manhattan,8,,503,482,668.8103,483,1394,true,0.2693,51.1421
E8,bottleneck,2056,25,50,30,172,0,dijkstra,manhattan,8,,1018,51.14213562373094,51.1421,48,56,true,0.6609,51.1421
E8,bottleneck,2056,25,50,30,172,0,a_star,manhattan,8,,269,51.142135623730944,51.1421,48,185,true,0.2052,51.1421
E8,bottleneck,2056,25,50,30,172,0,greedy,manhattan,8,,64,57.041630560342604,56.4558,50,112,true,0.0593,51.1421
E8,bottleneck,2056,25,50,30,172,0,swarm,manhattan,8,,86,55.04163056034261,55.0416,49,136,true,0.0658,51.1421
E8,bottleneck,2056,25,50,30,172,0,convergent_swarm,manhattan,8,,66,56.4558441227157,56.4558,50,115,true,0.0502,51.1421
E8,bottleneck,2056,25,50,30,172,0,zero_one_bfs,manhattan,8,,644,0,187.0000,188,808,true,0.4446,51.1421
E8,bottleneck,2151,25,50,30,156,0,bfs,manhattan,4,,1003,57,57.0000,58,26,true,0.2655,57.0000
E8,bottleneck,2151,25,50,30,156,0,dfs,manhattan,4,,427,169,169.0000,170,216,true,0.1472,57.0000
E8,bottleneck,2151,25,50,30,156,0,dijkstra,manhattan,4,,1002,57,57.0000,58,33,true,0.3903,57.0000
E8,bottleneck,2151,25,50,30,156,0,a_star,manhattan,4,,319,57,57.0000,58,97,true,0.1360,57.0000
E8,bottleneck,2151,25,50,30,156,0,greedy,manhattan,4,,83,63,63.0000,64,86,true,0.0406,57.0000
E8,bottleneck,2151,25,50,30,156,0,swarm,manhattan,4,,126,61,61.0000,62,82,true,0.0571,57.0000
E8,bottleneck,2151,25,50,30,156,0,convergent_swarm,manhattan,4,,95,63,63.0000,64,83,true,0.0434,57.0000
E8,bottleneck,2151,25,50,30,156,0,zero_one_bfs,manhattan,4,,583,0,161.0000,162,272,true,0.4161,57.0000
E8,bottleneck,2151,25,50,30,156,0,bfs,manhattan,8,,1060,47,51.9706,48,50,true,0.7149,51.1421
E8,bottleneck,2151,25,50,30,156,0,dfs,manhattan,8,,445,425,593.1707,426,1257,true,0.3491,51.1421
E8,bottleneck,2151,25,50,30,156,0,dijkstra,manhattan,8,,1035,51.14213562373094,51.1421,48,52,true,0.7850,51.1421
E8,bottleneck,2151,25,50,30,156,0,a_star,manhattan,8,,253,51.72792206135785,51.7279,49,173,true,0.2006,51.1421
E8,bottleneck,2151,25,50,30,156,0,greedy,manhattan,8,,67,56.79898987322332,54.7990,50,111,true,0.0565,51.1421
E8,bottleneck,2151,25,50,30,156,0,swarm,manhattan,8,,93,54.21320343559643,54.2132,49,142,true,0.0734,51.1421
E8,bottleneck,2151,25,50,30,156,0,convergent_swarm,manhattan,8,,71,54.21320343559643,54.2132,49,118,true,0.0540,51.1421
E8,bottleneck,2151,25,50,30,156,0,zero_one_bfs,manhattan,8,,583,0,161.0000,162,703,true,0.4068,51.1421
E8,bottleneck,2270,25,50,30,162,0,bfs,manhattan,4,,997,67,67.0000,68,28,true,0.2671,67.0000
E8,bottleneck,2270,25,50,30,162,0,dfs,manhattan,4,,509,411,411.0000,412,480,true,0.1666,67.0000
E8,bottleneck,2270,25,50,30,162,0,dijkstra,manhattan,4,,998,67,67.0000,68,35,true,0.3800,67.0000
E8,bottleneck,2270,25,50,30,162,0,a_star,manhattan,4,,593,67,67.0000,68,105,true,0.2540,67.0000
E8,bottleneck,2270,25,50,30,162,0,greedy,manhattan,4,,218,75,73.0000,74,101,true,0.1211,67.0000
E8,bottleneck,2270,25,50,30,162,0,swarm,manhattan,4,,361,69,69.0000,70,99,true,0.1813,67.0000
E8,bottleneck,2270,25,50,30,162,0,convergent_swarm,manhattan,4,,259,73,73.0000,74,93,true,0.1557,67.0000
E8,bottleneck,2270,25,50,30,162,0,zero_one_bfs,manhattan,4,,703,0,259.0000,260,391,true,0.4312,67.0000
E8,bottleneck,2270,25,50,30,162,0,bfs,manhattan,8,,1050,47,54.4558,48,49,true,1.2467,53.6274
E8,bottleneck,2270,25,50,30,162,0,dfs,manhattan,8,,507,485,674.7098,486,1391,true,0.5972,53.6274
E8,bottleneck,2270,25,50,30,162,0,dijkstra,manhattan,8,,1028,53.627416997969505,53.6274,48,57,true,1.1028,53.6274
E8,bottleneck,2270,25,50,30,162,0,a_star,manhattan,8,,358,53.62741699796951,53.6274,48,161,true,0.5004,53.6274
E8,bottleneck,2270,25,50,30,162,0,greedy,manhattan,8,,111,59.384776310850214,58.2132,53,127,true,0.1632,53.6274
E8,bottleneck,2270,25,50,30,162,0,swarm,manhattan,8,,170,54.4558441227157,54.4558,48,162,true,0.2784,53.6274
E8,bottleneck,2270,25,50,30,162,0,convergent_swarm,manhattan,8,,124,54.4558441227157,54.4558,48,140,true,0.1972,53.6274
E8,bottleneck,2270,25,50,30,162,0,zero_one_bfs,manhattan,8,,703,0,259.0000,260,973,true,0.7590,53.6274
E8,bottleneck,3063,25,50,30,171,0,bfs,manhattan,4,,914,49,49.0000,50,26,true,0.2440,49.0000
E8,bottleneck,3063,25,50,30,171,0,dfs,manhattan,4,,282,143,143.0000,144,186,true,0.0974,49.0000
E8,bottleneck,3063,25,50,30,171,0,dijkstra,manhattan,4,,906,49,49.0000,50,33,true,0.3664,49.0000
E8,bottleneck,3063,25,50,30,171,0,a_star,manhattan,4,,62,49,49.0000,50,88,true,0.0326,49.0000
E8,bottleneck,3063,25,50,30,171,0,greedy,manhattan,4,,49,49,49.0000,50,84,true,0.0277,49.0000
E8,bottleneck,3063,25,50,30,171,0,swarm,manhattan,4,,49,49,49.0000,50,84,true,0.0265,49.0000
E8,bottleneck,3063,25,50,30,171,0,convergent_swarm,manhattan,4,,49,49,49.0000,50,84,true,0.0257,49.0000
E8,bottleneck,3063,25,50,30,171,0,zero_one_bfs,manhattan,4,,525,0,53.0000,54,162,true,0.2244,49.0000
E8,bottleneck,3063,25,50,30,171,0,bfs,manhattan,8,,1034,47,47.8284,48,46,true,0.8490,47.8284
E8,bottleneck,3063,25,50,30,171,0,dfs,manhattan,8,,305,300,420.5361,301,970,true,0.3324,47.8284
E8,bottleneck,3063,25,50,30,171,0,dijkstra,manhattan,8,,986,47.82842712474619,47.8284,48,50,true,0.6259,47.8284
E8,bottleneck,3063,25,50,30,171,0,a_star,manhattan,8,,49,47.82842712474619,47.8284,48,92,true,0.0400,47.8284
E8,bottleneck,3063,25,50,30,171,0,greedy,manhattan,8,,47,47.82842712474619,47.8284,48,91,true,0.0387,47.8284
E8,bottleneck,3063,25,50,30,171,0,swarm,manhattan,8,,47,47.82842712474619,47.8284,48,91,true,0.0374,47.8284
E8,bottleneck,3063,25,50,30,171,0,convergent_swarm,manhattan,8,,47,47.82842712474619,47.8284,48,91,true,0.0389,47.8284
E8,bottleneck,3063,25,50,30,171,0,zero_one_bfs,manhattan,8,,525,0,53.0000,54,471,true,0.3481,47.8284
E8,bottleneck,3158,25,50,30,144,0,bfs,manhattan,4,,1015,57,57.0000,58,26,true,0.4543,57.0000
E8,bottleneck,3158,25,50,30,144,0,dfs,manhattan,4,,385,203,203.0000,204,259,true,0.2295,57.0000
E8,bottleneck,3158,25,50,30,144,0,dijkstra,manhattan,4,,1015,57,57.0000,58,32,true,1.0628,57.0000
E8,bottleneck,3158,25,50,30,144,0,a_star,manhattan,4,,304,57,57.0000,58,98,true,0.1966,57.0000
E8,bottleneck,3158,25,50,30,144,0,greedy,manhattan,4,,75,61,61.0000,62,92,true,0.0395,57.0000
E8,bottleneck,3158,25,50,30,144,0,swarm,manhattan,4,,119,61,61.0000,62,87,true,0.0628,57.0000
E8,bottleneck,3158,25,50,30,144,0,convergent_swarm,manhattan,4,,84,61,61.0000,62,87,true,0.0486,57.0000
E8,bottleneck,3158,25,50,30,144,0,zero_one_bfs,manhattan,4,,426,0,111.0000,112,265,true,0.2199,57.0000
E8,bottleneck,3158,25,50,30,144,0,bfs,manhattan,8,,1071,47,51.9706,48,48,true,0.5150,51.1421
E8,bottleneck,3158,25,50,30,144,0,dfs,manhattan,8,,570,538,750.4916,539,1606,true,0.4872,51.1421
E8,bottleneck,3158,25,50,30,144,0,dijkstra,manhattan,8,,1050,51.142135623730944,51.1421,48,57,true,0.8307,51.1421
E8,bottleneck,3158,25,50,30,144,0,a_star,manhattan,8,,268,51.14213562373095,51.1421,48,190,true,0.2328,51.1421
E8,bottleneck,3158,25,50,30,144,0,greedy,manhattan,8,,63,54.556349186104036,53.3848,49,111,true,0.0519,51.1421
E8,bottleneck,3158,25,50,30,144,0,swarm,manhattan,8,,93,53.38477631085023,53.3848,49,150,true,0.0740,51.1421
E8,bottleneck,3158,25,50,30,144,0,convergent_swarm,manhattan,8,,67,53.38477631085023,53.3848,49,119,true,0.0533,51.1421
E8,bottleneck,3158,25,50,30,144,0,zero_one_bfs,manhattan,8,,426,0,111.0000,112,607,true,0.3129,51.1421
E8,bottleneck,3277,25,50,30,162,0,bfs,manhattan,4,,986,53,53.0000,54,28,true,0.2612,53.0000
E8,bottleneck,3277,25,50,30,162,0,dfs,manhattan,4,,71,71,71.0000,72,108,true,0.0259,53.0000
E8,bottleneck,3277,25,50,30,162,0,dijkstra,manhattan,4,,980,53,53.0000,54,32,true,0.3874,53.0000
E8,bottleneck,3277,25,50,30,162,0,a_star,manhattan,4,,165,53,53.0000,54,85,true,0.0762,53.0000
E8,bottleneck,3277,25,50,30,162,0,greedy,manhattan,4,,65,57,57.0000,58,86,true,0.0343,53.0000
E8,bottleneck,3277,25,50,30,162,0,swarm,manhattan,4,,69,55,55.0000,56,83,true,0.0351,53.0000
E8,bottleneck,3277,25,50,30,162,0,convergent_swarm,manhattan,4,,65,57,57.0000,58,86,true,0.0327,53.0000
E8,bottleneck,3277,25,50,30,162,0,zero_one_bfs,manhattan,4,,337,0,55.0000,56,184,true,0.1485,53.0000
E8,bottleneck,3277,25,50,30,162,0,bfs,manhattan,8,,1048,47,51.1421,48,50,true,0.4730,49.4853
E8,bottleneck,3277,25,50,30,162,0,dfs,manhattan,8,,252,239,331.7838,240,726,true,0.1598,49.4853
E8,bottleneck,3277,25,50,30,162,0,dijkstra,manhattan,8,,1028,49.48528137423857,49.4853,48,63,true,0.7014,49.4853
E8,bottleneck,3277,25,50,30,162,0,a_star,manhattan,8,,154,49.48528137423857,49.4853,48,144,true,0.1196,49.4853
E8,bottleneck,3277,25,50,30,162,0,greedy,manhattan,8,,49,51.970562748477136,51.9706,48,108,true,0.0425,49.4853
E8,bottleneck,3277,25,50,30,162,0,swarm,manhattan,8,,51,51.970562748477136,51.9706,48,112,true,0.0421,49.4853
E8,bottleneck,3277,25,50,30,162,0,convergent_swarm,manhattan,8,,49,51.970562748477136,51.9706,48,108,true,0.0388,49.4853
E8,bottleneck,3277,25,50,30,162,0,zero_one_bfs,manhattan,8,,337,0,55.0000,56,439,true,0.2262,49.4853
E8,bottleneck,4070,25,50,30,176,0,bfs,manhattan,4,,982,57,57.0000,58,26,true,0.3560,57.0000
E8,bottleneck,4070,25,50,30,176,0,dfs,manhattan,4,,401,177,177.0000,178,223,true,0.1970,57.0000
E8,bottleneck,4070,25,50,30,176,0,dijkstra,manhattan,4,,978,57,57.0000,58,33,true,0.3995,57.0000
E8,bottleneck,4070,25,50,30,176,0,a_star,manhattan,4,,316,57,57.0000,58,83,true,0.1334,57.0000
E8,bottleneck,4070,25,50,30,176,0,greedy,manhattan,4,,108,63,63.0000,64,89,true,0.0505,57.0000
E8,bottleneck,4070,25,50,30,176,0,swarm,manhattan,4,,112,59,59.0000,60,89,true,0.0514,57.0000
E8,bottleneck,4070,25,50,30,176,0,convergent_swarm,manhattan,4,,109,63,63.0000,64,87,true,0.0455,57.0000
E8,bottleneck,4070,25,50,30,176,0,zero_one_bfs,manhattan,4,,595,0,87.0000,88,239,true,0.2541,57.0000
E8,bottleneck,4070,25,50,30,176,0,bfs,manhattan,8,,1041,47,51.9706,48,49,true,0.4603,51.1421
E8,bottleneck,4070,25,50,30,176,0,dfs,manhattan,8,,437,416,579.6144,417,1203,true,0.2294,51.1421
E8,bottleneck,4070,25,50,30,176,0,dijkstra,manhattan,8,,1018,51.142135623730944,51.1421,48,55,true,0.6561,51.1421
E8,bottleneck,4070,25,50,30,176,0,a_star,manhattan,8,,248,51.14213562373095,51.1421,48,164,true,0.2030,51.1421
E8,bottleneck,4070,25,50,30,176,0,greedy,manhattan,8,,62,53.384776310850235,53.3848,49,109,true,0.0509,51.1421
E8,bottleneck,4070,25,50,30,176,0,swarm,manhattan,8,,87,53.384776310850235,53.3848,49,138,true,0.0712,51.1421
E8,bottleneck,4070,25,50,30,176,0,convergent_swarm,manhattan,8,,65,53.384776310850235,53.3848,49,114,true,0.0491,51.1421
E8,bottleneck,4070,25,50,30,176,0,zero_one_bfs,manhattan,8,,595,0,87.0000,88,670,true,0.4244,51.1421
E8,bottleneck,4165,25,50,30,155,0,bfs,manhattan,4,,1014,63,63.0000,64,28,true,0.2968,63.0000
E8,bottleneck,4165,25,50,30,155,0,dfs,manhattan,4,,316,289,289.0000,290,362,true,0.1063,63.0000
E8,bottleneck,4165,25,50,30,155,0,dijkstra,manhattan,4,,1008,63,63.0000,64,32,true,0.3772,63.0000
E8,bottleneck,4165,25,50,30,155,0,a_star,manhattan,4,,528,63,63.0000,64,137,true,0.2292,63.0000
E8,bottleneck,4165,25,50,30,155,0,greedy,manhattan,4,,117,67,67.0000,68,95,true,0.0558,63.0000
E8,bottleneck,4165,25,50,30,155,0,swarm,manhattan,4,,234,65,65.0000,66,91,true,0.1987,63.0000
E8,bottleneck,4165,25,50,30,155,0,convergent_swarm,manhattan,4,,144,67,67.0000,68,89,true,0.0988,63.0000
E8,bottleneck,4165,25,50,30,155,0,zero_one_bfs,manhattan,4,,170,0,159.0000,160,232,true,0.1084,63.0000
E8,bottleneck,4165,25,50,30,155,0,bfs,manhattan,8,,1058,47,55.2843,48,46,true,0.6035,53.6274
E8,bottleneck,4165,25,50,30,155,0,dfs,manhattan,8,,148,139,192.8478,140,470,true,0.1011,53.6274
E8,bottleneck,4165,25,50,30,155,0,dijkstra,manhattan,8,,1038,53.627416997969505,53.6274,48,54,true,1.4356,53.6274
E8,bottleneck,4165,25,50,30,155,0,a_star,manhattan,8,,365,54.21320343559642,54.2132,49,172,true,0.4423,53.6274
E8,bottleneck,4165,25,50,30,155,0,greedy,manhattan,8,,97,55.62741699796951,55.6274,50,133,true,0.6445,53.6274
E8,bottleneck,4165,25,50,30,155,0,swarm,manhattan,8,,165,55.04163056034261,55.0416,49,179,true,0.2208,53.6274
E8,bottleneck,4165,25,50,30,155,0,convergent_swarm,manhattan,8,,112,55.04163056034261,55.0416,49,143,true,0.1388,53.6274
E8,bottleneck,4165,25,50,30,155,0,zero_one_bfs,manhattan,8,,170,0,159.0000,160,489,true,0.3294,53.6274
E8,bottleneck,4284,25,50,30,161,0,bfs,manhattan,4,,996,59,59.0000,60,27,true,0.4418,59.0000
E8,bottleneck,4284,25,50,30,161,0,dfs,manhattan,4,,753,97,97.0000,98,490,true,0.4657,59.0000
E8,bottleneck,4284,25,50,30,161,0,dijkstra,manhattan,4,,996,59,59.0000,60,33,true,0.8131,59.0000
E8,bottleneck,4284,25,50,30,161,0,a_star,manhattan,4,,335,59,59.0000,60,87,true,0.2179,59.0000
E8,bottleneck,4284,25,50,30,161,0,greedy,manhattan,4,,81,65,65.0000,66,90,true,0.0590,59.0000
E8,bottleneck,4284,25,50,30,161,0,swarm,manhattan,4,,147,63,63.0000,64,93,true,0.1006,59.0000
E8,bottleneck,4284,25,50,30,161,0,convergent_swarm,manhattan,4,,104,65,65.0000,66,89,true,0.0697,59.0000
E8,bottleneck,4284,25,50,30,161,0,zero_one_bfs,manhattan,4,,378,0,61.0000,62,193,true,0.2772,59.0000
E8,bottleneck,4284,25,50,30,161,0,bfs,manhattan,8,,1046,47,53.6274,48,47,true,0.7303,51.9706
E8,bottleneck,4284,25,50,30,161,0,dfs,manhattan,8,,167,162,225.3747,163,530,true,0.1359,51.9706
E8,bottleneck,4284,25,50,30,161,0,dijkstra,manhattan,8,,1023,51.97056274847712,51.9706,48,55,true,1.0837,51.9706
E8,bottleneck,4284,25,50,30,161,0,a_star,manhattan,8,,285,51.97056274847713,51.9706,48,164,true,0.3318,51.9706
E8,bottleneck,4284,25,50,30,161,0,greedy,manhattan,8,,72,57.97056274847712,57.9706,54,112,true,0.0791,51.9706
E8,bottleneck,4284,25,50,30,161,0,swarm,manhattan,8,,104,54.21320343559642,54.2132,49,148,true,0.1271,51.9706
E8,bottleneck,4284,25,50,30,161,0,convergent_swarm,manhattan,8,,76,54.21320343559642,54.2132,49,118,true,0.0889,51.9706
E8,bottleneck,4284,25,50,30,161,0,zero_one_bfs,manhattan,8,,378,0,61.0000,62,461,true,0.3884,51.9706
E8,bottleneck,5077,25,50,30,145,0,bfs,manhattan,4,,1014,65,65.0000,66,28,true,0.7039,65.0000
E8,bottleneck,5077,25,50,30,145,0,dfs,manhattan,4,,495,283,283.0000,284,366,true,0.2516,65.0000
E8,bottleneck,5077,25,50,30,145,0,dijkstra,manhattan,4,,1004,65,65.0000,66,34,true,0.5990,65.0000
E8,bottleneck,5077,25,50,30,145,0,a_star,manhattan,4,,576,65,65.0000,66,114,true,0.3891,65.0000
E8,bottleneck,5077,25,50,30,145,0,greedy,manhattan,4,,105,69,69.0000,70,93,true,0.0494,65.0000
E8,bottleneck,5077,25,50,30,145,0,swarm,manhattan,4,,248,67,67.0000,68,95,true,0.1114,65.0000
E8,bottleneck,5077,25,50,30,145,0,convergent_swarm,manhattan,4,,144,69,69.0000,70,93,true,0.0785,65.0000
E8,bottleneck,5077,25,50,30,145,0,zero_one_bfs,manhattan,4,,481,0,261.0000,262,317,true,0.3285,65.0000
E8,bottleneck,5077,25,50,30,145,0,bfs,manhattan,8,,1067,47,56.9411,48,46,true,0.4568,54.4558
E8,bottleneck,5077,25,50,30,145,0,dfs,manhattan,8,,472,453,629.4550,454,1332,true,0.2538,54.4558
E8,bottleneck,5077,25,50,30,145,0,dijkstra,manhattan,8,,1042,54.45584412271569,54.4558,48,55,true,0.8973,54.4558
E8,bottleneck,5077,25,50,30,145,0,a_star,manhattan,8,,399,54.455844122715696,54.4558,48,173,true,0.5023,54.4558
E8,bottleneck,5077,25,50,30,145,0,greedy,manhattan,8,,86,59.04163056034259,57.8701,51,131,true,0.1012,54.4558
E8,bottleneck,5077,25,50,30,145,0,swarm,manhattan,8,,183,56.11269837220807,56.1127,48,205,true,0.2251,54.4558
E8,bottleneck,5077,25,50,30,145,0,convergent_swarm,manhattan,8,,102,56.11269837220807,56.1127,48,144,true,0.1224,54.4558
E8,bottleneck,5077,25,50,30,145,0,zero_one_bfs,manhattan,8,,481,0,261.0000,262,742,true,0.5401,54.4558
E8,bottleneck,5172,25,50,30,167,0,bfs,manhattan,4,,967,53,53.0000,54,30,true,0.3064,53.0000
E8,bottleneck,5172,25,50,30,167,0,dfs,manhattan,4,,794,93,93.0000,94,447,true,0.3043,53.0000
E8,bottleneck,5172,25,50,30,167,0,dijkstra,manhattan,4,,963,53,53.0000,54,36,true,0.3996,53.0000
E8,bottleneck,5172,25,50,30,167,0,a_star,manhattan,4,,196,53,53.0000,54,83,true,0.1514,53.0000
E8,bottleneck,5172,25,50,30,167,0,greedy,manhattan,4,,72,61,61.0000,62,86,true,0.0581,53.0000
E8,bottleneck,5172,25,50,30,167,0,swarm,manhattan,4,,90,59,59.0000,60,85,true,0.0678,53.0000
E8,bottleneck,5172,25,50,30,167,0,convergent_swarm,manhattan,4,,74,61,61.0000,62,87,true,0.0550,53.0000
E8,bottleneck,5172,25,50,30,167,0,zero_one_bfs,manhattan,4,,483,0,107.0000,108,203,true,0.3731,53.0000
E8,bottleneck,5172,25,50,30,167,0,bfs,manhattan,8,,1043,47,51.1421,48,50,true,0.4678,49.4853
E8,bottleneck,5172,25,50,30,167,0,dfs,manhattan,8,,190,183,254.2447,184,613,true,0.1046,49.4853
E8,bottleneck,5172,25,50,30,167,0,dijkstra,manhattan,8,,1009,49.48528137423857,49.4853,48,52,true,0.7345,49.4853
E8,bottleneck,5172,25,50,30,167,0,a_star,manhattan,8,,183,49.48528137423857,49.4853,48,176,true,0.1505,49.4853
E8,bottleneck,5172,25,50,30,167,0,greedy,manhattan,8,,53,55.041630560342604,54.4558,48,112,true,0.0492,49.4853
E8,bottleneck,5172,25,50,30,167,0,swarm,manhattan,8,,61,54.4558441227157,54.4558,48,120,true,0.0477,49.4853
E8,bottleneck,5172,25,50,30,167,0,convergent_swarm,manhattan,8,,53,54.4558441227157,54.4558,48,112,true,0.0443,49.4853
E8,bottleneck,5172,25,50,30,167,0,zero_one_bfs,manhattan,8,,483,0,107.0000,108,523,true,0.4662,49.4853
E8,bottleneck,5291,25,50,30,159,0,bfs,manhattan,4,,1001,63,63.0000,64,26,true,1.2857,63.0000
E8,bottleneck,5291,25,50,30,159,0,dfs,manhattan,4,,600,285,285.0000,286,434,true,0.3132,63.0000
E8,bottleneck,5291,25,50,30,159,0,dijkstra,manhattan,4,,1001,63,63.0000,64,32,true,0.5913,63.0000
E8,bottleneck,5291,25,50,30,159,0,a_star,manhattan,4,,481,63,63.0000,64,92,true,0.3255,63.0000
E8,bottleneck,5291,25,50,30,159,0,greedy,manhattan,4,,127,71,71.0000,72,93,true,0.0973,63.0000
E8,bottleneck,5291,25,50,30,159,0,swarm,manhattan,4,,241,67,67.0000,68,91,true,0.1805,63.0000
E8,bottleneck,5291,25,50,30,159,0,convergent_swarm,manhattan,4,,143,71,71.0000,72,85,true,0.0969,63.0000
E8,bottleneck,5291,25,50,30,159,0,zero_one_bfs,manhattan,4,,900,0,145.0000,146,323,true,0.6249,63.0000
E8,bottleneck,5291,25,50,30,159,0,bfs,manhattan,8,,1054,47,54.4558,48,48,true,0.7356,53.6274
E8,bottleneck,5291,25,50,30,159,0,dfs,manhattan,8,,525,503,703.4794,504,1555,true,0.5084,53.6274
E8,bottleneck,5291,25,50,30,159,0,dijkstra,manhattan,8,,1032,53.627416997969505,53.6274,48,49,true,0.6944,53.6274
E8,bottleneck,5291,25,50,30,159,0,a_star,manhattan,8,,376,53.62741699796951,53.6274,48,182,true,0.2939,53.6274
E8,bottleneck,5291,25,50,30,159,0,greedy,manhattan,8,,98,59.62741699796949,59.0416,53,131,true,0.0753,53.6274
E8,bottleneck,5291,25,50,30,159,0,swarm,manhattan,8,,164,56.11269837220807,56.1127,48,186,true,0.1653,53.6274
E8,bottleneck,5291,25,50,30,159,0,convergent_swarm,manhattan,8,,112,56.11269837220807,56.1127,48,144,true,0.0944,53.6274
E8,bottleneck,5291,25,50,30,159,0,zero_one_bfs,manhattan,8,,900,0,145.0000,146,931,true,0.6821,53.6274
E8,open,42,25,50,30,0,0,bfs,manhattan,4,,793,25,25.0000,26,50,true,0.3335,25.0000
E8,open,42,25,50,30,0,0,dfs,manhattan,4,,25,25,25.0000,26,52,true,0.0182,25.0000
E8,open,42,25,50,30,0,0,dijkstra,manhattan,4,,781,25,25.0000,26,63,true,0.4577,25.0000
E8,open,42,25,50,30,0,0,a_star,manhattan,4,,25,25,25.0000,26,52,true,0.0142,25.0000
E8,open,42,25,50,30,0,0,greedy,manhattan,4,,25,25,25.0000,26,52,true,0.0138,25.0000
E8,open,42,25,50,30,0,0,swarm,manhattan,4,,25,25,25.0000,26,52,true,0.0139,25.0000
E8,open,42,25,50,30,0,0,convergent_swarm,manhattan,4,,25,25,25.0000,26,52,true,0.0133,25.0000
E8,open,42,25,50,30,0,0,zero_one_bfs,manhattan,4,,25,0,25.0000,26,52,true,0.0168,25.0000
E8,open,42,25,50,30,0,0,bfs,manhattan,8,,925,25,25.0000,26,96,true,0.7576,25.0000
E8,open,42,25,50,30,0,0,dfs,manhattan,8,,620,613,863.1850,614,1886,true,0.5108,25.0000
E8,open,42,25,50,30,0,0,dijkstra,manhattan,8,,873,25,25.0000,26,120,true,0.8989,25.0000
E8,open,42,25,50,30,0,0,a_star,manhattan,8,,25,25,25.0000,26,56,true,0.0291,25.0000
E8,open,42,25,50,30,0,0,greedy,manhattan,8,,25,25,25.0000,26,56,true,0.0285,25.0000
E8,open,42,25,50,30,0,0,swarm,manhattan,8,,25,25,25.0000,26,56,true,0.0269,25.0000
E8,open,42,25,50,30,0,0,convergent_swarm,manhattan,8,,25,25,25.0000,26,56,true,0.0275,25.0000
E8,open,42,25,50,30,0,0,zero_one_bfs,manhattan,8,,25,0,25.0000,26,104,true,0.0324,25.0000
E8,open,137,25,50,30,0,0,bfs,manhattan,4,,793,25,25.0000,26,50,true,0.3336,25.0000
E8,open,137,25,50,30,0,0,dfs,manhattan,4,,25,25,25.0000,26,52,true,0.0144,25.0000
E8,open,137,25,50,30,0,0,dijkstra,manhattan,4,,781,25,25.0000,26,63,true,0.4806,25.0000
E8,open,137,25,50,30,0,0,a_star,manhattan,4,,25,25,25.0000,26,52,true,0.0155,25.0000
E8,open,137,25,50,30,0,0,greedy,manhattan,4,,25,25,25.0000,26,52,true,0.0143,25.0000
E8,open,137,25,50,30,0,0,swarm,manhattan,4,,25,25,25.0000,26,52,true,0.0167,25.0000
E8,open,137,25,50,30,0,0,convergent_swarm,manhattan,4,,25,25,25.0000,26,52,true,0.0139,25.0000
E8,open,137,25,50,30,0,0,zero_one_bfs,manhattan,4,,25,0,25.0000,26,52,true,0.0162,25.0000
E8,open,137,25,50,30,0,0,bfs,manhattan,8,,925,25,25.0000,26,96,true,0.4256,25.0000
E8,open,137,25,50,30,0,0,dfs,manhattan,8,,620,613,863.1850,614,1886,true,0.3490,25.0000
E8,open,137,25,50,30,0,0,dijkstra,manhattan,8,,873,25,25.0000,26,120,true,0.7891,25.0000
E8,open,137,25,50,30,0,0,a_star,manhattan,8,,25,25,25.0000,26,56,true,0.0390,25.0000
E8,open,137,25,50,30,0,0,greedy,manhattan,8,,25,25,25.0000,26,56,true,0.0312,25.0000
E8,open,137,25,50,30,0,0,swarm,manhattan,8,,25,25,25.0000,26,56,true,0.0350,25.0000
E8,open,137,25,50,30,0,0,convergent_swarm,manhattan,8,,25,25,25.0000,26,56,true,0.0313,25.0000
E8,open,137,25,50,30,0,0,zero_one_bfs,manhattan,8,,25,0,25.0000,26,104,true,0.0346,25.0000
E8,open,256,25,50,30,0,0,bfs,manhattan,4,,793,25,25.0000,26,50,true,0.3871,25.0000
E8,open,256,25,50,30,0,0,dfs,manhattan,4,,25,25,25.0000,26,52,true,0.0160,25.0000
E8,open,256,25,50,30,0,0,dijkstra,manhattan,4,,781,25,25.0000,26,63,true,0.5466,25.0000
E8,open,256,25,50,30,0,0,a_star,manhattan,4,,25,25,25.0000,26,52,true,0.0203,25.0000
E8,open,256,25,50,30,0,0,greedy,manhattan,4,,25,25,25.0000,26,52,true,0.0202,25.0000
E8,open,256,25,50,30,0,0,swarm,manhattan,4,,25,25,25.0000,26,52,true,0.0226,25.0000
E8,open,256,25,50,30,0,0,convergent_swarm,manhattan,4,,25,25,25.0000,26,52,true,0.0217,25.0000
E8,open,256,25,50,30,0,0,zero_one_bfs,manhattan,4,,25,0,25.0000,26,52,true,0.0220,25.0000
E8,open,256,25,50,30,0,0,bfs,manhattan,8,,925,25,25.0000,26,96,true,0.7245,25.0000
E8,open,256,25,50,30,0,0,dfs,manhattan,8,,620,613,863.1850,614,1886,true,0.5746,25.0000
E8,open,256,25,50,30,0,0,dijkstra,manhattan,8,,873,25,25.0000,26,120,true,1.2380,25.0000
E8,open,256,25,50,30,0,0,a_star,manhattan,8,,25,25,25.0000,26,56,true,0.0555,25.0000
E8,open,256,25,50,30,0,0,greedy,manhattan,8,,25,25,25.0000,26,56,true,0.0370,25.0000
E8,open,256,25,50,30,0,0,swarm,manhattan,8,,25,25,25.0000,26,56,true,0.0274,25.0000
E8,open,256,25,50,30,0,0,convergent_swarm,manhattan,8,,25,25,25.0000,26,56,true,0.0272,25.0000
E8,open,256,25,50,30,0,0,zero_one_bfs,manhattan,8,,25,0,25.0000,26,104,true,0.0261,25.0000
E8,open,1049,25,50,30,0,0,bfs,manhattan,4,,793,25,25.0000,26,50,true,1.3351,25.0000
E8,open,1049,25,50,30,0,0,dfs,manhattan,4,,25,25,25.0000,26,52,true,0.0168,25.0000
E8,open,1049,25,50,30,0,0,dijkstra,manhattan,4,,781,25,25.0000,26,63,true,0.6498,25.0000
E8,open,1049,25,50,30,0,0,a_star,manhattan,4,,25,25,25.0000,26,52,true,0.0265,25.0000
E8,open,1049,25,50,30,0,0,greedy,manhattan,4,,25,25,25.0000,26,52,true,0.0240,25.0000
E8,open,1049,25,50,30,0,0,swarm,manhattan,4,,25,25,25.0000,26,52,true,0.0247,25.0000
E8,open,1049,25,50,30,0,0,convergent_swarm,manhattan,4,,25,25,25.0000,26,52,true,0.0248,25.0000
E8,open,1049,25,50,30,0,0,zero_one_bfs,manhattan,4,,25,0,25.0000,26,52,true,0.0224,25.0000
E8,open,1049,25,50,30,0,0,bfs,manhattan,8,,925,25,25.0000,26,96,true,0.4817,25.0000
E8,open,1049,25,50,30,0,0,dfs,manhattan,8,,620,613,863.1850,614,1886,true,0.5713,25.0000
E8,open,1049,25,50,30,0,0,dijkstra,manhattan,8,,873,25,25.0000,26,120,true,0.7184,25.0000
E8,open,1049,25,50,30,0,0,a_star,manhattan,8,,25,25,25.0000,26,56,true,0.0213,25.0000
E8,open,1049,25,50,30,0,0,greedy,manhattan,8,,25,25,25.0000,26,56,true,0.0214,25.0000
E8,open,1049,25,50,30,0,0,swarm,manhattan,8,,25,25,25.0000,26,56,true,0.0215,25.0000
E8,open,1049,25,50,30,0,0,convergent_swarm,manhattan,8,,25,25,25.0000,26,56,true,0.0205,25.0000
E8,open,1049,25,50,30,0,0,zero_one_bfs,manhattan,8,,25,0,25.0000,26,104,true,0.0268,25.0000
E8,open,1144,25,50,30,0,0,bfs,manhattan,4,,793,25,25.0000,26,50,true,0.4002,25.0000
E8,open,1144,25,50,30,0,0,dfs,manhattan,4,,25,25,25.0000,26,52,true,0.0110,25.0000
E8,open,1144,25,50,30,0,0,dijkstra,manhattan,4,,781,25,25.0000,26,63,true,0.4283,25.0000
E8,open,1144,25,50,30,0,0,a_star,manhattan,4,,25,25,25.0000,26,52,true,0.0149,25.0000
E8,open,1144,25,50,30,0,0,greedy,manhattan,4,,25,25,25.0000,26,52,true,0.0147,25.0000
E8,open,1144,25,50,30,0,0,swarm,manhattan,4,,25,25,25.0000,26,52,true,0.0148,25.0000
E8,open,1144,25,50,30,0,0,convergent_swarm,manhattan,4,,25,25,25.0000,26,52,true,0.0156,25.0000
E8,open,1144,25,50,30,0,0,zero_one_bfs,manhattan,4,,25,0,25.0000,26,52,true,0.0178,25.0000
E8,open,1144,25,50,30,0,0,bfs,manhattan,8,,925,25,25.0000,26,96,true,0.4770,25.0000
E8,open,1144,25,50,30,0,0,dfs,manhattan,8,,620,613,863.1850,614,1886,true,0.3715,25.0000
E8,open,1144,25,50,30,0,0,dijkstra,manhattan,8,,873,25,25.0000,26,120,true,0.6458,25.0000
E8,open,1144,25,50,30,0,0,a_star,manhattan,8,,25,25,25.0000,26,56,true,0.0226,25.0000
E8,open,1144,25,50,30,0,0,greedy,manhattan,8,,25,25,25.0000,26,56,true,0.0212,25.0000
E8,open,1144,25,50,30,0,0,swarm,manhattan,8,,25,25,25.0000,26,56,true,0.0219,25.0000
E8,open,1144,25,50,30,0,0,convergent_swarm,manhattan,8,,25,25,25.0000,26,56,true,0.0205,25.0000
E8,open,1144,25,50,30,0,0,zero_one_bfs,manhattan,8,,25,0,25.0000,26,104,true,0.0236,25.0000
E8,open,1263,25,50,30,0,0,bfs,manhattan,4,,793,25,25.0000,26,50,true,0.2409,25.0000
E8,open,1263,25,50,30,0,0,dfs,manhattan,4,,25,25,25.0000,26,52,true,0.0119,25.0000
E8,open,1263,25,50,30,0,0,dijkstra,manhattan,4,,781,25,25.0000,26,63,true,0.3529,25.0000
E8,open,1263,25,50,30,0,0,a_star,manhattan,4,,25,25,25.0000,26,52,true,0.0139,25.0000
E8,open,1263,25,50,30,0,0,greedy,manhattan,4,,25,25,25.0000,26,52,true,0.0149,25.0000
E8,open,1263,25,50,30,0,0,swarm,manhattan,4,,25,25,25.0000,26,52,true,0.0158,25.0000
E8,open,1263,25,50,30,0,0,convergent_swarm,manhattan,4,,25,25,25.0000,26,52,true,0.0124,25.0000
E8,open,1263,25,50,30,0,0,zero_one_bfs,manhattan,4,,25,0,25.0000,26,52,true,0.0158,25.0000
E8,open,1263,25,50,30,0,0,bfs,manhattan,8,,925,25,25.0000,26,96,true,0.6542,25.0000
E8,open,1263,25,50,30,0,0,dfs,manhattan,8,,620,613,863.1850,614,1886,true,0.5391,25.0000
E8,open,1263,25,50,30,0,0,dijkstra,manhattan,8,,873,25,25.0000,26,120,true,0.9747,25.0000
E8,open,1263,25,50,30,0,0,a_star,manhattan,8,,25,25,25.0000,26,56,true,0.0406,25.0000
E8,open,1263,25,50,30,0,0,greedy,manhattan,8,,25,25,25.0000,26,56,true,0.0312,25.0000
E8,open,1263,25,50,30,0,0,swarm,manhattan,8,,25,25,25.0000,26,56,true,0.0317,25.0000
E8,open,1263,25,50,30,0,0,convergent_swarm,manhattan,8,,25,25,25.0000,26,56,true,0.0220,25.0000
E8,open,1263,25,50,30,0,0,zero_one_bfs,manhattan,8,,25,0,25.0000,26,104,true,0.0290,25.0000
E8,open,2056,25,50,30,0,0,bfs,manhattan,4,,793,25,25.0000,26,50,true,0.3510,25.0000
E8,open,2056,25,50,30,0,0,dfs,manhattan,4,,25,25,25.0000,26,52,true,0.0159,25.0000
E8,open,2056,25,50,30,0,0,dijkstra,manhattan,4,,781,25,25.0000,26,63,true,0.4976,25.0000
E8,open,2056,25,50,30,0,0,a_star,manhattan,4,,25,25,25.0000,26,52,true,0.0210,25.0000
E8,open,2056,25,50,30,0,0,greedy,manhattan,4,,25,25,25.0000,26,52,true,0.0218,25.0000
E8,open,2056,25,50,30,0,0,swarm,manhattan,4,,25,25,25.0000,26,52,true,0.0214,25.0000
E8,open,2056,25,50,30,0,0,convergent_swarm,manhattan,4,,25,25,25.0000,26,52,true,0.0206,25.0000
E8,open,2056,25,50,30,0,0,zero_one_bfs,manhattan,4,,25,0,25.0000,26,52,true,0.0242,25.0000
E8,open,2056,25,50,30,0,0,bfs,manhattan,8,,925,25,25.0000,26,96,true,0.6578,25.0000
E8,open,2056,25,50,30,0,0,dfs,manhattan,8,,620,613,863.1850,614,1886,true,0.5597,25.0000
E8,open,2056,25,50,30,0,0,dijkstra,manhattan,8,,873,25,25.0000,26,120,true,0.6307,25.0000
E8,open,2056,25,50,30,0,0,a_star,manhattan,8,,25,25,25.0000,26,56,true,0.0216,25.0000
E8,open,2056,25,50,30,0,0,greedy,manhattan,8,,25,25,25.0000,26,56,true,0.0205,25.0000
E8,open,2056,25,50,30,0,0,swarm,manhattan,8,,25,25,25.0000,26,56,true,0.0218,25.0000
E8,open,2056,25,50,30,0,0,convergent_swarm,manhattan,8,,25,25,25.0000,26,56,true,0.0189,25.0000
E8,open,2056,25,50,30,0,0,zero_one_bfs,manhattan,8,,25,0,25.0000,26,104,true,0.0257,25.0000
E8,open,2151,25,50,30,0,0,bfs,manhattan,4,,793,25,25.0000,26,50,true,0.2263,25.0000
E8,open,2151,25,50,30,0,0,dfs,manhattan,4,,25,25,25.0000,26,52,true,0.0097,25.0000
E8,open,2151,25,50,30,0,0,dijkstra,manhattan,4,,781,25,25.0000,26,63,true,0.3253,25.0000
E8,open,2151,25,50,30,0,0,a_star,manhattan,4,,25,25,25.0000,26,52,true,0.0128,25.0000
E8,open,2151,25,50,30,0,0,greedy,manhattan,4,,25,25,25.0000,26,52,true,0.0142,25.0000
E8,open,2151,25,50,30,0,0,swarm,manhattan,4,,25,25,25.0000,26,52,true,0.0137,25.0000
E8,open,2151,25,50,30,0,0,convergent_swarm,manhattan,4,,25,25,25.0000,26,52,true,0.0130,25.0000
E8,open,2151,25,50,30,0,0,zero_one_bfs,manhattan,4,,25,0,25.0000,26,52,true,0.0189,25.0000
E8,open,2151,25,50,30,0,0,bfs,manhattan,8,,925,25,25.0000,26,96,true,0.7878,25.0000
E8,open,2151,25,50,30,0,0,dfs,manhattan,8,,620,613,863.1850,614,1886,true,0.4926,25.0000
E8,open,2151,25,50,30,0,0,dijkstra,manhattan,8,,873,25,25.0000,26,120,true,0.6259,25.0000
E8,open,2151,25,50,30,0,0,a_star,manhattan,8,,25,25,25.0000,26,56,true,0.0204,25.0000
E8,open,2151,25,50,30,0,0,greedy,manhattan,8,,25,25,25.0000,26,56,true,0.0196,25.0000
E8,open,2151,25,50,30,0,0,swarm,manhattan,8,,25,25,25.0000,26,56,true,0.0311,25.0000
E8,open,2151,25,50,30,0,0,convergent_swarm,manhattan,8,,25,25,25.0000,26,56,true,0.4704,25.0000
E8,open,2151,25,50,30,0,0,zero_one_bfs,manhattan,8,,25,0,25.0000,26,104,true,0.0248,25.0000
E8,open,2270,25,50,30,0,0,bfs,manhattan,4,,793,25,25.0000,26,50,true,0.2264,25.0000
E8,open,2270,25,50,30,0,0,dfs,manhattan,4,,25,25,25.0000,26,52,true,0.0108,25.0000
E8,open,2270,25,50,30,0,0,dijkstra,manhattan,4,,781,25,25.0000,26,63,true,0.3699,25.0000
E8,open,2270,25,50,30,0,0,a_star,manhattan,4,,25,25,25.0000,26,52,true,0.0146,25.0000
E8,open,2270,25,50,30,0,0,greedy,manhattan,4,,25,25,25.0000,26,52,true,0.0154,25.0000
E8,open,2270,25,50,30,0,0,swarm,manhattan,4,,25,25,25.0000,26,52,true,0.0144,25.0000
E8,open,2270,25,50,30,0,0,convergent_swarm,manhattan,4,,25,25,25.0000,26,52,true,0.0144,25.0000
E8,open,2270,25,50,30,0,0,zero_one_bfs,manhattan,4,,25,0,25.0000,26,52,true,0.0154,25.0000
E8,open,2270,25,50,30,0,0,bfs,manhattan,8,,925,25,25.0000,26,96,true,0.4353,25.0000
E8,open,2270,25,50,30,0,0,dfs,manhattan,8,,620,613,863.1850,614,1886,true,0.3400,25.0000
E8,open,2270,25,50,30,0,0,dijkstra,manhattan,8,,873,25,25.0000,26,120,true,0.5897,25.0000
E8,open,2270,25,50,30,0,0,a_star,manhattan,8,,25,25,25.0000,26,56,true,0.0205,25.0000
E8,open,2270,25,50,30,0,0,greedy,manhattan,8,,25,25,25.0000,26,56,true,0.0202,25.0000
E8,open,2270,25,50,30,0,0,swarm,manhattan,8,,25,25,25.0000,26,56,true,0.0206,25.0000
E8,open,2270,25,50,30,0,0,convergent_swarm,manhattan,8,,25,25,25.0000,26,56,true,0.0177,25.0000
E8,open,2270,25,50,30,0,0,zero_one_bfs,manhattan,8,,25,0,25.0000,26,104,true,0.0220,25.0000
E8,open,3063,25,50,30,0,0,bfs,manhattan,4,,793,25,25.0000,26,50,true,0.4583,25.0000
E8,open,3063,25,50,30,0,0,dfs,manhattan,4,,25,25,25.0000,26,52,true,0.0186,25.0000
E8,open,3063,25,50,30,0,0,dijkstra,manhattan,4,,781,25,25.0000,26,63,true,0.5792,25.0000
E8,open,3063,25,50,30,0,0,a_star,manhattan,4,,25,25,25.0000,26,52,true,0.0141,25.0000
E8,open,3063,25,50,30,0,0,greedy,manhattan,4,,25,25,25.0000,26,52,true,0.0150,25.0000
E8,open,3063,25,50,30,0,0,swarm,manhattan,4,,25,25,25.0000,26,52,true,0.0147,25.0000
E8,open,3063,25,50,30,0,0,convergent_swarm,manhattan,4,,25,25,25.0000,26,52,true,0.0180,25.0000
E8,open,3063,25,50,30,0,0,zero_one_bfs,manhattan,4,,25,0,25.0000,26,52,true,0.0232,25.0000
E8,open,3063,25,50,30,0,0,bfs,manhattan,8,,925,25,25.0000,26,96,true,0.4862,25.0000
E8,open,3063,25,50,30,0,0,dfs,manhattan,8,,620,613,863.1850,614,1886,true,0.3654,25.0000
E8,open,3063,25,50,30,0,0,dijkstra,manhattan,8,,873,25,25.0000,26,120,true,0.6552,25.0000
E8,open,3063,25,50,30,0,0,a_star,manhattan,8,,25,25,25.0000,26,56,true,0.0226,25.0000
E8,open,3063,25,50,30,0,0,greedy,manhattan,8,,25,25,25.0000,26,56,true,0.0199,25.0000
E8,open,3063,25,50,30,0,0,swarm,manhattan,8,,25,25,25.0000,26,56,true,0.0210,25.0000
E8,open,3063,25,50,30,0,0,convergent_swarm,manhattan,8,,25,25,25.0000,26,56,true,0.0188,25.0000
E8,open,3063,25,50,30,0,0,zero_one_bfs,manhattan,8,,25,0,25.0000,26,104,true,0.0240,25.0000
E8,open,3158,25,50,30,0,0,bfs,manhattan,4,,793,25,25.0000,26,50,true,0.2264,25.0000
E8,open,3158,25,50,30,0,0,dfs,manhattan,4,,25,25,25.0000,26,52,true,0.0099,25.0000
E8,open,3158,25,50,30,0,0,dijkstra,manhattan,4,,781,25,25.0000,26,63,true,0.3221,25.0000
E8,open,3158,25,50,30,0,0,a_star,manhattan,4,,25,25,25.0000,26,52,true,0.0134,25.0000
E8,open,3158,25,50,30,0,0,greedy,manhattan,4,,25,25,25.0000,26,52,true,0.0150,25.0000
E8,open,3158,25,50,30,0,0,swarm,manhattan,4,,25,25,25.0000,26,52,true,0.0134,25.0000
E8,open,3158,25,50,30,0,0,convergent_swarm,manhattan,4,,25,25,25.0000,26,52,true,0.0135,25.0000
E8,open,3158,25,50,30,0,0,zero_one_bfs,manhattan,4,,25,0,25.0000,26,52,true,0.0162,25.0000
E8,open,3158,25,50,30,0,0,bfs,manhattan,8,,925,25,25.0000,26,96,true,0.4051,25.0000
E8,open,3158,25,50,30,0,0,dfs,manhattan,8,,620,613,863.1850,614,1886,true,0.3495,25.0000
E8,open,3158,25,50,30,0,0,dijkstra,manhattan,8,,873,25,25.0000,26,120,true,0.6171,25.0000
E8,open,3158,25,50,30,0,0,a_star,manhattan,8,,25,25,25.0000,26,56,true,0.0207,25.0000
E8,open,3158,25,50,30,0,0,greedy,manhattan,8,,25,25,25.0000,26,56,true,0.0196,25.0000
E8,open,3158,25,50,30,0,0,swarm,manhattan,8,,25,25,25.0000,26,56,true,0.0207,25.0000
E8,open,3158,25,50,30,0,0,convergent_swarm,manhattan,8,,25,25,25.0000,26,56,true,0.0177,25.0000
E8,open,3158,25,50,30,0,0,zero_one_bfs,manhattan,8,,25,0,25.0000,26,104,true,0.0229,25.0000
E8,open,3277,25,50,30,0,0,bfs,manhattan,4,,793,25,25.0000,26,50,true,0.3664,25.0000
E8,open,3277,25,50,30,0,0,dfs,manhattan,4,,25,25,25.0000,26,52,true,0.0143,25.0000
E8,open,3277,25,50,30,0,0,dijkstra,manhattan,4,,781,25,25.0000,26,63,true,0.4776,25.0000
E8,open,3277,25,50,30,0,0,a_star,manhattan,4,,25,25,25.0000,26,52,true,0.0133,25.0000
E8,open,3277,25,50,30,0,0,greedy,manhattan,4,,25,25,25.0000,26,52,true,0.0149,25.0000
E8,open,3277,25,50,30,0,0,swarm,manhattan,4,,25,25,25.0000,26,52,true,0.0140,25.0000
E8,open,3277,25,50,30,0,0,convergent_swarm,manhattan,4,,25,25,25.0000,26,52,true,0.0129,25.0000
E8,open,3277,25,50,30,0,0,zero_one_bfs,manhattan,4,,25,0,25.0000,26,52,true,0.0211,25.0000
E8,open,3277,25,50,30,0,0,bfs,manhattan,8,,925,25,25.0000,26,96,true,0.4171,25.0000
E8,open,3277,25,50,30,0,0,dfs,manhattan,8,,620,613,863.1850,614,1886,true,0.3703,25.0000
E8,open,3277,25,50,30,0,0,dijkstra,manhattan,8,,873,25,25.0000,26,120,true,0.6080,25.0000
E8,open,3277,25,50,30,0,0,a_star,manhattan,8,,25,25,25.0000,26,56,true,0.0212,25.0000
E8,open,3277,25,50,30,0,0,greedy,manhattan,8,,25,25,25.0000,26,56,true,0.0249,25.0000
E8,open,3277,25,50,30,0,0,swarm,manhattan,8,,25,25,25.0000,26,56,true,0.0224,25.0000
E8,open,3277,25,50,30,0,0,convergent_swarm,manhattan,8,,25,25,25.0000,26,56,true,0.0205,25.0000
E8,open,3277,25,50,30,0,0,zero_one_bfs,manhattan,8,,25,0,25.0000,26,104,true,0.0247,25.0000
E8,open,4070,25,50,30,0,0,bfs,manhattan,4,,793,25,25.0000,26,50,true,0.3871,25.0000
E8,open,4070,25,50,30,0,0,dfs,manhattan,4,,25,25,25.0000,26,52,true,0.0204,25.0000
E8,open,4070,25,50,30,0,0,dijkstra,manhattan,4,,781,25,25.0000,26,63,true,0.4608,25.0000
E8,open,4070,25,50,30,0,0,a_star,manhattan,4,,25,25,25.0000,26,52,true,0.0191,25.0000
E8,open,4070,25,50,30,0,0,greedy,manhattan,4,,25,25,25.0000,26,52,true,0.0138,25.0000
E8,open,4070,25,50,30,0,0,swarm,manhattan,4,,25,25,25.0000,26,52,true,0.0137,25.0000
E8,open,4070,25,50,30,0,0,convergent_swarm,manhattan,4,,25,25,25.0000,26,52,true,0.0161,25.0000
E8,open,4070,25,50,30,0,0,zero_one_bfs,manhattan,4,,25,0,25.0000,26,52,true,0.0157,25.0000
E8,open,4070,25,50,30,0,0,bfs,manhattan,8,,925,25,25.0000,26,96,true,1.2207,25.0000
E8,open,4070,25,50,30,0,0,dfs,manhattan,8,,620,613,863.1850,614,1886,true,0.5734,25.0000
E8,open,4070,25,50,30,0,0,dijkstra,manhattan,8,,873,25,25.0000,26,120,true,0.7831,25.0000
E8,open,4070,25,50,30,0,0,a_star,manhattan,8,,25,25,25.0000,26,56,true,0.0301,25.0000
E8,open,4070,25,50,30,0,0,greedy,manhattan,8,,25,25,25.0000,26,56,true,0.0281,25.0000
E8,open,4070,25,50,30,0,0,swarm,manhattan,8,,25,25,25.0000,26,56,true,0.0269,25.0000
E8,open,4070,25,50,30,0,0,convergent_swarm,manhattan,8,,25,25,25.0000,26,56,true,0.0272,25.0000
E8,open,4070,25,50,30,0,0,zero_one_bfs,manhattan,8,,25,0,25.0000,26,104,true,0.0273,25.0000
E8,open,4165,25,50,30,0,0,bfs,manhattan,4,,793,25,25.0000,26,50,true,0.2966,25.0000
E8,open,4165,25,50,30,0,0,dfs,manhattan,4,,25,25,25.0000,26,52,true,0.0177,25.0000
E8,open,4165,25,50,30,0,0,dijkstra,manhattan,4,,781,25,25.0000,26,63,true,0.4317,25.0000
E8,open,4165,25,50,30,0,0,a_star,manhattan,4,,25,25,25.0000,26,52,true,0.0255,25.0000
E8,open,4165,25,50,30,0,0,greedy,manhattan,4,,25,25,25.0000,26,52,true,0.0195,25.0000
E8,open,4165,25,50,30,0,0,swarm,manhattan,4,,25,25,25.0000,26,52,true,0.0186,25.0000
E8,open,4165,25,50,30,0,0,convergent_swarm,manhattan,4,,25,25,25.0000,26,52,true,0.0192,25.0000
E8,open,4165,25,50,30,0,0,zero_one_bfs,manhattan,4,,25,0,25.0000,26,52,true,0.0212,25.0000
E8,open,4165,25,50,30,0,0,bfs,manhattan,8,,925,25,25.0000,26,96,true,0.6373,25.0000
E8,open,4165,25,50,30,0,0,dfs,manhattan,8,,620,613,863.1850,614,1886,true,0.4693,25.0000
E8,open,4165,25,50,30,0,0,dijkstra,manhattan,8,,873,25,25.0000,26,120,true,0.7645,25.0000
E8,open,4165,25,50,30,0,0,a_star,manhattan,8,,25,25,25.0000,26,56,true,0.0278,25.0000
E8,open,4165,25,50,30,0,0,greedy,manhattan,8,,25,25,25.0000,26,56,true,0.0277,25.0000
E8,open,4165,25,50,30,0,0,swarm,manhattan,8,,25,25,25.0000,26,56,true,0.0275,25.0000
E8,open,4165,25,50,30,0,0,convergent_swarm,manhattan,8,,25,25,25.0000,26,56,true,0.0259,25.0000
E8,open,4165,25,50,30,0,0,zero_one_bfs,manhattan,8,,25,0,25.0000,26,104,true,0.0292,25.0000
E8,open,4284,25,50,30,0,0,bfs,manhattan,4,,793,25,25.0000,26,50,true,0.3816,25.0000
E8,open,4284,25,50,30,0,0,dfs,manhattan,4,,25,25,25.0000,26,52,true,0.0134,25.0000
E8,open,4284,25,50,30,0,0,dijkstra,manhattan,4,,781,25,25.0000,26,63,true,0.4560,25.0000
E8,open,4284,25,50,30,0,0,a_star,manhattan,4,,25,25,25.0000,26,52,true,0.0294,25.0000
E8,open,4284,25,50,30,0,0,greedy,manhattan,4,,25,25,25.0000,26,52,true,0.0198,25.0000
E8,open,4284,25,50,30,0,0,swarm,manhattan,4,,25,25,25.0000,26,52,true,0.0235,25.0000
E8,open,4284,25,50,30,0,0,convergent_swarm,manhattan,4,,25,25,25.0000,26,52,true,0.0212,25.0000
E8,open,4284,25,50,30,0,0,zero_one_bfs,manhattan,4,,25,0,25.0000,26,52,true,0.0283,25.0000
E8,open,4284,25,50,30,0,0,bfs,manhattan,8,,925,25,25.0000,26,96,true,0.6625,25.0000
E8,open,4284,25,50,30,0,0,dfs,manhattan,8,,620,613,863.1850,614,1886,true,0.4199,25.0000
E8,open,4284,25,50,30,0,0,dijkstra,manhattan,8,,873,25,25.0000,26,120,true,0.6106,25.0000
E8,open,4284,25,50,30,0,0,a_star,manhattan,8,,25,25,25.0000,26,56,true,0.0210,25.0000
E8,open,4284,25,50,30,0,0,greedy,manhattan,8,,25,25,25.0000,26,56,true,0.0197,25.0000
E8,open,4284,25,50,30,0,0,swarm,manhattan,8,,25,25,25.0000,26,56,true,0.0192,25.0000
E8,open,4284,25,50,30,0,0,convergent_swarm,manhattan,8,,25,25,25.0000,26,56,true,0.0203,25.0000
E8,open,4284,25,50,30,0,0,zero_one_bfs,manhattan,8,,25,0,25.0000,26,104,true,0.0231,25.0000
E8,open,5077,25,50,30,0,0,bfs,manhattan,4,,793,25,25.0000,26,50,true,0.2201,25.0000
E8,open,5077,25,50,30,0,0,dfs,manhattan,4,,25,25,25.0000,26,52,true,0.0095,25.0000
E8,open,5077,25,50,30,0,0,dijkstra,manhattan,4,,781,25,25.0000,26,63,true,0.3244,25.0000
E8,open,5077,25,50,30,0,0,a_star,manhattan,4,,25,25,25.0000,26,52,true,0.0151,25.0000
E8,open,5077,25,50,30,0,0,greedy,manhattan,4,,25,25,25.0000,26,52,true,0.0137,25.0000
E8,open,5077,25,50,30,0,0,swarm,manhattan,4,,25,25,25.0000,26,52,true,0.0135,25.0000
E8,open,5077,25,50,30,0,0,convergent_swarm,manhattan,4,,25,25,25.0000,26,52,true,0.0148,25.0000
E8,open,5077,25,50,30,0,0,zero_one_bfs,manhattan,4,,25,0,25.0000,26,52,true,0.0148,25.0000
E8,open,5077,25,50,30,0,0,bfs,manhattan,8,,925,25,25.0000,26,96,true,0.4475,25.0000
E8,open,5077,25,50,30,0,0,dfs,manhattan,8,,620,613,863.1850,614,1886,true,0.3527,25.0000
E8,open,5077,25,50,30,0,0,dijkstra,manhattan,8,,873,25,25.0000,26,120,true,0.6202,25.0000
E8,open,5077,25,50,30,0,0,a_star,manhattan,8,,25,25,25.0000,26,56,true,0.0204,25.0000
E8,open,5077,25,50,30,0,0,greedy,manhattan,8,,25,25,25.0000,26,56,true,0.0253,25.0000
E8,open,5077,25,50,30,0,0,swarm,manhattan,8,,25,25,25.0000,26,56,true,0.0267,25.0000
E8,open,5077,25,50,30,0,0,convergent_swarm,manhattan,8,,25,25,25.0000,26,56,true,0.0759,25.0000
E8,open,5077,25,50,30,0,0,zero_one_bfs,manhattan,8,,25,0,25.0000,26,104,true,0.0657,25.0000
E8,open,5172,25,50,30,0,0,bfs,manhattan,4,,793,25,25.0000,26,50,true,0.2362,25.0000
E8,open,5172,25,50,30,0,0,dfs,manhattan,4,,25,25,25.0000,26,52,true,0.0103,25.0000
E8,open,5172,25,50,30,0,0,dijkstra,manhattan,4,,781,25,25.0000,26,63,true,0.3381,25.0000
E8,open,5172,25,50,30,0,0,a_star,manhattan,4,,25,25,25.0000,26,52,true,0.0132,25.0000
E8,open,5172,25,50,30,0,0,greedy,manhattan,4,,25,25,25.0000,26,52,true,0.0138,25.0000
E8,open,5172,25,50,30,0,0,swarm,manhattan,4,,25,25,25.0000,26,52,true,0.0145,25.0000
E8,open,5172,25,50,30,0,0,convergent_swarm,manhattan,4,,25,25,25.0000,26,52,true,0.0132,25.0000
E8,open,5172,25,50,30,0,0,zero_one_bfs,manhattan,4,,25,0,25.0000,26,52,true,0.0154,25.0000
E8,open,5172,25,50,30,0,0,bfs,manhattan,8,,925,25,25.0000,26,96,true,0.4929,25.0000
E8,open,5172,25,50,30,0,0,dfs,manhattan,8,,620,613,863.1850,614,1886,true,0.4506,25.0000
E8,open,5172,25,50,30,0,0,dijkstra,manhattan,8,,873,25,25.0000,26,120,true,0.6323,25.0000
E8,open,5172,25,50,30,0,0,a_star,manhattan,8,,25,25,25.0000,26,56,true,0.0248,25.0000
E8,open,5172,25,50,30,0,0,greedy,manhattan,8,,25,25,25.0000,26,56,true,0.0215,25.0000
E8,open,5172,25,50,30,0,0,swarm,manhattan,8,,25,25,25.0000,26,56,true,0.0202,25.0000
E8,open,5172,25,50,30,0,0,convergent_swarm,manhattan,8,,25,25,25.0000,26,56,true,0.0233,25.0000
E8,open,5172,25,50,30,0,0,zero_one_bfs,manhattan,8,,25,0,25.0000,26,104,true,0.0225,25.0000
E8,open,5291,25,50,30,0,0,bfs,manhattan,4,,793,25,25.0000,26,50,true,0.2284,25.0000
E8,open,5291,25,50,30,0,0,dfs,manhattan,4,,25,25,25.0000,26,52,true,0.0098,25.0000
E8,open,5291,25,50,30,0,0,dijkstra,manhattan,4,,781,25,25.0000,26,63,true,0.3253,25.0000
E8,open,5291,25,50,30,0,0,a_star,manhattan,4,,25,25,25.0000,26,52,true,0.0147,25.0000
E8,open,5291,25,50,30,0,0,greedy,manhattan,4,,25,25,25.0000,26,52,true,0.0142,25.0000
E8,open,5291,25,50,30,0,0,swarm,manhattan,4,,25,25,25.0000,26,52,true,0.0139,25.0000
E8,open,5291,25,50,30,0,0,convergent_swarm,manhattan,4,,25,25,25.0000,26,52,true,0.0146,25.0000
E8,open,5291,25,50,30,0,0,zero_one_bfs,manhattan,4,,25,0,25.0000,26,52,true,0.0153,25.0000
E8,open,5291,25,50,30,0,0,bfs,manhattan,8,,925,25,25.0000,26,96,true,0.4362,25.0000
E8,open,5291,25,50,30,0,0,dfs,manhattan,8,,620,613,863.1850,614,1886,true,0.3835,25.0000
E8,open,5291,25,50,30,0,0,dijkstra,manhattan,8,,873,25,25.0000,26,120,true,0.6165,25.0000
E8,open,5291,25,50,30,0,0,a_star,manhattan,8,,25,25,25.0000,26,56,true,0.0207,25.0000
E8,open,5291,25,50,30,0,0,greedy,manhattan,8,,25,25,25.0000,26,56,true,0.0205,25.0000
E8,open,5291,25,50,30,0,0,swarm,manhattan,8,,25,25,25.0000,26,56,true,0.0189,25.0000
E8,open,5291,25,50,30,0,0,convergent_swarm,manhattan,8,,25,25,25.0000,26,56,true,0.0194,25.0000
E8,open,5291,25,50,30,0,0,zero_one_bfs,manhattan,8,,25,0,25.0000,26,104,true,0.0267,25.0000
E9,random,42,25,50,30,359,0,swarm,manhattan,4,1,200,37,37.0000,38,44,true,0.0776,37.0000
E9,random,42,25,50,30,359,0,convergent_swarm,manhattan,4,1,200,37,37.0000,38,44,true,0.0718,37.0000
E9,random,42,25,50,30,359,0,swarm,manhattan,4,1.5,141,37,37.0000,38,36,true,0.0564,37.0000
E9,random,42,25,50,30,359,0,convergent_swarm,manhattan,4,1.5,141,37,37.0000,38,36,true,0.0537,37.0000
E9,random,42,25,50,30,359,0,swarm,manhattan,4,2,106,37,37.0000,38,34,true,0.0433,37.0000
E9,random,42,25,50,30,359,0,convergent_swarm,manhattan,4,2,106,37,37.0000,38,34,true,0.0414,37.0000
E9,random,42,25,50,30,359,0,swarm,manhattan,4,3,99,39,39.0000,40,31,true,0.1025,37.0000
E9,random,42,25,50,30,359,0,convergent_swarm,manhattan,4,3,99,39,39.0000,40,31,true,0.1057,37.0000
E9,random,42,25,50,30,359,0,swarm,manhattan,4,5,83,39,39.0000,40,37,true,0.0476,37.0000
E9,random,42,25,50,30,359,0,convergent_swarm,manhattan,4,5,83,39,39.0000,40,37,true,0.0475,37.0000
E9,random,42,25,50,30,359,0,swarm,manhattan,4,7,79,39,39.0000,40,35,true,0.0494,37.0000
E9,random,42,25,50,30,359,0,convergent_swarm,manhattan,4,7,79,39,39.0000,40,35,true,0.0490,37.0000
E9,random,42,25,50,30,359,0,swarm,manhattan,4,10,79,39,39.0000,40,35,true,0.0322,37.0000
E9,random,42,25,50,30,359,0,convergent_swarm,manhattan,4,10,79,39,39.0000,40,35,true,0.0341,37.0000
E9,random,42,25,50,30,359,0,bfs,manhattan,4,,589,37,37.0000,38,43,true,0.2409,37.0000
E9,random,42,25,50,30,359,0,dijkstra,manhattan,4,,591,37,37.0000,38,44,true,0.3181,37.0000
E9,random,42,25,50,30,359,0,a_star,manhattan,4,,200,37,37.0000,38,44,true,0.0901,37.0000
E9,random,42,25,50,30,359,0,greedy,manhattan,4,,76,39,39.0000,40,37,true,0.0317,37.0000
E9,random,137,25,50,30,383,0,swarm,manhattan,4,1,618,91,91.0000,92,30,true,0.2247,91.0000
E9,random,137,25,50,30,383,0,convergent_swarm,manhattan,4,1,618,91,91.0000,92,30,true,0.2284,91.0000
E9,random,137,25,50,30,383,0,swarm,manhattan,4,1.5,596,91,91.0000,92,39,true,0.2380,91.0000
E9,random,137,25,50,30,383,0,convergent_swarm,manhattan,4,1.5,596,91,91.0000,92,39,true,0.2255,91.0000
E9,random,137,25,50,30,383,0,swarm,manhattan,4,2,538,91,91.0000,92,39,true,0.2058,91.0000
E9,random,137,25,50,30,383,0,convergent_swarm,manhattan,4,2,538,91,91.0000,92,39,true,0.2021,91.0000
E9,random,137,25,50,30,383,0,swarm,manhattan,4,3,393,91,91.0000,92,41,true,0.1452,91.0000
E9,random,137,25,50,30,383,0,convergent_swarm,manhattan,4,3,393,91,91.0000,92,41,true,0.1383,91.0000
E9,random,137,25,50,30,383,0,swarm,manhattan,4,5,295,91,91.0000,92,47,true,0.1106,91.0000
E9,random,137,25,50,30,383,0,convergent_swarm,manhattan,4,5,295,91,91.0000,92,47,true,0.1072,91.0000
E9,random,137,25,50,30,383,0,swarm,manhattan,4,7,276,97,97.0000,98,52,true,0.1036,91.0000
E9,random,137,25,50,30,383,0,convergent_swarm,manhattan,4,7,276,97,97.0000,98,52,true,0.1016,91.0000
E9,random,137,25,50,30,383,0,swarm,manhattan,4,10,264,97,97.0000,98,51,true,0.1052,91.0000
E9,random,137,25,50,30,383,0,convergent_swarm,manhattan,4,10,264,97,97.0000,98,51,true,0.0958,91.0000
E9,random,137,25,50,30,383,0,bfs,manhattan,4,,732,91,91.0000,92,25,true,0.1847,91.0000
E9,random,137,25,50,30,383,0,dijkstra,manhattan,4,,728,91,91.0000,92,24,true,0.2459,91.0000
E9,random,137,25,50,30,383,0,a_star,manhattan,4,,618,91,91.0000,92,30,true,0.2302,91.0000
E9,random,137,25,50,30,383,0,greedy,manhattan,4,,217,97,97.0000,98,55,true,0.0837,91.0000
E9,random,256,25,50,30,343,0,swarm,manhattan,4,1,109,33,33.0000,34,37,true,0.0437,33.0000
E9,random,256,25,50,30,343,0,convergent_swarm,manhattan,4,1,109,33,33.0000,34,37,true,0.0385,33.0000
E9,random,256,25,50,30,343,0,swarm,manhattan,4,1.5,60,33,33.0000,34,30,true,0.0247,33.0000
E9,random,256,25,50,30,343,0,convergent_swarm,manhattan,4,1.5,60,33,33.0000,34,30,true,0.0240,33.0000
E9,random,256,25,50,30,343,0,swarm,manhattan,4,2,54,33,33.0000,34,31,true,0.0218,33.0000
E9,random,256,25,50,30,343,0,convergent_swarm,manhattan,4,2,54,33,33.0000,34,31,true,0.0221,33.0000
E9,random,256,25,50,30,343,0,swarm,manhattan,4,3,52,33,33.0000,34,32,true,0.0203,33.0000
E9,random,256,25,50,30,343,0,convergent_swarm,manhattan,4,3,52,33,33.0000,34,32,true,0.0201,33.0000
E9,random,256,25,50,30,343,0,swarm,manhattan,4,5,47,35,35.0000,36,35,true,0.0190,33.0000
E9,random,256,25,50,30,343,0,convergent_swarm,manhattan,4,5,47,35,35.0000,36,35,true,0.0190,33.0000
E9,random,256,25,50,30,343,0,swarm,manhattan,4,7,47,35,35.0000,36,35,true,0.0194,33.0000
E9,random,256,25,50,30,343,0,convergent_swarm,manhattan,4,7,47,35,35.0000,36,35,true,0.0179,33.0000
E9,random,256,25,50,30,343,0,swarm,manhattan,4,10,47,35,35.0000,36,35,true,0.0177,33.0000
E9,random,256,25,50,30,343,0,convergent_swarm,manhattan,4,10,47,35,35.0000,36,35,true,0.0170,33.0000
E9,random,256,25,50,30,343,0,bfs,manhattan,4,,617,33,33.0000,34,40,true,0.1866,33.0000
E9,random,256,25,50,30,343,0,dijkstra,manhattan,4,,620,33,33.0000,34,47,true,0.2387,33.0000
E9,random,256,25,50,30,343,0,a_star,manhattan,4,,109,33,33.0000,34,37,true,0.0433,33.0000
E9,random,256,25,50,30,343,0,greedy,manhattan,4,,47,35,35.0000,36,35,true,0.0199,33.0000
E9,random,1049,25,50,30,353,0,swarm,manhattan,4,1,114,31,31.0000,32,34,true,0.0454,31.0000
E9,random,1049,25,50,30,353,0,convergent_swarm,manhattan,4,1,114,31,31.0000,32,34,true,0.0379,31.0000
E9,random,1049,25,50,30,353,0,swarm,manhattan,4,1.5,49,31,31.0000,32,41,true,0.0232,31.0000
E9,random,1049,25,50,30,353,0,convergent_swarm,manhattan,4,1.5,49,31,31.0000,32,41,true,0.0201,31.0000
E9,random,1049,25,50,30,353,0,swarm,manhattan,4,2,48,31,31.0000,32,42,true,0.0210,31.0000
E9,random,1049,25,50,30,353,0,convergent_swarm,manhattan,4,2,48,31,31.0000,32,42,true,0.0187,31.0000
E9,random,1049,25,50,30,353,0,swarm,manhattan,4,3,34,31,31.0000,32,37,true,0.0144,31.0000
E9,random,1049,25,50,30,353,0,convergent_swarm,manhattan,4,3,34,31,31.0000,32,37,true,0.0157,31.0000
E9,random,1049,25,50,30,353,0,swarm,manhattan,4,5,33,33,33.0000,34,37,true,0.0145,31.0000
E9,random,1049,25,50,30,353,0,convergent_swarm,manhattan,4,5,33,33,33.0000,34,37,true,0.0145,31.0000
E9,random,1049,25,50,30,353,0,swarm,manhattan,4,7,33,33,33.0000,34,37,true,0.0139,31.0000
E9,random,1049,25,50,30,353,0,convergent_swarm,manhattan,4,7,33,33,33.0000,34,37,true,0.0133,31.0000
E9,random,1049,25,50,30,353,0,swarm,manhattan,4,10,33,33,33.0000,34,37,true,0.0137,31.0000
E9,random,1049,25,50,30,353,0,convergent_swarm,manhattan,4,10,33,33,33.0000,34,37,true,0.0145,31.0000
E9,random,1049,25,50,30,353,0,bfs,manhattan,4,,629,31,31.0000,32,31,true,0.1763,31.0000
E9,random,1049,25,50,30,353,0,dijkstra,manhattan,4,,617,31,31.0000,32,36,true,0.6088,31.0000
E9,random,1049,25,50,30,353,0,a_star,manhattan,4,,114,31,31.0000,32,34,true,0.0698,31.0000
E9,random,1049,25,50,30,353,0,greedy,manhattan,4,,33,33,33.0000,34,37,true,0.0267,31.0000
E9,random,1144,25,50,30,380,0,swarm,manhattan,4,1,90,33,33.0000,34,31,true,0.0549,33.0000
E9,random,1144,25,50,30,380,0,convergent_swarm,manhattan,4,1,90,33,33.0000,34,31,true,0.0370,33.0000
E9,random,1144,25,50,30,380,0,swarm,manhattan,4,1.5,53,33,33.0000,34,24,true,0.0304,33.0000
E9,random,1144,25,50,30,380,0,convergent_swarm,manhattan,4,1.5,53,33,33.0000,34,24,true,0.0203,33.0000
E9,random,1144,25,50,30,380,0,swarm,manhattan,4,2,48,33,33.0000,34,25,true,0.0227,33.0000
E9,random,1144,25,50,30,380,0,convergent_swarm,manhattan,4,2,48,33,33.0000,34,25,true,0.0270,33.0000
E9,random,1144,25,50,30,380,0,swarm,manhattan,4,3,48,33,33.0000,34,25,true,0.0260,33.0000
E9,random,1144,25,50,30,380,0,convergent_swarm,manhattan,4,3,48,33,33.0000,34,25,true,0.0169,33.0000
E9,random,1144,25,50,30,380,0,swarm,manhattan,4,5,46,35,35.0000,36,26,true,0.0176,33.0000
E9,random,1144,25,50,30,380,0,convergent_swarm,manhattan,4,5,46,35,35.0000,36,26,true,0.0170,33.0000
E9,random,1144,25,50,30,380,0,swarm,manhattan,4,7,46,35,35.0000,36,26,true,0.0173,33.0000
E9,random,1144,25,50,30,380,0,convergent_swarm,manhattan,4,7,46,35,35.0000,36,26,true,0.0158,33.0000
E9,random,1144,25,50,30,380,0,swarm,manhattan,4,10,46,35,35.0000,36,26,true,0.0173,33.0000
E9,random,1144,25,50,30,380,0,convergent_swarm,manhattan,4,10,46,35,35.0000,36,26,true,0.0160,33.0000
E9,random,1144,25,50,30,380,0,bfs,manhattan,4,,439,33,33.0000,34,28,true,0.1301,33.0000
E9,random,1144,25,50,30,380,0,dijkstra,manhattan,4,,434,33,33.0000,34,30,true,0.1591,33.0000
E9,random,1144,25,50,30,380,0,a_star,manhattan,4,,90,33,33.0000,34,31,true,0.0322,33.0000
E9,random,1144,25,50,30,380,0,greedy,manhattan,4,,46,35,35.0000,36,26,true,0.0189,33.0000
E9,random,1263,25,50,30,382,0,swarm,manhattan,4,1,389,45,45.0000,46,62,true,0.1691,45.0000
E9,random,1263,25,50,30,382,0,convergent_swarm,manhattan,4,1,389,45,45.0000,46,62,true,0.1429,45.0000
E9,random,1263,25,50,30,382,0,swarm,manhattan,4,1.5,189,45,45.0000,46,40,true,0.0750,45.0000
E9,random,1263,25,50,30,382,0,convergent_swarm,manhattan,4,1.5,189,45,45.0000,46,40,true,0.0696,45.0000
E9,random,1263,25,50,30,382,0,swarm,manhattan,4,2,141,45,45.0000,46,35,true,0.0591,45.0000
E9,random,1263,25,50,30,382,0,convergent_swarm,manhattan,4,2,141,45,45.0000,46,35,true,0.0497,45.0000
E9,random,1263,25,50,30,382,0,swarm,manhattan,4,3,118,45,45.0000,46,31,true,0.0427,45.0000
E9,random,1263,25,50,30,382,0,convergent_swarm,manhattan,4,3,118,45,45.0000,46,31,true,0.0421,45.0000
E9,random,1263,25,50,30,382,0,swarm,manhattan,4,5,103,45,45.0000,46,38,true,0.0390,45.0000
E9,random,1263,25,50,30,382,0,convergent_swarm,manhattan,4,5,103,45,45.0000,46,38,true,0.0370,45.0000
E9,random,1263,25,50,30,382,0,swarm,manhattan,4,7,101,45,45.0000,46,38,true,0.0368,45.0000
E9,random,1263,25,50,30,382,0,convergent_swarm,manhattan,4,7,101,45,45.0000,46,38,true,0.0348,45.0000
E9,random,1263,25,50,30,382,0,swarm,manhattan,4,10,100,45,45.0000,46,37,true,0.0354,45.0000
E9,random,1263,25,50,30,382,0,convergent_swarm,manhattan,4,10,100,45,45.0000,46,37,true,0.0356,45.0000
E9,random,1263,25,50,30,382,0,bfs,manhattan,4,,681,45,45.0000,46,32,true,0.2251,45.0000
E9,random,1263,25,50,30,382,0,dijkstra,manhattan,4,,679,45,45.0000,46,35,true,0.3603,45.0000
E9,random,1263,25,50,30,382,0,a_star,manhattan,4,,389,45,45.0000,46,62,true,0.1993,45.0000
E9,random,1263,25,50,30,382,0,greedy,manhattan,4,,108,57,57.0000,58,42,true,0.0548,45.0000
E9,random,2056,25,50,30,363,0,swarm,manhattan,4,1,873,,,,60,false,0.3627,
E9,random,2056,25,50,30,363,0,convergent_swarm,manhattan,4,1,873,,,,60,false,0.3176,
E9,random,2056,25,50,30,363,0,swarm,manhattan,4,1.5,873,,,,52,false,0.3340,
E9,random,2056,25,50,30,363,0,convergent_swarm,manhattan,4,1.5,873,,,,52,false,0.3263,
E9,random,2056,25,50,30,363,0,swarm,manhattan,4,2,873,,,,44,false,0.3203,
E9,random,2056,25,50,30,363,0,convergent_swarm,manhattan,4,2,873,,,,44,false,0.3297,
E9,random,2056,25,50,30,363,0,swarm,manhattan,4,3,873,,,,45,false,0.5098,
E9,random,2056,25,50,30,363,0,convergent_swarm,manhattan,4,3,873,,,,45,false,1.1051,
E9,random,2056,25,50,30,363,0,swarm,manhattan,4,5,873,,,,45,false,0.4399,
E9,random,2056,25,50,30,363,0,convergent_swarm,manhattan,4,5,873,,,,45,false,0.3239,
E9,random,2056,25,50,30,363,0,swarm,manhattan,4,7,873,,,,49,false,0.3221,
E9,random,2056,25,50,30,363,0,convergent_swarm,manhattan,4,7,873,,,,49,false,0.3155,
E9,random,2056,25,50,30,363,0,swarm,manhattan,4,10,873,,,,49,false,0.3192,
E9,random,2056,25,50,30,363,0,convergent_swarm,manhattan,4,10,873,,,,49,false,0.3094,
E9,random,2056,25,50,30,363,0,bfs,manhattan,4,,873,,,,36,false,0.2177,
E9,random,2056,25,50,30,363,0,dijkstra,manhattan,4,,873,,,,39,false,0.3633,
E9,random,2056,25,50,30,363,0,a_star,manhattan,4,,873,,,,60,false,0.3558,
E9,random,2056,25,50,30,363,0,greedy,manhattan,4,,873,,,,57,false,0.3189,
E9,random,2151,25,50,30,388,0,swarm,manhattan,4,1,285,61,61.0000,62,37,true,0.1036,61.0000
E9,random,2151,25,50,30,388,0,convergent_swarm,manhattan,4,1,285,61,61.0000,62,37,true,0.0933,61.0000
E9,random,2151,25,50,30,388,0,swarm,manhattan,4,1.5,200,63,63.0000,64,50,true,0.0723,61.0000
E9,random,2151,25,50,30,388,0,convergent_swarm,manhattan,4,1.5,200,63,63.0000,64,50,true,0.0682,61.0000
E9,random,2151,25,50,30,388,0,swarm,manhattan,4,2,200,63,63.0000,64,48,true,0.0670,61.0000
E9,random,2151,25,50,30,388,0,convergent_swarm,manhattan,4,2,200,63,63.0000,64,48,true,0.0629,61.0000
E9,random,2151,25,50,30,388,0,swarm,manhattan,4,3,209,63,63.0000,64,48,true,0.0698,61.0000
E9,random,2151,25,50,30,388,0,convergent_swarm,manhattan,4,3,209,63,63.0000,64,48,true,0.0704,61.0000
E9,random,2151,25,50,30,388,0,swarm,manhattan,4,5,208,69,69.0000,70,50,true,0.0755,61.0000
E9,random,2151,25,50,30,388,0,convergent_swarm,manhattan,4,5,208,69,69.0000,70,50,true,0.0727,61.0000
E9,random,2151,25,50,30,388,0,swarm,manhattan,4,7,208,69,69.0000,70,49,true,0.0720,61.0000
E9,random,2151,25,50,30,388,0,convergent_swarm,manhattan,4,7,208,69,69.0000,70,49,true,0.0678,61.0000
E9,random,2151,25,50,30,388,0,swarm,manhattan,4,10,211,69,69.0000,70,48,true,0.0721,61.0000
E9,random,2151,25,50,30,388,0,convergent_swarm,manhattan,4,10,211,69,69.0000,70,48,true,0.0767,61.0000
E9,random,2151,25,50,30,388,0,bfs,manhattan,4,,540,61,61.0000,62,21,true,0.1431,61.0000
E9,random,2151,25,50,30,388,0,dijkstra,manhattan,4,,542,61,61.0000,62,22,true,0.1890,61.0000
E9,random,2151,25,50,30,388,0,a_star,manhattan,4,,285,61,61.0000,62,37,true,0.1002,61.0000
E9,random,2151,25,50,30,388,0,greedy,manhattan,4,,220,69,69.0000,70,53,true,0.0822,61.0000
E9,random,2270,25,50,30,370,0,swarm,manhattan,4,1,95,31,31.0000,32,33,true,0.1282,31.0000
E9,random,2270,25,50,30,370,0,convergent_swarm,manhattan,4,1,95,31,31.0000,32,33,true,0.0484,31.0000
E9,random,2270,25,50,30,370,0,swarm,manhattan,4,1.5,46,33,33.0000,34,31,true,0.0292,31.0000
E9,random,2270,25,50,30,370,0,convergent_swarm,manhattan,4,1.5,46,33,33.0000,34,31,true,0.0308,31.0000
E9,random,2270,25,50,30,370,0,swarm,manhattan,4,2,40,33,33.0000,34,32,true,0.0269,31.0000
E9,random,2270,25,50,30,370,0,convergent_swarm,manhattan,4,2,40,33,33.0000,34,32,true,0.0247,31.0000
E9,random,2270,25,50,30,370,0,swarm,manhattan,4,3,40,33,33.0000,34,32,true,0.0229,31.0000
E9,random,2270,25,50,30,370,0,convergent_swarm,manhattan,4,3,40,33,33.0000,34,32,true,0.0234,31.0000
E9,random,2270,25,50,30,370,0,swarm,manhattan,4,5,38,35,35.0000,36,33,true,0.0266,31.0000
E9,random,2270,25,50,30,370,0,convergent_swarm,manhattan,4,5,38,35,35.0000,36,33,true,0.0243,31.0000
E9,random,2270,25,50,30,370,0,swarm,manhattan,4,7,37,35,35.0000,36,33,true,0.0237,31.0000
E9,random,2270,25,50,30,370,0,convergent_swarm,manhattan,4,7,37,35,35.0000,36,33,true,0.0249,31.0000
E9,random,2270,25,50,30,370,0,swarm,manhattan,4,10,37,35,35.0000,36,33,true,0.0197,31.0000
E9,random,2270,25,50,30,370,0,convergent_swarm,manhattan,4,10,37,35,35.0000,36,33,true,0.0157,31.0000
E9,random,2270,25,50,30,370,0,bfs,manhattan,4,,558,31,31.0000,32,33,true,0.1914,31.0000
E9,random,2270,25,50,30,370,0,dijkstra,manhattan,4,,553,31,31.0000,32,36,true,0.2527,31.0000
E9,random,2270,25,50,30,370,0,a_star,manhattan,4,,95,31,31.0000,32,33,true,0.0519,31.0000
E9,random,2270,25,50,30,370,0,greedy,manhattan,4,,37,35,35.0000,36,33,true,0.0243,31.0000
E9,random,3063,25,50,30,349,0,swarm,manhattan,4,1,65,29,29.0000,30,35,true,0.0272,29.0000
E9,random,3063,25,50,30,349,0,convergent_swarm,manhattan,4,1,65,29,29.0000,30,35,true,0.0227,29.0000
E9,random,3063,25,50,30,349,0,swarm,manhattan,4,1.5,38,31,31.0000,32,34,true,0.0170,29.0000
E9,random,3063,25,50,30,349,0,convergent_swarm,manhattan,4,1.5,38,31,31.0000,32,34,true,0.0211,29.0000
E9,random,3063,25,50,30,349,0,swarm,manhattan,4,2,36,31,31.0000,32,33,true,0.0156,29.0000
E9,random,3063,25,50,30,349,0,convergent_swarm,manhattan,4,2,36,31,31.0000,32,33,true,0.0145,29.0000
E9,random,3063,25,50,30,349,0,swarm,manhattan,4,3,34,31,31.0000,32,33,true,0.0142,29.0000
E9,random,3063,25,50,30,349,0,convergent_swarm,manhattan,4,3,34,31,31.0000,32,33,true,0.0155,29.0000
E9,random,3063,25,50,30,349,0,swarm,manhattan,4,5,34,31,31.0000,32,33,true,0.0139,29.0000
E9,random,3063,25,50,30,349,0,convergent_swarm,manhattan,4,5,34,31,31.0000,32,33,true,0.0154,29.0000
E9,random,3063,25,50,30,349,0,swarm,manhattan,4,7,34,31,31.0000,32,33,true,0.0142,29.0000
E9,random,3063,25,50,30,349,0,convergent_swarm,manhattan,4,7,34,31,31.0000,32,33,true,0.0144,29.0000
E9,random,3063,25,50,30,349,0,swarm,manhattan,4,10,34,31,31.0000,32,33,true,0.0144,29.0000
E9,random,3063,25,50,30,349,0,convergent_swarm,manhattan,4,10,34,31,31.0000,32,33,true,0.0141,29.0000
E9,random,3063,25,50,30,349,0,bfs,manhattan,4,,537,29,29.0000,30,33,true,0.1784,29.0000
E9,random,3063,25,50,30,349,0,dijkstra,manhattan,4,,521,29,29.0000,30,35,true,0.1993,29.0000
E9,random,3063,25,50,30,349,0,a_star,manhattan,4,,65,29,29.0000,30,35,true,0.0255,29.0000
E9,random,3063,25,50,30,349,0,greedy,manhattan,4,,34,31,31.0000,32,33,true,0.0149,29.0000
E9,random,3158,25,50,30,369,0,swarm,manhattan,4,1,168,39,39.0000,40,32,true,0.0641,39.0000
E9,random,3158,25,50,30,369,0,convergent_swarm,manhattan,4,1,168,39,39.0000,40,32,true,0.0588,39.0000
E9,random,3158,25,50,30,369,0,swarm,manhattan,4,1.5,139,39,39.0000,40,31,true,0.0642,39.0000
E9,random,3158,25,50,30,369,0,convergent_swarm,manhattan,4,1.5,139,39,39.0000,40,31,true,0.0516,39.0000
E9,random,3158,25,50,30,369,0,swarm,manhattan,4,2,125,39,39.0000,40,30,true,0.0484,39.0000
E9,random,3158,25,50,30,369,0,convergent_swarm,manhattan,4,2,125,39,39.0000,40,30,true,0.0458,39.0000
E9,random,3158,25,50,30,369,0,swarm,manhattan,4,3,115,41,41.0000,42,29,true,0.0422,39.0000
E9,random,3158,25,50,30,369,0,convergent_swarm,manhattan,4,3,115,41,41.0000,42,29,true,0.0377,39.0000
E9,random,3158,25,50,30,369,0,swarm,manhattan,4,5,108,45,45.0000,46,25,true,0.0412,39.0000
E9,random,3158,25,50,30,369,0,convergent_swarm,manhattan,4,5,108,45,45.0000,46,25,true,0.0373,39.0000
E9,random,3158,25,50,30,369,0,swarm,manhattan,4,7,103,45,45.0000,46,26,true,0.0388,39.0000
E9,random,3158,25,50,30,369,0,convergent_swarm,manhattan,4,7,103,45,45.0000,46,26,true,0.0377,39.0000
E9,random,3158,25,50,30,369,0,swarm,manhattan,4,10,100,45,45.0000,46,27,true,0.0391,39.0000
E9,random,3158,25,50,30,369,0,convergent_swarm,manhattan,4,10,100,45,45.0000,46,27,true,0.0353,39.0000
E9,random,3158,25,50,30,369,0,bfs,manhattan,4,,683,39,39.0000,40,35,true,0.2083,39.0000
E9,random,3158,25,50,30,369,0,dijkstra,manhattan,4,,671,39,39.0000,40,40,true,0.2626,39.0000
E9,random,3158,25,50,30,369,0,a_star,manhattan,4,,168,39,39.0000,40,32,true,0.0614,39.0000
E9,random,3158,25,50,30,369,0,greedy,manhattan,4,,94,45,45.0000,46,28,true,0.0347,39.0000
E9,random,3277,25,50,30,354,0,swarm,manhattan,4,1,124,33,33.0000,34,39,true,0.0488,33.0000
E9,random,3277,25,50,30,354,0,convergent_swarm,manhattan,4,1,124,33,33.0000,34,39,true,0.0452,33.0000
E9,random,3277,25,50,30,354,0,swarm,manhattan,4,1.5,61,35,35.0000,36,37,true,0.0439,33.0000
E9,random,3277,25,50,30,354,0,convergent_swarm,manhattan,4,1.5,61,35,35.0000,36,37,true,0.0260,33.0000
E9,random,3277,25,50,30,354,0,swarm,manhattan,4,2,47,35,35.0000,36,36,true,0.0207,33.0000
E9,random,3277,25,50,30,354,0,convergent_swarm,manhattan,4,2,47,35,35.0000,36,36,true,0.0202,33.0000
E9,random,3277,25,50,30,354,0,swarm,manhattan,4,3,42,35,35.0000,36,35,true,0.0188,33.0000
E9,random,3277,25,50,30,354,0,convergent_swarm,manhattan,4,3,42,35,35.0000,36,35,true,0.0247,33.0000
E9,random,3277,25,50,30,354,0,swarm,manhattan,4,5,40,35,35.0000,36,37,true,0.0173,33.0000
E9,random,3277,25,50,30,354,0,convergent_swarm,manhattan,4,5,40,35,35.0000,36,37,true,0.0180,33.0000
E9,random,3277,25,50,30,354,0,swarm,manhattan,4,7,40,35,35.0000,36,37,true,0.0182,33.0000
E9,random,3277,25,50,30,354,0,convergent_swarm,manhattan,4,7,40,35,35.0000,36,37,true,0.0182,33.0000
E9,random,3277,25,50,30,354,0,swarm,manhattan,4,10,40,35,35.0000,36,37,true,0.0219,33.0000
E9,random,3277,25,50,30,354,0,convergent_swarm,manhattan,4,10,40,35,35.0000,36,37,true,0.0165,33.0000
E9,random,3277,25,50,30,354,0,bfs,manhattan,4,,642,33,33.0000,34,36,true,0.2733,33.0000
E9,random,3277,25,50,30,354,0,dijkstra,manhattan,4,,638,33,33.0000,34,39,true,0.2353,33.0000
E9,random,3277,25,50,30,354,0,a_star,manhattan,4,,124,33,33.0000,34,39,true,0.0485,33.0000
E9,random,3277,25,50,30,354,0,greedy,manhattan,4,,40,35,35.0000,36,37,true,0.0179,33.0000
E9,random,4070,25,50,30,402,0,swarm,manhattan,4,1,500,,,,34,false,0.1828,
E9,random,4070,25,50,30,402,0,convergent_swarm,manhattan,4,1,500,,,,34,false,0.1646,
E9,random,4070,25,50,30,402,0,swarm,manhattan,4,1.5,500,,,,29,false,0.1782,
E9,random,4070,25,50,30,402,0,convergent_swarm,manhattan,4,1.5,500,,,,29,false,0.1750,
E9,random,4070,25,50,30,402,0,swarm,manhattan,4,2,500,,,,27,false,0.1703,
E9,random,4070,25,50,30,402,0,convergent_swarm,manhattan,4,2,500,,,,27,false,0.1663,
E9,random,4070,25,50,30,402,0,swarm,manhattan,4,3,500,,,,25,false,0.1685,
E9,random,4070,25,50,30,402,0,convergent_swarm,manhattan,4,3,500,,,,25,false,0.1646,
E9,random,4070,25,50,30,402,0,swarm,manhattan,4,5,500,,,,25,false,0.1649,
E9,random,4070,25,50,30,402,0,convergent_swarm,manhattan,4,5,500,,,,25,false,0.5324,
E9,random,4070,25,50,30,402,0,swarm,manhattan,4,7,500,,,,26,false,0.4377,
E9,random,4070,25,50,30,402,0,convergent_swarm,manhattan,4,7,500,,,,26,false,0.3157,
E9,random,4070,25,50,30,402,0,swarm,manhattan,4,10,500,,,,25,false,0.1844,
E9,random,4070,25,50,30,402,0,convergent_swarm,manhattan,4,10,500,,,,25,false,0.1690,
E9,random,4070,25,50,30,402,0,bfs,manhattan,4,,500,,,,40,false,0.1784,
E9,random,4070,25,50,30,402,0,dijkstra,manhattan,4,,500,,,,41,false,0.1841,
E9,random,4070,25,50,30,402,0,a_star,manhattan,4,,500,,,,34,false,0.1825,
E9,random,4070,25,50,30,402,0,greedy,manhattan,4,,500,,,,28,false,0.1874,
E9,random,4165,25,50,30,363,0,swarm,manhattan,4,1,133,35,35.0000,36,38,true,0.0542,35.0000
E9,random,4165,25,50,30,363,0,convergent_swarm,manhattan,4,1,133,35,35.0000,36,38,true,0.0482,35.0000
E9,random,4165,25,50,30,363,0,swarm,manhattan,4,1.5,59,35,35.0000,36,31,true,0.0241,35.0000
E9,random,4165,25,50,30,363,0,convergent_swarm,manhattan,4,1.5,59,35,35.0000,36,31,true,0.0236,35.0000
E9,random,4165,25,50,30,363,0,swarm,manhattan,4,2,50,35,35.0000,36,30,true,0.0195,35.0000
E9,random,4165,25,50,30,363,0,convergent_swarm,manhattan,4,2,50,35,35.0000,36,30,true,0.0196,35.0000
E9,random,4165,25,50,30,363,0,swarm,manhattan,4,3,49,35,35.0000,36,31,true,0.0182,35.0000
E9,random,4165,25,50,30,363,0,convergent_swarm,manhattan,4,3,49,35,35.0000,36,31,true,0.0182,35.0000
E9,random,4165,25,50,30,363,0,swarm,manhattan,4,5,49,37,37.0000,38,31,true,0.0176,35.0000
E9,random,4165,25,50,30,363,0,convergent_swarm,manhattan,4,5,49,37,37.0000,38,31,true,0.0173,35.0000
E9,random,4165,25,50,30,363,0,swarm,manhattan,4,7,47,37,37.0000,38,31,true,0.0174,35.0000
E9,random,4165,25,50,30,363,0,convergent_swarm,manhattan,4,7,47,37,37.0000,38,31,true,0.0162,35.0000
E9,random,4165,25,50,30,363,0,swarm,manhattan,4,10,47,37,37.0000,38,31,true,0.0167,35.0000
E9,random,4165,25,50,30,363,0,convergent_swarm,manhattan,4,10,47,37,37.0000,38,31,true,0.0201,35.0000
E9,random,4165,25,50,30,363,0,bfs,manhattan,4,,592,35,35.0000,36,31,true,0.1760,35.0000
E9,random,4165,25,50,30,363,0,dijkstra,manhattan,4,,598,35,35.0000,36,33,true,0.2422,35.0000
E9,random,4165,25,50,30,363,0,a_star,manhattan,4,,133,35,35.0000,36,38,true,0.0778,35.0000
E9,random,4165,25,50,30,363,0,greedy,manhattan,4,,46,37,37.0000,38,32,true,0.0242,35.0000
E9,random,4284,25,50,30,376,0,swarm,manhattan,4,1,109,33,33.0000,34,35,true,0.0516,33.0000
E9,random,4284,25,50,30,376,0,convergent_swarm,manhattan,4,1,109,33,33.0000,34,35,true,0.0455,33.0000
E9,random,4284,25,50,30,376,0,swarm,manhattan,4,1.5,45,33,33.0000,34,37,true,0.0288,33.0000
E9,random,4284,25,50,30,376,0,convergent_swarm,manhattan,4,1.5,45,33,33.0000,34,37,true,0.0266,33.0000
E9,random,4284,25,50,30,376,0,swarm,manhattan,4,2,38,35,35.0000,36,36,true,0.0326,33.0000
E9,random,4284,25,50,30,376,0,convergent_swarm,manhattan,4,2,38,35,35.0000,36,36,true,0.0287,33.0000
E9,random,4284,25,50,30,376,0,swarm,manhattan,4,3,38,35,35.0000,36,36,true,0.0248,33.0000
E9,random,4284,25,50,30,376,0,convergent_swarm,manhattan,4,3,38,35,35.0000,36,36,true,0.0172,33.0000
E9,random,4284,25,50,30,376,0,swarm,manhattan,4,5,38,35,35.0000,36,36,true,0.0199,33.0000
E9,random,4284,25,50,30,376,0,convergent_swarm,manhattan,4,5,38,35,35.0000,36,36,true,0.0163,33.0000
E9,random,4284,25,50,30,376,0,swarm,manhattan,4,7,38,35,35.0000,36,36,true,0.0158,33.0000
E9,random,4284,25,50,30,376,0,convergent_swarm,manhattan,4,7,38,35,35.0000,36,36,true,0.0139,33.0000
E9,random,4284,25,50,30,376,0,swarm,manhattan,4,10,38,35,35.0000,36,36,true,0.0142,33.0000
E9,random,4284,25,50,30,376,0,convergent_swarm,manhattan,4,10,38,35,35.0000,36,36,true,0.0133,33.0000
E9,random,4284,25,50,30,376,0,bfs,manhattan,4,,572,33,33.0000,34,39,true,0.1838,33.0000
E9,random,4284,25,50,30,376,0,dijkstra,manhattan,4,,571,33,33.0000,34,42,true,0.2155,33.0000
E9,random,4284,25,50,30,376,0,a_star,manhattan,4,,109,33,33.0000,34,35,true,0.0428,33.0000
E9,random,4284,25,50,30,376,0,greedy,manhattan,4,,38,35,35.0000,36,36,true,0.0174,33.0000
E9,random,5077,25,50,30,372,0,swarm,manhattan,4,1,275,41,41.0000,42,40,true,0.1152,41.0000
E9,random,5077,25,50,30,372,0,convergent_swarm,manhattan,4,1,275,41,41.0000,42,40,true,0.1044,41.0000
E9,random,5077,25,50,30,372,0,swarm,manhattan,4,1.5,217,45,45.0000,46,38,true,0.1034,41.0000
E9,random,5077,25,50,30,372,0,convergent_swarm,manhattan,4,1.5,217,45,45.0000,46,38,true,0.0875,41.0000
E9,random,5077,25,50,30,372,0,swarm,manhattan,4,2,112,45,45.0000,46,36,true,0.0669,41.0000
E9,random,5077,25,50,30,372,0,convergent_swarm,manhattan,4,2,112,45,45.0000,46,36,true,0.7652,41.0000
E9,random,5077,25,50,30,372,0,swarm,manhattan,4,3,97,45,45.0000,46,37,true,0.0438,41.0000
E9,random,5077,25,50,30,372,0,convergent_swarm,manhattan,4,3,97,45,45.0000,46,37,true,0.0400,41.0000
E9,random,5077,25,50,30,372,0,swarm,manhattan,4,5,73,45,45.0000,46,38,true,0.0283,41.0000
E9,random,5077,25,50,30,372,0,convergent_swarm,manhattan,4,5,73,45,45.0000,46,38,true,0.0290,41.0000
E9,random,5077,25,50,30,372,0,swarm,manhattan,4,7,72,45,45.0000,46,41,true,0.0281,41.0000
E9,random,5077,25,50,30,372,0,convergent_swarm,manhattan,4,7,72,45,45.0000,46,41,true,0.0269,41.0000
E9,random,5077,25,50,30,372,0,swarm,manhattan,4,10,72,45,45.0000,46,41,true,0.0287,41.0000
E9,random,5077,25,50,30,372,0,convergent_swarm,manhattan,4,10,72,45,45.0000,46,41,true,0.0275,41.0000
E9,random,5077,25,50,30,372,0,bfs,manhattan,4,,696,41,41.0000,42,29,true,0.2260,41.0000
E9,random,5077,25,50,30,372,0,dijkstra,manhattan,4,,710,41,41.0000,42,31,true,0.4738,41.0000
E9,random,5077,25,50,30,372,0,a_star,manhattan,4,,275,41,41.0000,42,40,true,0.1668,41.0000
E9,random,5077,25,50,30,372,0,greedy,manhattan,4,,69,45,45.0000,46,39,true,0.0468,41.0000
E9,random,5172,25,50,30,365,0,swarm,manhattan,4,1,228,39,39.0000,40,39,true,0.1323,39.0000
E9,random,5172,25,50,30,365,0,convergent_swarm,manhattan,4,1,228,39,39.0000,40,39,true,0.1163,39.0000
E9,random,5172,25,50,30,365,0,swarm,manhattan,4,1.5,93,39,39.0000,40,35,true,0.0361,39.0000
E9,random,5172,25,50,30,365,0,convergent_swarm,manhattan,4,1.5,93,39,39.0000,40,35,true,0.0327,39.0000
E9,random,5172,25,50,30,365,0,swarm,manhattan,4,2,60,39,39.0000,40,30,true,0.0241,39.0000
E9,random,5172,25,50,30,365,0,convergent_swarm,manhattan,4,2,60,39,39.0000,40,30,true,0.0218,39.0000
E9,random,5172,25,50,30,365,0,swarm,manhattan,4,3,55,39,39.0000,40,31,true,0.0207,39.0000
E9,random,5172,25,50,30,365,0,convergent_swarm,manhattan,4,3,55,39,39.0000,40,31,true,0.0174,39.0000
E9,random,5172,25,50,30,365,0,swarm,manhattan,4,5,51,39,39.0000,40,32,true,0.0202,39.0000
E9,random,5172,25,50,30,365,0,convergent_swarm,manhattan,4,5,51,39,39.0000,40,32,true,0.0193,39.0000
E9,random,5172,25,50,30,365,0,swarm,manhattan,4,7,51,39,39.0000,40,32,true,0.0179,39.0000
E9,random,5172,25,50,30,365,0,convergent_swarm,manhattan,4,7,51,39,39.0000,40,32,true,0.0182,39.0000
E9,random,5172,25,50,30,365,0,swarm,manhattan,4,10,50,39,39.0000,40,32,true,0.0198,39.0000
E9,random,5172,25,50,30,365,0,convergent_swarm,manhattan,4,10,50,39,39.0000,40,32,true,0.0187,39.0000
E9,random,5172,25,50,30,365,0,bfs,manhattan,4,,662,39,39.0000,40,32,true,0.1896,39.0000
E9,random,5172,25,50,30,365,0,dijkstra,manhattan,4,,663,39,39.0000,40,36,true,0.2464,39.0000
E9,random,5172,25,50,30,365,0,a_star,manhattan,4,,228,39,39.0000,40,39,true,0.0845,39.0000
E9,random,5172,25,50,30,365,0,greedy,manhattan,4,,50,39,39.0000,40,32,true,0.0205,39.0000
E9,random,5291,25,50,30,373,0,swarm,manhattan,4,1,506,51,51.0000,52,43,true,0.2097,51.0000
E9,random,5291,25,50,30,373,0,convergent_swarm,manhattan,4,1,506,51,51.0000,52,43,true,0.1849,51.0000
E9,random,5291,25,50,30,373,0,swarm,manhattan,4,1.5,428,51,51.0000,52,41,true,0.1609,51.0000
E9,random,5291,25,50,30,373,0,convergent_swarm,manhattan,4,1.5,428,51,51.0000,52,41,true,0.1545,51.0000
E9,random,5291,25,50,30,373,0,swarm,manhattan,4,2,411,51,51.0000,52,41,true,0.1522,51.0000
E9,random,5291,25,50,30,373,0,convergent_swarm,manhattan,4,2,411,51,51.0000,52,41,true,0.1507,51.0000
E9,random,5291,25,50,30,373,0,swarm,manhattan,4,3,399,55,55.0000,56,38,true,0.1758,51.0000
E9,random,5291,25,50,30,373,0,convergent_swarm,manhattan,4,3,399,55,55.0000,56,38,true,0.1465,51.0000
E9,random,5291,25,50,30,373,0,swarm,manhattan,4,5,376,57,57.0000,58,31,true,0.1370,51.0000
E9,random,5291,25,50,30,373,0,convergent_swarm,manhattan,4,5,376,57,57.0000,58,31,true,0.1309,51.0000
E9,random,5291,25,50,30,373,0,swarm,manhattan,4,7,368,57,57.0000,58,32,true,0.1329,51.0000
E9,random,5291,25,50,30,373,0,convergent_swarm,manhattan,4,7,368,57,57.0000,58,32,true,0.1283,51.0000
E9,random,5291,25,50,30,373,0,swarm,manhattan,4,10,367,57,57.0000,58,31,true,0.1324,51.0000
E9,random,5291,25,50,30,373,0,convergent_swarm,manhattan,4,10,367,57,57.0000,58,31,true,0.1260,51.0000
E9,random,5291,25,50,30,373,0,bfs,manhattan,4,,725,51,51.0000,52,38,true,0.1978,51.0000
E9,random,5291,25,50,30,373,0,dijkstra,manhattan,4,,725,51,51.0000,52,38,true,0.2597,51.0000
E9,random,5291,25,50,30,373,0,a_star,manhattan,4,,506,51,51.0000,52,43,true,0.1933,51.0000
E9,random,5291,25,50,30,373,0,greedy,manhattan,4,,343,57,57.0000,58,34,true,0.1283,51.0000
E9,weighted,42,25,50,30,0,427,swarm,manhattan,4,1,151,38,38.0000,32,95,true,0.0729,38.0000
E9,weighted,42,25,50,30,0,427,convergent_swarm,manhattan,4,1,151,38,38.0000,32,95,true,0.0675,38.0000
E9,weighted,42,25,50,30,0,427,swarm,manhattan,4,1.5,53,38,38.0000,32,57,true,0.0276,38.0000
E9,weighted,42,25,50,30,0,427,convergent_swarm,manhattan,4,1.5,53,38,38.0000,32,57,true,0.0255,38.0000
E9,weighted,42,25,50,30,0,427,swarm,manhattan,4,2,39,38,38.0000,32,58,true,0.0215,38.0000
E9,weighted,42,25,50,30,0,427,convergent_swarm,manhattan,4,2,39,38,38.0000,32,58,true,0.0194,38.0000
E9,weighted,42,25,50,30,0,427,swarm,manhattan,4,3,30,48,48.0000,28,53,true,0.0160,38.0000
E9,weighted,42,25,50,30,0,427,convergent_swarm,manhattan,4,3,30,48,48.0000,28,53,true,0.0164,38.0000
E9,weighted,42,25,50,30,0,427,swarm,manhattan,4,5,25,59,59.0000,26,52,true,0.0138,38.0000
E9,weighted,42,25,50,30,0,427,convergent_swarm,manhattan,4,5,25,59,59.0000,26,52,true,0.0137,38.0000
E9,weighted,42,25,50,30,0,427,swarm,manhattan,4,7,25,59,59.0000,26,52,true,0.0145,38.0000
E9,weighted,42,25,50,30,0,427,convergent_swarm,manhattan,4,7,25,59,59.0000,26,52,true,0.0124,38.0000
E9,weighted,42,25,50,30,0,427,swarm,manhattan,4,10,25,59,59.0000,26,52,true,0.0138,38.0000
E9,weighted,42,25,50,30,0,427,convergent_swarm,manhattan,4,10,25,59,59.0000,26,52,true,0.0149,38.0000
E9,weighted,42,25,50,30,0,427,bfs,manhattan,4,,793,25,59.0000,26,50,true,0.2378,38.0000
E9,weighted,42,25,50,30,0,427,dijkstra,manhattan,4,,842,38,38.0000,32,111,true,0.8938,38.0000
E9,weighted,42,25,50,30,0,427,a_star,manhattan,4,,151,38,38.0000,32,95,true,0.1133,38.0000
E9,weighted,42,25,50,30,0,427,greedy,manhattan,4,,25,59,59.0000,26,52,true,0.0229,38.0000
E9,weighted,137,25,50,30,0,446,swarm,manhattan,4,1,149,34,34.0000,28,78,true,0.0733,34.0000
E9,weighted,137,25,50,30,0,446,convergent_swarm,manhattan,4,1,149,34,34.0000,28,78,true,0.0685,34.0000
E9,weighted,137,25,50,30,0,446,swarm,manhattan,4,1.5,39,34,34.0000,28,53,true,0.0212,34.0000
E9,weighted,137,25,50,30,0,446,convergent_swarm,manhattan,4,1.5,39,34,34.0000,28,53,true,0.0194,34.0000
E9,weighted,137,25,50,30,0,446,swarm,manhattan,4,2,32,34,34.0000,28,53,true,0.0165,34.0000
E9,weighted,137,25,50,30,0,446,convergent_swarm,manhattan,4,2,32,34,34.0000,28,53,true,0.0160,34.0000
E9,weighted,137,25,50,30,0,446,swarm,manhattan,4,3,29,34,34.0000,28,53,true,0.0145,34.0000
E9,weighted,137,25,50,30,0,446,convergent_swarm,manhattan,4,3,29,34,34.0000,28,53,true,0.0150,34.0000
E9,weighted,137,25,50,30,0,446,swarm,manhattan,4,5,25,41,41.0000,26,52,true,0.0137,34.0000
E9,weighted,137,25,50,30,0,446,convergent_swarm,manhattan,4,5,25,41,41.0000,26,52,true,0.0138,34.0000
E9,weighted,137,25,50,30,0,446,swarm,manhattan,4,7,25,41,41.0000,26,52,true,0.0143,34.0000
E9,weighted,137,25,50,30,0,446,convergent_swarm,manhattan,4,7,25,41,41.0000,26,52,true,0.0138,34.0000
E9,weighted,137,25,50,30,0,446,swarm,manhattan,4,10,25,41,41.0000,26,52,true,0.0150,34.0000
E9,weighted,137,25,50,30,0,446,convergent_swarm,manhattan,4,10,25,41,41.0000,26,52,true,0.0142,34.0000
E9,weighted,137,25,50,30,0,446,bfs,manhattan,4,,793,25,41.0000,26,50,true,0.2852,34.0000
E9,weighted,137,25,50,30,0,446,dijkstra,manhattan,4,,838,34,34.0000,28,114,true,0.3900,34.0000
E9,weighted,137,25,50,30,0,446,a_star,manhattan,4,,149,34,34.0000,28,78,true,0.0717,34.0000
E9,weighted,137,25,50,30,0,446,greedy,manhattan,4,,25,41,41.0000,26,52,true,0.0143,34.0000
E9,weighted,256,25,50,30,0,477,swarm,manhattan,4,1,376,44,44.0000,38,132,true,0.1958,44.0000
E9,weighted,256,25,50,30,0,477,convergent_swarm,manhattan,4,1,376,44,44.0000,38,132,true,0.2202,44.0000
E9,weighted,256,25,50,30,0,477,swarm,manhattan,4,1.5,120,45,45.0000,38,85,true,0.0942,44.0000
E9,weighted,256,25,50,30,0,477,convergent_swarm,manhattan,4,1.5,120,45,45.0000,38,85,true,0.0661,44.0000
E9,weighted,256,25,50,30,0,477,swarm,manhattan,4,2,60,48,48.0000,36,74,true,0.0303,44.0000
E9,weighted,256,25,50,30,0,477,convergent_swarm,manhattan,4,2,60,48,48.0000,36,74,true,0.0273,44.0000
E9,weighted,256,25,50,30,0,477,swarm,manhattan,4,3,45,52,52.0000,36,63,true,0.0223,44.0000
E9,weighted,256,25,50,30,0,477,convergent_swarm,manhattan,4,3,45,52,52.0000,36,63,true,0.0260,44.0000
E9,weighted,256,25,50,30,0,477,swarm,manhattan,4,5,32,79,79.0000,30,59,true,0.0189,44.0000
E9,weighted,256,25,50,30,0,477,convergent_swarm,manhattan,4,5,32,79,79.0000,30,59,true,0.0168,44.0000
E9,weighted,256,25,50,30,0,477,swarm,manhattan,4,7,25,103,103.0000,26,52,true,0.0139,44.0000
E9,weighted,256,25,50,30,0,477,convergent_swarm,manhattan,4,7,25,103,103.0000,26,52,true,0.0144,44.0000
E9,weighted,256,25,50,30,0,477,swarm,manhattan,4,10,25,103,103.0000,26,52,true,0.0132,44.0000
E9,weighted,256,25,50,30,0,477,convergent_swarm,manhattan,4,10,25,103,103.0000,26,52,true,0.0123,44.0000
E9,weighted,256,25,50,30,0,477,bfs,manhattan,4,,793,25,103.0000,26,50,true,0.2875,44.0000
E9,weighted,256,25,50,30,0,477,dijkstra,manhattan,4,,902,44,44.0000,38,118,true,0.4027,44.0000
E9,weighted,256,25,50,30,0,477,a_star,manhattan,4,,376,44,44.0000,38,132,true,0.1824,44.0000
E9,weighted,256,25,50,30,0,477,greedy,manhattan,4,,25,103,103.0000,26,52,true,0.0143,44.0000
E9,weighted,1049,25,50,30,0,476,swarm,manhattan,4,1,179,38,38.0000,36,93,true,0.0892,38.0000
E9,weighted,1049,25,50,30,0,476,convergent_swarm,manhattan,4,1,179,38,38.0000,36,93,true,0.0800,38.0000
E9,weighted,1049,25,50,30,0,476,swarm,manhattan,4,1.5,73,40,40.0000,34,70,true,0.0393,38.0000
E9,weighted,1049,25,50,30,0,476,convergent_swarm,manhattan,4,1.5,73,40,40.0000,34,70,true,0.0344,38.0000
E9,weighted,1049,25,50,30,0,476,swarm,manhattan,4,2,57,40,40.0000,34,63,true,0.0280,38.0000
E9,weighted,1049,25,50,30,0,476,convergent_swarm,manhattan,4,2,57,40,40.0000,34,63,true,0.0262,38.0000
E9,weighted,1049,25,50,30,0,476,swarm,manhattan,4,3,41,51,51.0000,30,61,true,0.0213,38.0000
E9,weighted,1049,25,50,30,0,476,convergent_swarm,manhattan,4,3,41,51,51.0000,30,61,true,0.0201,38.0000
E9,weighted,1049,25,50,30,0,476,swarm,manhattan,4,5,25,77,77.0000,26,52,true,0.0144,38.0000
E9,weighted,1049,25,50,30,0,476,convergent_swarm,manhattan,4,5,25,77,77.0000,26,52,true,0.0137,38.0000
E9,weighted,1049,25,50,30,0,476,swarm,manhattan,4,7,25,77,77.0000,26,52,true,0.0133,38.0000
E9,weighted,1049,25,50,30,0,476,convergent_swarm,manhattan,4,7,25,77,77.0000,26,52,true,0.0143,38.0000
E9,weighted,1049,25,50,30,0,476,swarm,manhattan,4,10,25,77,77.0000,26,52,true,0.0129,38.0000
E9,weighted,1049,25,50,30,0,476,convergent_swarm,manhattan,4,10,25,77,77.0000,26,52,true,0.0134,38.0000
E9,weighted,1049,25,50,30,0,476,bfs,manhattan,4,,793,25,77.0000,26,50,true,0.2337,38.0000
E9,weighted,1049,25,50,30,0,476,dijkstra,manhattan,4,,824,38,38.0000,36,108,true,0.3790,38.0000
E9,weighted,1049,25,50,30,0,476,a_star,manhattan,4,,179,38,38.0000,36,93,true,0.0870,38.0000
E9,weighted,1049,25,50,30,0,476,greedy,manhattan,4,,25,77,77.0000,26,52,true,0.0151,38.0000
E9,weighted,1144,25,50,30,0,420,swarm,manhattan,4,1,247,40,40.0000,36,127,true,0.2366,40.0000
E9,weighted,1144,25,50,30,0,420,convergent_swarm,manhattan,4,1,247,40,40.0000,36,127,true,0.1708,40.0000
E9,weighted,1144,25,50,30,0,420,swarm,manhattan,4,1.5,97,42,42.0000,32,90,true,0.0740,40.0000
E9,weighted,1144,25,50,30,0,420,convergent_swarm,manhattan,4,1.5,97,42,42.0000,32,90,true,0.0656,40.0000
E9,weighted,1144,25,50,30,0,420,swarm,manhattan,4,2,72,42,42.0000,32,73,true,0.0589,40.0000
E9,weighted,1144,25,50,30,0,420,convergent_swarm,manhattan,4,2,72,42,42.0000,32,73,true,0.0538,40.0000
E9,weighted,1144,25,50,30,0,420,swarm,manhattan,4,3,36,58,58.0000,28,56,true,0.0316,40.0000
E9,weighted,1144,25,50,30,0,420,convergent_swarm,manhattan,4,3,36,58,58.0000,28,56,true,0.0288,40.0000
E9,weighted,1144,25,50,30,0,420,swarm,manhattan,4,5,25,66,66.0000,26,52,true,0.0231,40.0000
E9,weighted,1144,25,50,30,0,420,convergent_swarm,manhattan,4,5,25,66,66.0000,26,52,true,0.0231,40.0000
E9,weighted,1144,25,50,30,0,420,swarm,manhattan,4,7,25,66,66.0000,26,52,true,0.0215,40.0000
E9,weighted,1144,25,50,30,0,420,convergent_swarm,manhattan,4,7,25,66,66.0000,26,52,true,0.0219,40.0000
E9,weighted,1144,25,50,30,0,420,swarm,manhattan,4,10,25,66,66.0000,26,52,true,0.0225,40.0000
E9,weighted,1144,25,50,30,0,420,convergent_swarm,manhattan,4,10,25,66,66.0000,26,52,true,0.0235,40.0000
E9,weighted,1144,25,50,30,0,420,bfs,manhattan,4,,793,25,66.0000,26,50,true,0.3977,40.0000
E9,weighted,1144,25,50,30,0,420,dijkstra,manhattan,4,,902,40,40.0000,36,111,true,0.5096,40.0000
E9,weighted,1144,25,50,30,0,420,a_star,manhattan,4,,247,40,40.0000,36,127,true,0.1209,40.0000
E9,weighted,1144,25,50,30,0,420,greedy,manhattan,4,,25,66,66.0000,26,52,true,0.0150,40.0000
E9,weighted,1263,25,50,30,0,475,swarm,manhattan,4,1,104,34,34.0000,32,101,true,0.0551,34.0000
E9,weighted,1263,25,50,30,0,475,convergent_swarm,manhattan,4,1,104,34,34.0000,32,101,true,0.0476,34.0000
E9,weighted,1263,25,50,30,0,475,swarm,manhattan,4,1.5,38,34,34.0000,32,58,true,0.0218,34.0000
E9,weighted,1263,25,50,30,0,475,convergent_swarm,manhattan,4,1.5,38,34,34.0000,32,58,true,0.0197,34.0000
E9,weighted,1263,25,50,30,0,475,swarm,manhattan,4,2,34,35,35.0000,32,54,true,0.0184,34.0000
E9,weighted,1263,25,50,30,0,475,convergent_swarm,manhattan,4,2,34,35,35.0000,32,54,true,0.0172,34.0000
E9,weighted,1263,25,50,30,0,475,swarm,manhattan,4,3,32,40,40.0000,30,56,true,0.0184,34.0000
E9,weighted,1263,25,50,30,0,475,convergent_swarm,manhattan,4,3,32,40,40.0000,30,56,true,0.0159,34.0000
E9,weighted,1263,25,50,30,0,475,swarm,manhattan,4,5,28,55,55.0000,28,54,true,0.0148,34.0000
E9,weighted,1263,25,50,30,0,475,convergent_swarm,manhattan,4,5,28,55,55.0000,28,54,true,0.0153,34.0000
E9,weighted,1263,25,50,30,0,475,swarm,manhattan,4,7,25,67,67.0000,26,52,true,0.0135,34.0000
E9,weighted,1263,25,50,30,0,475,convergent_swarm,manhattan,4,7,25,67,67.0000,26,52,true,0.0133,34.0000
E9,weighted,1263,25,50,30,0,475,swarm,manhattan,4,10,25,67,67.0000,26,52,true,0.0139,34.0000
E9,weighted,1263,25,50,30,0,475,convergent_swarm,manhattan,4,10,25,67,67.0000,26,52,true,0.0141,34.0000
E9,weighted,1263,25,50,30,0,475,bfs,manhattan,4,,793,25,67.0000,26,50,true,0.2364,34.0000
E9,weighted,1263,25,50,30,0,475,dijkstra,manhattan,4,,846,34,34.0000,34,136,true,0.3861,34.0000
E9,weighted,1263,25,50,30,0,475,a_star,manhattan,4,,104,34,34.0000,32,101,true,0.0523,34.0000
E9,weighted,1263,25,50,30,0,475,greedy,manhattan,4,,25,67,67.0000,26,52,true,0.0140,34.0000
E9,weighted,2056,25,50,30,0,353,swarm,manhattan,4,1,319,40,40.0000,36,128,true,0.1711,40.0000
E9,weighted,2056,25,50,30,0,353,convergent_swarm,manhattan,4,1,319,40,40.0000,36,128,true,0.1533,40.0000
E9,weighted,2056,25,50,30,0,353,swarm,manhattan,4,1.5,80,41,41.0000,30,77,true,0.0423,40.0000
E9,weighted,2056,25,50,30,0,353,convergent_swarm,manhattan,4,1.5,80,41,41.0000,30,77,true,0.0499,40.0000
E9,weighted,2056,25,50,30,0,353,swarm,manhattan,4,2,41,41,41.0000,30,56,true,0.0211,40.0000
E9,weighted,2056,25,50,30,0,353,convergent_swarm,manhattan,4,2,41,41,41.0000,30,56,true,0.0218,40.0000
E9,weighted,2056,25,50,30,0,353,swarm,manhattan,4,3,34,46,46.0000,30,56,true,0.0205,40.0000
E9,weighted,2056,25,50,30,0,353,convergent_swarm,manhattan,4,3,34,46,46.0000,30,56,true,0.0185,40.0000
E9,weighted,2056,25,50,30,0,353,swarm,manhattan,4,5,25,55,55.0000,26,52,true,0.0203,40.0000
E9,weighted,2056,25,50,30,0,353,convergent_swarm,manhattan,4,5,25,55,55.0000,26,52,true,0.0150,40.0000
E9,weighted,2056,25,50,30,0,353,swarm,manhattan,4,7,25,55,55.0000,26,52,true,0.0169,40.0000
E9,weighted,2056,25,50,30,0,353,convergent_swarm,manhattan,4,7,25,55,55.0000,26,52,true,0.0183,40.0000
E9,weighted,2056,25,50,30,0,353,swarm,manhattan,4,10,25,55,55.0000,26,52,true,0.0143,40.0000
E9,weighted,2056,25,50,30,0,353,convergent_swarm,manhattan,4,10,25,55,55.0000,26,52,true,0.0175,40.0000
E9,weighted,2056,25,50,30,0,353,bfs,manhattan,4,,793,25,55.0000,26,50,true,0.2749,40.0000
E9,weighted,2056,25,50,30,0,353,dijkstra,manhattan,4,,954,40,40.0000,34,106,true,0.4464,40.0000
E9,weighted,2056,25,50,30,0,353,a_star,manhattan,4,,319,40,40.0000,36,128,true,0.1614,40.0000
E9,weighted,2056,25,50,30,0,353,greedy,manhattan,4,,25,55,55.0000,26,52,true,0.0156,40.0000
E9,weighted,2151,25,50,30,0,363,swarm,manhattan,4,1,179,35,35.0000,30,89,true,0.0888,35.0000
E9,weighted,2151,25,50,30,0,363,convergent_swarm,manhattan,4,1,179,35,35.0000,30,89,true,0.2033,35.0000
E9,weighted,2151,25,50,30,0,363,swarm,manhattan,4,1.5,88,38,38.0000,32,73,true,0.0734,35.0000
E9,weighted,2151,25,50,30,0,363,convergent_swarm,manhattan,4,1.5,88,38,38.0000,32,73,true,0.0727,35.0000
E9,weighted,2151,25,50,30,0,363,swarm,manhattan,4,2,57,41,41.0000,34,59,true,0.0398,35.0000
E9,weighted,2151,25,50,30,0,363,convergent_swarm,manhattan,4,2,57,41,41.0000,34,59,true,0.0411,35.0000
E9,weighted,2151,25,50,30,0,363,swarm,manhattan,4,3,34,44,44.0000,32,55,true,0.0300,35.0000
E9,weighted,2151,25,50,30,0,363,convergent_swarm,manhattan,4,3,34,44,44.0000,32,55,true,0.0352,35.0000
E9,weighted,2151,25,50,30,0,363,swarm,manhattan,4,5,25,56,56.0000,26,52,true,0.0221,35.0000
E9,weighted,2151,25,50,30,0,363,convergent_swarm,manhattan,4,5,25,56,56.0000,26,52,true,0.0213,35.0000
E9,weighted,2151,25,50,30,0,363,swarm,manhattan,4,7,25,56,56.0000,26,52,true,0.0234,35.0000
E9,weighted,2151,25,50,30,0,363,convergent_swarm,manhattan,4,7,25,56,56.0000,26,52,true,0.0222,35.0000
E9,weighted,2151,25,50,30,0,363,swarm,manhattan,4,10,25,56,56.0000,26,52,true,0.0219,35.0000
E9,weighted,2151,25,50,30,0,363,convergent_swarm,manhattan,4,10,25,56,56.0000,26,52,true,0.0227,35.0000
E9,weighted,2151,25,50,30,0,363,bfs,manhattan,4,,793,25,56.0000,26,50,true,0.3761,35.0000
E9,weighted,2151,25,50,30,0,363,dijkstra,manhattan,4,,908,35,35.0000,30,122,true,0.5198,35.0000
E9,weighted,2151,25,50,30,0,363,a_star,manhattan,4,,179,35,35.0000,30,89,true,0.0857,35.0000
E9,weighted,2151,25,50,30,0,363,greedy,manhattan,4,,25,56,56.0000,26,52,true,0.0153,35.0000
E9,weighted,2270,25,50,30,0,329,swarm,manhattan,4,1,66,30,30.0000,30,65,true,0.0369,30.0000
E9,weighted,2270,25,50,30,0,329,convergent_swarm,manhattan,4,1,66,30,30.0000,30,65,true,0.0307,30.0000
E9,weighted,2270,25,50,30,0,329,swarm,manhattan,4,1.5,33,30,30.0000,30,53,true,0.0179,30.0000
E9,weighted,2270,25,50,30,0,329,convergent_swarm,manhattan,4,1.5,33,30,30.0000,30,53,true,0.0174,30.0000
E9,weighted,2270,25,50,30,0,329,swarm,manhattan,4,2,33,30,30.0000,30,53,true,0.0167,30.0000
E9,weighted,2270,25,50,30,0,329,convergent_swarm,manhattan,4,2,33,30,30.0000,30,53,true,0.0166,30.0000
E9,weighted,2270,25,50,30,0,329,swarm,manhattan,4,3,35,30,30.0000,30,58,true,0.0191,30.0000
E9,weighted,2270,25,50,30,0,329,convergent_swarm,manhattan,4,3,35,30,30.0000,30,58,true,0.0176,30.0000
E9,weighted,2270,25,50,30,0,329,swarm,manhattan,4,5,25,61,61.0000,26,52,true,0.0135,30.0000
E9,weighted,2270,25,50,30,0,329,convergent_swarm,manhattan,4,5,25,61,61.0000,26,52,true,0.0145,30.0000
E9,weighted,2270,25,50,30,0,329,swarm,manhattan,4,7,25,61,61.0000,26,52,true,0.0134,30.0000
E9,weighted,2270,25,50,30,0,329,convergent_swarm,manhattan,4,7,25,61,61.0000,26,52,true,0.0127,30.0000
E9,weighted,2270,25,50,30,0,329,swarm,manhattan,4,10,25,61,61.0000,26,52,true,0.0151,30.0000
E9,weighted,2270,25,50,30,0,329,convergent_swarm,manhattan,4,10,25,61,61.0000,26,52,true,0.0130,30.0000
E9,weighted,2270,25,50,30,0,329,bfs,manhattan,4,,793,25,61.0000,26,50,true,0.2289,30.0000
E9,weighted,2270,25,50,30,0,329,dijkstra,manhattan,4,,826,30,30.0000,30,121,true,0.3718,30.0000
E9,weighted,2270,25,50,30,0,329,a_star,manhattan,4,,66,30,30.0000,30,65,true,0.0310,30.0000
E9,weighted,2270,25,50,30,0,329,greedy,manhattan,4,,25,61,61.0000,26,52,true,0.0136,30.0000
E9,weighted,3063,25,50,30,0,410,swarm,manhattan,4,1,246,40,40.0000,36,115,true,0.1253,40.0000
E9,weighted,3063,25,50,30,0,410,convergent_swarm,manhattan,4,1,246,40,40.0000,36,115,true,0.1098,40.0000
E9,weighted,3063,25,50,30,0,410,swarm,manhattan,4,1.5,70,40,40.0000,36,72,true,0.0389,40.0000
E9,weighted,3063,25,50,30,0,410,convergent_swarm,manhattan,4,1.5,70,40,40.0000,36,72,true,0.0347,40.0000
E9,weighted,3063,25,50,30,0,410,swarm,manhattan,4,2,56,40,40.0000,36,68,true,0.0287,40.0000
E9,weighted,3063,25,50,30,0,410,convergent_swarm,manhattan,4,2,56,40,40.0000,36,68,true,0.0264,40.0000
E9,weighted,3063,25,50,30,0,410,swarm,manhattan,4,3,49,51,51.0000,32,68,true,0.0240,40.0000
E9,weighted,3063,25,50,30,0,410,convergent_swarm,manhattan,4,3,49,51,51.0000,32,68,true,0.0236,40.0000
E9,weighted,3063,25,50,30,0,410,swarm,manhattan,4,5,31,69,69.0000,28,56,true,0.0167,40.0000
E9,weighted,3063,25,50,30,0,410,convergent_swarm,manhattan,4,5,31,69,69.0000,28,56,true,0.0162,40.0000
E9,weighted,3063,25,50,30,0,410,swarm,manhattan,4,7,25,79,79.0000,26,52,true,0.0145,40.0000
E9,weighted,3063,25,50,30,0,410,convergent_swarm,manhattan,4,7,25,79,79.0000,26,52,true,0.0133,40.0000
E9,weighted,3063,25,50,30,0,410,swarm,manhattan,4,10,25,79,79.0000,26,52,true,0.0171,40.0000
E9,weighted,3063,25,50,30,0,410,convergent_swarm,manhattan,4,10,25,79,79.0000,26,52,true,0.0135,40.0000
E9,weighted,3063,25,50,30,0,410,bfs,manhattan,4,,793,25,79.0000,26,50,true,0.2325,40.0000
E9,weighted,3063,25,50,30,0,410,dijkstra,manhattan,4,,908,40,40.0000,36,107,true,0.4091,40.0000
E9,weighted,3063,25,50,30,0,410,a_star,manhattan,4,,246,40,40.0000,36,115,true,0.1202,40.0000
E9,weighted,3063,25,50,30,0,410,greedy,manhattan,4,,25,79,79.0000,26,52,true,0.0142,40.0000
E9,weighted,3158,25,50,30,0,369,swarm,manhattan,4,1,147,33,33.0000,34,94,true,0.0856,33.0000
E9,weighted,3158,25,50,30,0,369,convergent_swarm,manhattan,4,1,147,33,33.0000,34,94,true,0.0839,33.0000
E9,weighted,3158,25,50,30,0,369,swarm,manhattan,4,1.5,48,34,34.0000,34,62,true,0.0246,33.0000
E9,weighted,3158,25,50,30,0,369,convergent_swarm,manhattan,4,1.5,48,34,34.0000,34,62,true,0.0231,33.0000
E9,weighted,3158,25,50,30,0,369,swarm,manhattan,4,2,39,36,36.0000,32,56,true,0.0199,33.0000
E9,weighted,3158,25,50,30,0,369,convergent_swarm,manhattan,4,2,39,36,36.0000,32,56,true,0.0191,33.0000
E9,weighted,3158,25,50,30,0,369,swarm,manhattan,4,3,29,47,47.0000,28,52,true,0.0158,33.0000
E9,weighted,3158,25,50,30,0,369,convergent_swarm,manhattan,4,3,29,47,47.0000,28,52,true,0.0139,33.0000
E9,weighted,3158,25,50,30,0,369,swarm,manhattan,4,5,25,49,49.0000,26,52,true,0.0127,33.0000
E9,weighted,3158,25,50,30,0,369,convergent_swarm,manhattan,4,5,25,49,49.0000,26,52,true,0.0143,33.0000
E9,weighted,3158,25,50,30,0,369,swarm,manhattan,4,7,25,49,49.0000,26,52,true,0.0137,33.0000
E9,weighted,3158,25,50,30,0,369,convergent_swarm,manhattan,4,7,25,49,49.0000,26,52,true,0.0139,33.0000
E9,weighted,3158,25,50,30,0,369,swarm,manhattan,4,10,25,49,49.0000,26,52,true,0.0136,33.0000
E9,weighted,3158,25,50,30,0,369,convergent_swarm,manhattan,4,10,25,49,49.0000,26,52,true,0.0126,33.0000
E9,weighted,3158,25,50,30,0,369,bfs,manhattan,4,,793,25,49.0000,26,50,true,0.2386,33.0000
E9,weighted,3158,25,50,30,0,369,dijkstra,manhattan,4,,838,33,33.0000,32,106,true,0.3698,33.0000
E9,weighted,3158,25,50,30,0,369,a_star,manhattan,4,,147,33,33.0000,34,94,true,0.0687,33.0000
E9,weighted,3158,25,50,30,0,369,greedy,manhattan,4,,25,49,49.0000,26,52,true,0.0141,33.0000
E9,weighted,3277,25,50,30,0,445,swarm,manhattan,4,1,82,31,31.0000,32,78,true,0.0564,31.0000
E9,weighted,3277,25,50,30,0,445,convergent_swarm,manhattan,4,1,82,31,31.0000,32,78,true,0.0463,31.0000
E9,weighted,3277,25,50,30,0,445,swarm,manhattan,4,1.5,33,31,31.0000,32,53,true,0.0199,31.0000
E9,weighted,3277,25,50,30,0,445,convergent_swarm,manhattan,4,1.5,33,31,31.0000,32,53,true,0.0233,31.0000
E9,weighted,3277,25,50,30,0,445,swarm,manhattan,4,2,33,31,31.0000,32,53,true,0.0263,31.0000
E9,weighted,3277,25,50,30,0,445,convergent_swarm,manhattan,4,2,33,31,31.0000,32,53,true,0.0196,31.0000
E9,weighted,3277,25,50,30,0,445,swarm,manhattan,4,3,31,34,34.0000,30,53,true,0.0164,31.0000
E9,weighted,3277,25,50,30,0,445,convergent_swarm,manhattan,4,3,31,34,34.0000,30,53,true,0.0206,31.0000
E9,weighted,3277,25,50,30,0,445,swarm,manhattan,4,5,29,46,46.0000,28,55,true,0.0153,31.0000
E9,weighted,3277,25,50,30,0,445,convergent_swarm,manhattan,4,5,29,46,46.0000,28,55,true,0.0132,31.0000
E9,weighted,3277,25,50,30,0,445,swarm,manhattan,4,7,25,58,58.0000,26,52,true,0.0142,31.0000
E9,weighted,3277,25,50,30,0,445,convergent_swarm,manhattan,4,7,25,58,58.0000,26,52,true,0.0134,31.0000
E9,weighted,3277,25,50,30,0,445,swarm,manhattan,4,10,25,58,58.0000,26,52,true,0.0232,31.0000
E9,weighted,3277,25,50,30,0,445,convergent_swarm,manhattan,4,10,25,58,58.0000,26,52,true,0.0250,31.0000
E9,weighted,3277,25,50,30,0,445,bfs,manhattan,4,,793,25,58.0000,26,50,true,0.3326,31.0000
E9,weighted,3277,25,50,30,0,445,dijkstra,manhattan,4,,769,31,31.0000,32,121,true,0.3575,31.0000
E9,weighted,3277,25,50,30,0,445,a_star,manhattan,4,,82,31,31.0000,32,78,true,0.0419,31.0000
E9,weighted,3277,25,50,30,0,445,greedy,manhattan,4,,25,58,58.0000,26,52,true,0.0140,31.0000
E9,weighted,4070,25,50,30,0,363,swarm,manhattan,4,1,97,31,31.0000,28,69,true,0.0512,31.0000
E9,weighted,4070,25,50,30,0,363,convergent_swarm,manhattan,4,1,97,31,31.0000,28,69,true,0.0452,31.0000
E9,weighted,4070,25,50,30,0,363,swarm,manhattan,4,1.5,30,31,31.0000,28,52,true,0.0185,31.0000
E9,weighted,4070,25,50,30,0,363,convergent_swarm,manhattan,4,1.5,30,31,31.0000,28,52,true,0.0161,31.0000
E9,weighted,4070,25,50,30,0,363,swarm,manhattan,4,2,32,31,31.0000,28,58,true,0.0174,31.0000
E9,weighted,4070,25,50,30,0,363,convergent_swarm,manhattan,4,2,32,31,31.0000,28,58,true,0.0193,31.0000
E9,weighted,4070,25,50,30,0,363,swarm,manhattan,4,3,27,36,36.0000,28,52,true,0.0143,31.0000
E9,weighted,4070,25,50,30,0,363,convergent_swarm,manhattan,4,3,27,36,36.0000,28,52,true,0.0152,31.0000
E9,weighted,4070,25,50,30,0,363,swarm,manhattan,4,5,25,40,40.0000,26,52,true,0.0139,31.0000
E9,weighted,4070,25,50,30,0,363,convergent_swarm,manhattan,4,5,25,40,40.0000,26,52,true,0.0132,31.0000
E9,weighted,4070,25,50,30,0,363,swarm,manhattan,4,7,25,40,40.0000,26,52,true,0.0131,31.0000
E9,weighted,4070,25,50,30,0,363,convergent_swarm,manhattan,4,7,25,40,40.0000,26,52,true,0.0131,31.0000
E9,weighted,4070,25,50,30,0,363,swarm,manhattan,4,10,25,40,40.0000,26,52,true,0.0126,31.0000
E9,weighted,4070,25,50,30,0,363,convergent_swarm,manhattan,4,10,25,40,40.0000,26,52,true,0.0129,31.0000
E9,weighted,4070,25,50,30,0,363,bfs,manhattan,4,,793,25,40.0000,26,50,true,0.3377,31.0000
E9,weighted,4070,25,50,30,0,363,dijkstra,manhattan,4,,801,31,31.0000,30,110,true,0.5563,31.0000
E9,weighted,4070,25,50,30,0,363,a_star,manhattan,4,,97,31,31.0000,28,69,true,0.0748,31.0000
E9,weighted,4070,25,50,30,0,363,greedy,manhattan,4,,25,40,40.0000,26,52,true,0.0218,31.0000
E9,weighted,4165,25,50,30,0,482,swarm,manhattan,4,1,211,40,40.0000,34,106,true,0.1065,40.0000
E9,weighted,4165,25,50,30,0,482,convergent_swarm,manhattan,4,1,211,40,40.0000,34,106,true,0.0979,40.0000
E9,weighted,4165,25,50,30,0,482,swarm,manhattan,4,1.5,105,41,41.0000,32,78,true,0.0551,40.0000
E9,weighted,4165,25,50,30,0,482,convergent_swarm,manhattan,4,1.5,105,41,41.0000,32,78,true,0.0496,40.0000
E9,weighted,4165,25,50,30,0,482,swarm,manhattan,4,2,68,41,41.0000,32,68,true,0.0355,40.0000
E9,weighted,4165,25,50,30,0,482,convergent_swarm,manhattan,4,2,68,41,41.0000,32,68,true,0.0371,40.0000
E9,weighted,4165,25,50,30,0,482,swarm,manhattan,4,3,44,58,58.0000,32,60,true,0.0231,40.0000
E9,weighted,4165,25,50,30,0,482,convergent_swarm,manhattan,4,3,44,58,58.0000,32,60,true,0.0201,40.0000
E9,weighted,4165,25,50,30,0,482,swarm,manhattan,4,5,25,72,72.0000,26,52,true,0.0147,40.0000
E9,weighted,4165,25,50,30,0,482,convergent_swarm,manhattan,4,5,25,72,72.0000,26,52,true,0.0144,40.0000
E9,weighted,4165,25,50,30,0,482,swarm,manhattan,4,7,25,72,72.0000,26,52,true,0.0136,40.0000
E9,weighted,4165,25,50,30,0,482,convergent_swarm,manhattan,4,7,25,72,72.0000,26,52,true,0.0128,40.0000
E9,weighted,4165,25,50,30,0,482,swarm,manhattan,4,10,25,72,72.0000,26,52,true,0.0129,40.0000
E9,weighted,4165,25,50,30,0,482,convergent_swarm,manhattan,4,10,25,72,72.0000,26,52,true,0.0133,40.0000
E9,weighted,4165,25,50,30,0,482,bfs,manhattan,4,,793,25,72.0000,26,50,true,0.2309,40.0000
E9,weighted,4165,25,50,30,0,482,dijkstra,manhattan,4,,884,40,40.0000,34,121,true,0.4006,40.0000
E9,weighted,4165,25,50,30,0,482,a_star,manhattan,4,,211,40,40.0000,34,106,true,0.1035,40.0000
E9,weighted,4165,25,50,30,0,482,greedy,manhattan,4,,25,72,72.0000,26,52,true,0.0138,40.0000
E9,weighted,4284,25,50,30,0,462,swarm,manhattan,4,1,121,35,35.0000,30,86,true,0.0594,35.0000
E9,weighted,4284,25,50,30,0,462,convergent_swarm,manhattan,4,1,121,35,35.0000,30,86,true,0.0538,35.0000
E9,weighted,4284,25,50,30,0,462,swarm,manhattan,4,1.5,35,35,35.0000,30,53,true,0.0196,35.0000
E9,weighted,4284,25,50,30,0,462,convergent_swarm,manhattan,4,1.5,35,35,35.0000,30,53,true,0.0180,35.0000
E9,weighted,4284,25,50,30,0,462,swarm,manhattan,4,2,33,35,35.0000,30,53,true,0.0174,35.0000
E9,weighted,4284,25,50,30,0,462,convergent_swarm,manhattan,4,2,33,35,35.0000,30,53,true,0.0173,35.0000
E9,weighted,4284,25,50,30,0,462,swarm,manhattan,4,3,39,37,37.0000,32,60,true,0.0198,35.0000
E9,weighted,4284,25,50,30,0,462,convergent_swarm,manhattan,4,3,39,37,37.0000,32,60,true,0.0289,35.0000
E9,weighted,4284,25,50,30,0,462,swarm,manhattan,4,5,25,58,58.0000,26,52,true,0.0197,35.0000
E9,weighted,4284,25,50,30,0,462,convergent_swarm,manhattan,4,5,25,58,58.0000,26,52,true,0.0220,35.0000
E9,weighted,4284,25,50,30,0,462,swarm,manhattan,4,7,25,58,58.0000,26,52,true,0.0224,35.0000
E9,weighted,4284,25,50,30,0,462,convergent_swarm,manhattan,4,7,25,58,58.0000,26,52,true,0.0228,35.0000
E9,weighted,4284,25,50,30,0,462,swarm,manhattan,4,10,25,58,58.0000,26,52,true,0.0201,35.0000
E9,weighted,4284,25,50,30,0,462,convergent_swarm,manhattan,4,10,25,58,58.0000,26,52,true,0.0204,35.0000
E9,weighted,4284,25,50,30,0,462,bfs,manhattan,4,,793,25,58.0000,26,50,true,0.2925,35.0000
E9,weighted,4284,25,50,30,0,462,dijkstra,manhattan,4,,817,35,35.0000,32,107,true,0.3678,35.0000
E9,weighted,4284,25,50,30,0,462,a_star,manhattan,4,,121,35,35.0000,30,86,true,0.0573,35.0000
E9,weighted,4284,25,50,30,0,462,greedy,manhattan,4,,25,58,58.0000,26,52,true,0.0145,35.0000
E9,weighted,5077,25,50,30,0,350,swarm,manhattan,4,1,94,32,32.0000,32,69,true,0.0740,32.0000
E9,weighted,5077,25,50,30,0,350,convergent_swarm,manhattan,4,1,94,32,32.0000,32,69,true,0.0621,32.0000
E9,weighted,5077,25,50,30,0,350,swarm,manhattan,4,1.5,47,32,32.0000,32,69,true,0.0363,32.0000
E9,weighted,5077,25,50,30,0,350,convergent_swarm,manhattan,4,1.5,47,32,32.0000,32,69,true,0.0331,32.0000
E9,weighted,5077,25,50,30,0,350,swarm,manhattan,4,2,30,33,33.0000,30,52,true,0.0269,32.0000
E9,weighted,5077,25,50,30,0,350,convergent_swarm,manhattan,4,2,30,33,33.0000,30,52,true,0.0238,32.0000
E9,weighted,5077,25,50,30,0,350,swarm,manhattan,4,3,27,39,39.0000,28,52,true,0.0243,32.0000
E9,weighted,5077,25,50,30,0,350,convergent_swarm,manhattan,4,3,27,39,39.0000,28,52,true,0.0225,32.0000
E9,weighted,5077,25,50,30,0,350,swarm,manhattan,4,5,25,44,44.0000,26,52,true,0.0213,32.0000
E9,weighted,5077,25,50,30,0,350,convergent_swarm,manhattan,4,5,25,44,44.0000,26,52,true,0.0212,32.0000
E9,weighted,5077,25,50,30,0,350,swarm,manhattan,4,7,25,44,44.0000,26,52,true,0.0223,32.0000
E9,weighted,5077,25,50,30,0,350,convergent_swarm,manhattan,4,7,25,44,44.0000,26,52,true,0.0214,32.0000
E9,weighted,5077,25,50,30,0,350,swarm,manhattan,4,10,25,44,44.0000,26,52,true,0.0262,32.0000
E9,weighted,5077,25,50,30,0,350,convergent_swarm,manhattan,4,10,25,44,44.0000,26,52,true,0.0226,32.0000
E9,weighted,5077,25,50,30,0,350,bfs,manhattan,4,,793,25,44.0000,26,50,true,0.2799,32.0000
E9,weighted,5077,25,50,30,0,350,dijkstra,manhattan,4,,858,32,32.0000,30,109,true,0.8741,32.0000
E9,weighted,5077,25,50,30,0,350,a_star,manhattan,4,,94,32,32.0000,32,69,true,0.0464,32.0000
E9,weighted,5077,25,50,30,0,350,greedy,manhattan,4,,25,44,44.0000,26,52,true,0.0145,32.0000
E9,weighted,5172,25,50,30,0,442,swarm,manhattan,4,1,148,36,36.0000,36,95,true,0.0805,36.0000
E9,weighted,5172,25,50,30,0,442,convergent_swarm,manhattan,4,1,148,36,36.0000,36,95,true,0.0642,36.0000
E9,weighted,5172,25,50,30,0,442,swarm,manhattan,4,1.5,104,39,39.0000,34,81,true,0.0513,36.0000
E9,weighted,5172,25,50,30,0,442,convergent_swarm,manhattan,4,1.5,104,39,39.0000,34,81,true,0.0485,36.0000
E9,weighted,5172,25,50,30,0,442,swarm,manhattan,4,2,71,39,39.0000,34,70,true,0.0361,36.0000
E9,weighted,5172,25,50,30,0,442,convergent_swarm,manhattan,4,2,71,39,39.0000,34,70,true,0.0344,36.0000
E9,weighted,5172,25,50,30,0,442,swarm,manhattan,4,3,44,58,58.0000,30,61,true,0.0218,36.0000
E9,weighted,5172,25,50,30,0,442,convergent_swarm,manhattan,4,3,44,58,58.0000,30,61,true,0.0211,36.0000
E9,weighted,5172,25,50,30,0,442,swarm,manhattan,4,5,28,63,63.0000,28,54,true,0.0152,36.0000
E9,weighted,5172,25,50,30,0,442,convergent_swarm,manhattan,4,5,28,63,63.0000,28,54,true,0.0131,36.0000
E9,weighted,5172,25,50,30,0,442,swarm,manhattan,4,7,25,69,69.0000,26,52,true,0.0138,36.0000
E9,weighted,5172,25,50,30,0,442,convergent_swarm,manhattan,4,7,25,69,69.0000,26,52,true,0.0135,36.0000
E9,weighted,5172,25,50,30,0,442,swarm,manhattan,4,10,25,69,69.0000,26,52,true,0.0128,36.0000
E9,weighted,5172,25,50,30,0,442,convergent_swarm,manhattan,4,10,25,69,69.0000,26,52,true,0.0127,36.0000
E9,weighted,5172,25,50,30,0,442,bfs,manhattan,4,,793,25,69.0000,26,50,true,0.2432,36.0000
E9,weighted,5172,25,50,30,0,442,dijkstra,manhattan,4,,830,36,36.0000,36,111,true,0.4076,36.0000
E9,weighted,5172,25,50,30,0,442,a_star,manhattan,4,,148,36,36.0000,36,95,true,0.0697,36.0000
E9,weighted,5172,25,50,30,0,442,greedy,manhattan,4,,25,69,69.0000,26,52,true,0.0149,36.0000
E9,weighted,5291,25,50,30,0,344,swarm,manhattan,4,1,127,34,34.0000,32,83,true,0.0633,34.0000
E9,weighted,5291,25,50,30,0,344,convergent_swarm,manhattan,4,1,127,34,34.0000,32,83,true,0.0560,34.0000
E9,weighted,5291,25,50,30,0,344,swarm,manhattan,4,1.5,49,35,35.0000,30,59,true,0.0245,34.0000
E9,weighted,5291,25,50,30,0,344,convergent_swarm,manhattan,4,1.5,49,35,35.0000,30,59,true,0.0244,34.0000
E9,weighted,5291,25,50,30,0,344,swarm,manhattan,4,2,41,41,41.0000,30,57,true,0.0207,34.0000
E9,weighted,5291,25,50,30,0,344,convergent_swarm,manhattan,4,2,41,41,41.0000,30,57,true,0.0185,34.0000
E9,weighted,5291,25,50,30,0,344,swarm,manhattan,4,3,33,41,41.0000,30,54,true,0.0167,34.0000
E9,weighted,5291,25,50,30,0,344,convergent_swarm,manhattan,4,3,33,41,41.0000,30,54,true,0.0160,34.0000
E9,weighted,5291,25,50,30,0,344,swarm,manhattan,4,5,25,60,60.0000,26,52,true,0.0146,34.0000
E9,weighted,5291,25,50,30,0,344,convergent_swarm,manhattan,4,5,25,60,60.0000,26,52,true,0.0134,34.0000
E9,weighted,5291,25,50,30,0,344,swarm,manhattan,4,7,25,60,60.0000,26,52,true,0.0134,34.0000
E9,weighted,5291,25,50,30,0,344,convergent_swarm,manhattan,4,7,25,60,60.0000,26,52,true,0.0137,34.0000
E9,weighted,5291,25,50,30,0,344,swarm,manhattan,4,10,25,60,60.0000,26,52,true,0.0134,34.0000
E9,weighted,5291,25,50,30,0,344,convergent_swarm,manhattan,4,10,25,60,60.0000,26,52,true,0.0129,34.0000
E9,weighted,5291,25,50,30,0,344,bfs,manhattan,4,,793,25,60.0000,26,50,true,0.2409,34.0000
E9,weighted,5291,25,50,30,0,344,dijkstra,manhattan,4,,845,34,34.0000,32,99,true,0.3778,34.0000
E9,weighted,5291,25,50,30,0,344,a_star,manhattan,4,,127,34,34.0000,32,83,true,0.0583,34.0000
E9,weighted,5291,25,50,30,0,344,greedy,manhattan,4,,25,60,60.0000,26,52,true,0.0141,34.0000
E9,maze,42,25,50,30,673,0,swarm,manhattan,4,1,167,145,145.0000,146,4,true,0.0446,145.0000
E9,maze,42,25,50,30,673,0,convergent_swarm,manhattan,4,1,167,145,145.0000,146,4,true,0.0423,145.0000
E9,maze,42,25,50,30,673,0,swarm,manhattan,4,1.5,162,145,145.0000,146,4,true,0.0437,145.0000
E9,maze,42,25,50,30,673,0,convergent_swarm,manhattan,4,1.5,162,145,145.0000,146,4,true,0.0437,145.0000
E9,maze,42,25,50,30,673,0,swarm,manhattan,4,2,154,145,145.0000,146,5,true,0.0423,145.0000
E9,maze,42,25,50,30,673,0,convergent_swarm,manhattan,4,2,154,145,145.0000,146,5,true,0.0437,145.0000
E9,maze,42,25,50,30,673,0,swarm,manhattan,4,3,148,145,145.0000,146,6,true,0.0383,145.0000
E9,maze,42,25,50,30,673,0,convergent_swarm,manhattan,4,3,148,145,145.0000,146,6,true,0.0380,145.0000
E9,maze,42,25,50,30,673,0,swarm,manhattan,4,5,146,145,145.0000,146,7,true,0.0381,145.0000
E9,maze,42,25,50,30,673,0,convergent_swarm,manhattan,4,5,146,145,145.0000,146,7,true,0.0384,145.0000
E9,maze,42,25,50,30,673,0,swarm,manhattan,4,7,145,145,145.0000,146,7,true,0.0374,145.0000
E9,maze,42,25,50,30,673,0,convergent_swarm,manhattan,4,7,145,145,145.0000,146,7,true,0.0377,145.0000
E9,maze,42,25,50,30,673,0,swarm,manhattan,4,10,145,145,145.0000,146,7,true,0.0334,145.0000
E9,maze,42,25,50,30,673,0,convergent_swarm,manhattan,4,10,145,145,145.0000,146,7,true,0.0343,145.0000
E9,maze,42,25,50,30,673,0,bfs,manhattan,4,,255,145,145.0000,146,7,true,0.0611,145.0000
E9,maze,42,25,50,30,673,0,dijkstra,manhattan,4,,254,145,145.0000,146,7,true,0.0682,145.0000
E9,maze,42,25,50,30,673,0,a_star,manhattan,4,,167,145,145.0000,146,4,true,0.0864,145.0000
E9,maze,42,25,50,30,673,0,greedy,manhattan,4,,145,145,145.0000,146,7,true,0.0999,145.0000
E9,maze,137,25,50,30,673,0,swarm,manhattan,4,1,236,193,193.0000,194,5,true,0.0959,193.0000
E9,maze,137,25,50,30,673,0,convergent_swarm,manhattan,4,1,236,193,193.0000,194,5,true,0.0925,193.0000
E9,maze,137,25,50,30,673,0,swarm,manhattan,4,1.5,234,193,193.0000,194,5,true,0.0833,193.0000
E9,maze,137,25,50,30,673,0,convergent_swarm,manhattan,4,1.5,234,193,193.0000,194,5,true,0.0829,193.0000
E9,maze,137,25,50,30,673,0,swarm,manhattan,4,2,234,193,193.0000,194,5,true,0.0909,193.0000
E9,maze,137,25,50,30,673,0,convergent_swarm,manhattan,4,2,234,193,193.0000,194,5,true,0.0573,193.0000
E9,maze,137,25,50,30,673,0,swarm,manhattan,4,3,218,193,193.0000,194,6,true,0.0524,193.0000
E9,maze,137,25,50,30,673,0,convergent_swarm,manhattan,4,3,218,193,193.0000,194,6,true,0.0459,193.0000
E9,maze,137,25,50,30,673,0,swarm,manhattan,4,5,209,193,193.0000,194,7,true,0.0498,193.0000
E9,maze,137,25,50,30,673,0,convergent_swarm,manhattan,4,5,209,193,193.0000,194,7,true,0.0541,193.0000
E9,maze,137,25,50,30,673,0,swarm,manhattan,4,7,205,193,193.0000,194,8,true,0.0511,193.0000
E9,maze,137,25,50,30,673,0,convergent_swarm,manhattan,4,7,205,193,193.0000,194,8,true,0.0500,193.0000
E9,maze,137,25,50,30,673,0,swarm,manhattan,4,10,205,193,193.0000,194,8,true,0.0601,193.0000
E9,maze,137,25,50,30,673,0,convergent_swarm,manhattan,4,10,205,193,193.0000,194,8,true,0.0556,193.0000
E9,maze,137,25,50,30,673,0,bfs,manhattan,4,,253,193,193.0000,194,5,true,0.0571,193.0000
E9,maze,137,25,50,30,673,0,dijkstra,manhattan,4,,252,193,193.0000,194,4,true,0.0640,193.0000
E9,maze,137,25,50,30,673,0,a_star,manhattan,4,,236,193,193.0000,194,5,true,0.0598,193.0000
E9,maze,137,25,50,30,673,0,greedy,manhattan,4,,203,193,193.0000,194,8,true,0.0509,193.0000
E9,maze,256,25,50,30,673,0,swarm,manhattan,4,1,320,213,213.0000,214,5,true,0.0865,213.0000
E9,maze,256,25,50,30,673,0,convergent_swarm,manhattan,4,1,320,213,213.0000,214,5,true,0.0840,213.0000
E9,maze,256,25,50,30,673,0,swarm,manhattan,4,1.5,283,213,213.0000,214,7,true,0.0771,213.0000
E9,maze,256,25,50,30,673,0,convergent_swarm,manhattan,4,1.5,283,213,213.0000,214,7,true,0.1178,213.0000
E9,maze,256,25,50,30,673,0,swarm,manhattan,4,2,256,213,213.0000,214,8,true,0.0987,213.0000
E9,maze,256,25,50,30,673,0,convergent_swarm,manhattan,4,2,256,213,213.0000,214,8,true,0.0700,213.0000
E9,maze,256,25,50,30,673,0,swarm,manhattan,4,3,246,213,213.0000,214,8,true,0.0619,213.0000
E9,maze,256,25,50,30,673,0,convergent_swarm,manhattan,4,3,246,213,213.0000,214,8,true,0.0610,213.0000
E9,maze,256,25,50,30,673,0,swarm,manhattan,4,5,243,213,213.0000,214,8,true,0.0620,213.0000
E9,maze,256,25,50,30,673,0,convergent_swarm,manhattan,4,5,243,213,213.0000,214,8,true,0.0609,213.0000
E9,maze,256,25,50,30,673,0,swarm,manhattan,4,7,234,213,213.0000,214,8,true,0.0576,213.0000
E9,maze,256,25,50,30,673,0,convergent_swarm,manhattan,4,7,234,213,213.0000,214,8,true,0.0556,213.0000
E9,maze,256,25,50,30,673,0,swarm,manhattan,4,10,233,213,213.0000,214,8,true,0.0560,213.0000
E9,maze,256,25,50,30,673,0,convergent_swarm,manhattan,4,10,233,213,213.0000,214,8,true,0.0586,213.0000
E9,maze,256,25,50,30,673,0,bfs,manhattan,4,,387,213,213.0000,214,6,true,0.0841,213.0000
E9,maze,256,25,50,30,673,0,dijkstra,manhattan,4,,387,213,213.0000,214,6,true,0.1054,213.0000
E9,maze,256,25,50,30,673,0,a_star,manhattan,4,,320,213,213.0000,214,5,true,0.0848,213.0000
E9,maze,256,25,50,30,673,0,greedy,manhattan,4,,225,213,213.0000,214,9,true,0.0572,213.0000
E9,maze,1049,25,50,30,673,0,swarm,manhattan,4,1,166,149,149.0000,150,7,true,0.0429,149.0000
E9,maze,1049,25,50,30,673,0,convergent_swarm,manhattan,4,1,166,149,149.0000,150,7,true,0.0423,149.0000
E9,maze,1049,25,50,30,673,0,swarm,manhattan,4,1.5,156,149,149.0000,150,6,true,0.0402,149.0000
E9,maze,1049,25,50,30,673,0,convergent_swarm,manhattan,4,1.5,156,149,149.0000,150,6,true,0.0399,149.0000
E9,maze,1049,25,50,30,673,0,swarm,manhattan,4,2,150,149,149.0000,150,7,true,0.0385,149.0000
E9,maze,1049,25,50,30,673,0,convergent_swarm,manhattan,4,2,150,149,149.0000,150,7,true,0.0388,149.0000
E9,maze,1049,25,50,30,673,0,swarm,manhattan,4,3,149,149,149.0000,150,7,true,0.0365,149.0000
E9,maze,1049,25,50,30,673,0,convergent_swarm,manhattan,4,3,149,149,149.0000,150,7,true,0.0363,149.0000
E9,maze,1049,25,50,30,673,0,swarm,manhattan,4,5,149,149,149.0000,150,7,true,0.0361,149.0000
E9,maze,1049,25,50,30,673,0,convergent_swarm,manhattan,4,5,149,149,149.0000,150,7,true,0.0358,149.0000
E9,maze,1049,25,50,30,673,0,swarm,manhattan,4,7,149,149,149.0000,150,7,true,0.0346,149.0000
E9,maze,1049,25,50,30,673,0,convergent_swarm,manhattan,4,7,149,149,149.0000,150,7,true,0.0358,149.0000
E9,maze,1049,25,50,30,673,0,swarm,manhattan,4,10,149,149,149.0000,150,7,true,0.0363,149.0000
E9,maze,1049,25,50,30,673,0,convergent_swarm,manhattan,4,10,149,149,149.0000,150,7,true,0.0447,149.0000
E9,maze,1049,25,50,30,673,0,bfs,manhattan,4,,207,149,149.0000,150,5,true,0.0467,149.0000
E9,maze,1049,25,50,30,673,0,dijkstra,manhattan,4,,204,149,149.0000,150,5,true,0.0511,149.0000
E9,maze,1049,25,50,30,673,0,a_star,manhattan,4,,166,149,149.0000,150,7,true,0.0433,149.0000
E9,maze,1049,25,50,30,673,0,greedy,manhattan,4,,149,149,149.0000,150,7,true,0.0389,149.0000
E9,maze,1144,25,50,30,673,0,swarm,manhattan,4,1,295,189,189.0000,190,5,true,0.0824,189.0000
E9,maze,1144,25,50,30,673,0,convergent_swarm,manhattan,4,1,295,189,189.0000,190,5,true,0.0808,189.0000
E9,maze,1144,25,50,30,673,0,swarm,manhattan,4,1.5,281,189,189.0000,190,6,true,0.0804,189.0000
E9,maze,1144,25,50,30,673,0,convergent_swarm,manhattan,4,1.5,281,189,189.0000,190,6,true,0.0741,189.0000
E9,maze,1144,25,50,30,673,0,swarm,manhattan,4,2,280,189,189.0000,190,7,true,0.0764,189.0000
E9,maze,1144,25,50,30,673,0,convergent_swarm,manhattan,4,2,280,189,189.0000,190,7,true,0.0750,189.0000
E9,maze,1144,25,50,30,673,0,swarm,manhattan,4,3,281,189,189.0000,190,7,true,0.0751,189.0000
E9,maze,1144,25,50,30,673,0,convergent_swarm,manhattan,4,3,281,189,189.0000,190,7,true,0.0726,189.0000
E9,maze,1144,25,50,30,673,0,swarm,manhattan,4,5,269,189,189.0000,190,9,true,0.1071,189.0000
E9,maze,1144,25,50,30,673,0,convergent_swarm,manhattan,4,5,269,189,189.0000,190,9,true,0.1288,189.0000
E9,maze,1144,25,50,30,673,0,swarm,manhattan,4,7,234,189,189.0000,190,7,true,0.0909,189.0000
E9,maze,1144,25,50,30,673,0,convergent_swarm,manhattan,4,7,234,189,189.0000,190,7,true,0.0983,189.0000
E9,maze,1144,25,50,30,673,0,swarm,manhattan,4,10,232,189,189.0000,190,7,true,0.0927,189.0000
E9,maze,1144,25,50,30,673,0,convergent_swarm,manhattan,4,10,232,189,189.0000,190,7,true,0.0846,189.0000
E9,maze,1144,25,50,30,673,0,bfs,manhattan,4,,332,189,189.0000,190,5,true,0.1139,189.0000
E9,maze,1144,25,50,30,673,0,dijkstra,manhattan,4,,332,189,189.0000,190,4,true,0.1347,189.0000
E9,maze,1144,25,50,30,673,0,a_star,manhattan,4,,295,189,189.0000,190,5,true,0.0862,189.0000
E9,maze,1144,25,50,30,673,0,greedy,manhattan,4,,230,189,189.0000,190,7,true,0.0607,189.0000
E9,maze,1263,25,50,30,673,0,swarm,manhattan,4,1,464,353,353.0000,354,7,true,0.1442,353.0000
E9,maze,1263,25,50,30,673,0,convergent_swarm,manhattan,4,1,464,353,353.0000,354,7,true,0.1212,353.0000
E9,maze,1263,25,50,30,673,0,swarm,manhattan,4,1.5,444,353,353.0000,354,8,true,0.1186,353.0000
E9,maze,1263,25,50,30,673,0,convergent_swarm,manhattan,4,1.5,444,353,353.0000,354,8,true,0.1257,353.0000
E9,maze,1263,25,50,30,673,0,swarm,manhattan,4,2,422,353,353.0000,354,10,true,0.1084,353.0000
E9,maze,1263,25,50,30,673,0,convergent_swarm,manhattan,4,2,422,353,353.0000,354,10,true,0.1073,353.0000
E9,maze,1263,25,50,30,673,0,swarm,manhattan,4,3,424,353,353.0000,354,11,true,0.1089,353.0000
E9,maze,1263,25,50,30,673,0,convergent_swarm,manhattan,4,3,424,353,353.0000,354,11,true,0.1057,353.0000
E9,maze,1263,25,50,30,673,0,swarm,manhattan,4,5,422,353,353.0000,354,12,true,0.1160,353.0000
E9,maze,1263,25,50,30,673,0,convergent_swarm,manhattan,4,5,422,353,353.0000,354,12,true,0.1218,353.0000
E9,maze,1263,25,50,30,673,0,swarm,manhattan,4,7,423,353,353.0000,354,12,true,0.1151,353.0000
E9,maze,1263,25,50,30,673,0,convergent_swarm,manhattan,4,7,423,353,353.0000,354,12,true,0.1046,353.0000
E9,maze,1263,25,50,30,673,0,swarm,manhattan,4,10,421,353,353.0000,354,11,true,0.1070,353.0000
E9,maze,1263,25,50,30,673,0,convergent_swarm,manhattan,4,10,421,353,353.0000,354,11,true,0.1069,353.0000
E9,maze,1263,25,50,30,673,0,bfs,manhattan,4,,482,353,353.0000,354,6,true,0.1045,353.0000
E9,maze,1263,25,50,30,673,0,dijkstra,manhattan,4,,480,353,353.0000,354,6,true,0.1206,353.0000
E9,maze,1263,25,50,30,673,0,a_star,manhattan,4,,464,353,353.0000,354,7,true,0.1180,353.0000
E9,maze,1263,25,50,30,673,0,greedy,manhattan,4,,420,353,353.0000,354,12,true,0.1095,353.0000
E9,maze,2056,25,50,30,673,0,swarm,manhattan,4,1,168,137,137.0000,138,4,true,0.0449,137.0000
E9,maze,2056,25,50,30,673,0,convergent_swarm,manhattan,4,1,168,137,137.0000,138,4,true,0.0424,137.0000
E9,maze,2056,25,50,30,673,0,swarm,manhattan,4,1.5,167,137,137.0000,138,4,true,0.0470,137.0000
E9,maze,2056,25,50,30,673,0,convergent_swarm,manhattan,4,1.5,167,137,137.0000,138,4,true,0.0444,137.0000
E9,maze,2056,25,50,30,673,0,swarm,manhattan,4,2,150,137,137.0000,138,8,true,0.0432,137.0000
E9,maze,2056,25,50,30,673,0,convergent_swarm,manhattan,4,2,150,137,137.0000,138,8,true,0.0403,137.0000
E9,maze,2056,25,50,30,673,0,swarm,manhattan,4,3,148,137,137.0000,138,8,true,0.0401,137.0000
E9,maze,2056,25,50,30,673,0,convergent_swarm,manhattan,4,3,148,137,137.0000,138,8,true,0.0358,137.0000
E9,maze,2056,25,50,30,673,0,swarm,manhattan,4,5,143,137,137.0000,138,9,true,0.0446,137.0000
E9,maze,2056,25,50,30,673,0,convergent_swarm,manhattan,4,5,143,137,137.0000,138,9,true,0.0359,137.0000
E9,maze,2056,25,50,30,673,0,swarm,manhattan,4,7,143,137,137.0000,138,9,true,0.0321,137.0000
E9,maze,2056,25,50,30,673,0,convergent_swarm,manhattan,4,7,143,137,137.0000,138,9,true,0.0364,137.0000
E9,maze,2056,25,50,30,673,0,swarm,manhattan,4,10,141,137,137.0000,138,9,true,0.0363,137.0000
E9,maze,2056,25,50,30,673,0,convergent_swarm,manhattan,4,10,141,137,137.0000,138,9,true,0.0357,137.0000
E9,maze,2056,25,50,30,673,0,bfs,manhattan,4,,174,137,137.0000,138,4,true,0.0377,137.0000
E9,maze,2056,25,50,30,673,0,dijkstra,manhattan,4,,172,137,137.0000,138,3,true,0.0437,137.0000
E9,maze,2056,25,50,30,673,0,a_star,manhattan,4,,168,137,137.0000,138,4,true,0.0432,137.0000
E9,maze,2056,25,50,30,673,0,greedy,manhattan,4,,141,137,137.0000,138,9,true,0.0389,137.0000
E9,maze,2151,25,50,30,673,0,swarm,manhattan,4,1,150,145,145.0000,146,4,true,0.0381,145.0000
E9,maze,2151,25,50,30,673,0,convergent_swarm,manhattan,4,1,150,145,145.0000,146,4,true,0.0369,145.0000
E9,maze,2151,25,50,30,673,0,swarm,manhattan,4,1.5,148,145,145.0000,146,4,true,0.0382,145.0000
E9,maze,2151,25,50,30,673,0,convergent_swarm,manhattan,4,1.5,148,145,145.0000,146,4,true,0.0525,145.0000
E9,maze,2151,25,50,30,673,0,swarm,manhattan,4,2,147,145,145.0000,146,4,true,0.1214,145.0000
E9,maze,2151,25,50,30,673,0,convergent_swarm,manhattan,4,2,147,145,145.0000,146,4,true,0.1126,145.0000
E9,maze,2151,25,50,30,673,0,swarm,manhattan,4,3,146,145,145.0000,146,5,true,0.0641,145.0000
E9,maze,2151,25,50,30,673,0,convergent_swarm,manhattan,4,3,146,145,145.0000,146,5,true,0.0664,145.0000
E9,maze,2151,25,50,30,673,0,swarm,manhattan,4,5,145,145,145.0000,146,5,true,0.0689,145.0000
E9,maze,2151,25,50,30,673,0,convergent_swarm,manhattan,4,5,145,145,145.0000,146,5,true,0.0547,145.0000
E9,maze,2151,25,50,30,673,0,swarm,manhattan,4,7,145,145,145.0000,146,5,true,0.0557,145.0000
E9,maze,2151,25,50,30,673,0,convergent_swarm,manhattan,4,7,145,145,145.0000,146,5,true,0.6826,145.0000
E9,maze,2151,25,50,30,673,0,swarm,manhattan,4,10,145,145,145.0000,146,5,true,0.0579,145.0000
E9,maze,2151,25,50,30,673,0,convergent_swarm,manhattan,4,10,145,145,145.0000,146,5,true,0.0383,145.0000
E9,maze,2151,25,50,30,673,0,bfs,manhattan,4,,168,145,145.0000,146,4,true,0.0376,145.0000
E9,maze,2151,25,50,30,673,0,dijkstra,manhattan,4,,168,145,145.0000,146,4,true,0.0436,145.0000
E9,maze,2151,25,50,30,673,0,a_star,manhattan,4,,150,145,145.0000,146,4,true,0.0388,145.0000
E9,maze,2151,25,50,30,673,0,greedy,manhattan,4,,145,145,145.0000,146,5,true,0.0406,145.0000
E9,maze,2270,25,50,30,673,0,swarm,manhattan,4,1,483,253,253.0000,254,6,true,0.1475,253.0000
E9,maze,2270,25,50,30,673,0,convergent_swarm,manhattan,4,1,483,253,253.0000,254,6,true,0.1239,253.0000
E9,maze,2270,25,50,30,673,0,swarm,manhattan,4,1.5,434,253,253.0000,254,6,true,0.1196,253.0000
E9,maze,2270,25,50,30,673,0,convergent_swarm,manhattan,4,1.5,434,253,253.0000,254,6,true,0.1191,253.0000
E9,maze,2270,25,50,30,673,0,swarm,manhattan,4,2,375,253,253.0000,254,6,true,0.1014,253.0000
E9,maze,2270,25,50,30,673,0,convergent_swarm,manhattan,4,2,375,253,253.0000,254,6,true,0.1206,253.0000
E9,maze,2270,25,50,30,673,0,swarm,manhattan,4,3,341,253,253.0000,254,7,true,0.1053,253.0000
E9,maze,2270,25,50,30,673,0,convergent_swarm,manhattan,4,3,341,253,253.0000,254,7,true,0.0986,253.0000
E9,maze,2270,25,50,30,673,0,swarm,manhattan,4,5,328,253,253.0000,254,7,true,0.1318,253.0000
E9,maze,2270,25,50,30,673,0,convergent_swarm,manhattan,4,5,328,253,253.0000,254,7,true,0.1002,253.0000
E9,maze,2270,25,50,30,673,0,swarm,manhattan,4,7,320,253,253.0000,254,7,true,0.0889,253.0000
E9,maze,2270,25,50,30,673,0,convergent_swarm,manhattan,4,7,320,253,253.0000,254,7,true,0.0871,253.0000
E9,maze,2270,25,50,30,673,0,swarm,manhattan,4,10,313,253,253.0000,254,8,true,0.0865,253.0000
E9,maze,2270,25,50,30,673,0,convergent_swarm,manhattan,4,10,313,253,253.0000,254,8,true,0.0876,253.0000
E9,maze,2270,25,50,30,673,0,bfs,manhattan,4,,566,253,253.0000,254,6,true,0.1369,253.0000
E9,maze,2270,25,50,30,673,0,dijkstra,manhattan,4,,566,253,253.0000,254,5,true,0.1571,253.0000
E9,maze,2270,25,50,30,673,0,a_star,manhattan,4,,483,253,253.0000,254,6,true,0.1281,253.0000
E9,maze,2270,25,50,30,673,0,greedy,manhattan,4,,297,253,253.0000,254,8,true,0.0818,253.0000
E9,maze,3063,25,50,30,673,0,swarm,manhattan,4,1,272,185,185.0000,186,5,true,0.0759,185.0000
E9,maze,3063,25,50,30,673,0,convergent_swarm,manhattan,4,1,272,185,185.0000,186,5,true,0.0736,185.0000
E9,maze,3063,25,50,30,673,0,swarm,manhattan,4,1.5,253,185,185.0000,186,7,true,0.0718,185.0000
E9,maze,3063,25,50,30,673,0,convergent_swarm,manhattan,4,1.5,253,185,185.0000,186,7,true,0.0680,185.0000
E9,maze,3063,25,50,30,673,0,swarm,manhattan,4,2,211,185,185.0000,186,6,true,0.0533,185.0000
E9,maze,3063,25,50,30,673,0,convergent_swarm,manhattan,4,2,211,185,185.0000,186,6,true,0.0617,185.0000
E9,maze,3063,25,50,30,673,0,swarm,manhattan,4,3,192,185,185.0000,186,7,true,0.0490,185.0000
E9,maze,3063,25,50,30,673,0,convergent_swarm,manhattan,4,3,192,185,185.0000,186,7,true,0.0484,185.0000
E9,maze,3063,25,50,30,673,0,swarm,manhattan,4,5,189,185,185.0000,186,8,true,0.0503,185.0000
E9,maze,3063,25,50,30,673,0,convergent_swarm,manhattan,4,5,189,185,185.0000,186,8,true,0.0483,185.0000
E9,maze,3063,25,50,30,673,0,swarm,manhattan,4,7,189,185,185.0000,186,8,true,0.0493,185.0000
E9,maze,3063,25,50,30,673,0,convergent_swarm,manhattan,4,7,189,185,185.0000,186,8,true,0.0473,185.0000
E9,maze,3063,25,50,30,673,0,swarm,manhattan,4,10,188,185,185.0000,186,9,true,0.0452,185.0000
E9,maze,3063,25,50,30,673,0,convergent_swarm,manhattan,4,10,188,185,185.0000,186,9,true,0.0474,185.0000
E9,maze,3063,25,50,30,673,0,bfs,manhattan,4,,286,185,185.0000,186,4,true,0.0688,185.0000
E9,maze,3063,25,50,30,673,0,dijkstra,manhattan,4,,286,185,185.0000,186,4,true,0.0772,185.0000
E9,maze,3063,25,50,30,673,0,a_star,manhattan,4,,272,185,185.0000,186,5,true,0.0755,185.0000
E9,maze,3063,25,50,30,673,0,greedy,manhattan,4,,187,185,185.0000,186,9,true,0.0476,185.0000
E9,maze,3158,25,50,30,673,0,swarm,manhattan,4,1,340,233,233.0000,234,5,true,0.1439,233.0000
E9,maze,3158,25,50,30,673,0,convergent_swarm,manhattan,4,1,340,233,233.0000,234,5,true,0.1809,233.0000
E9,maze,3158,25,50,30,673,0,swarm,manhattan,4,1.5,296,233,233.0000,234,7,true,0.0881,233.0000
E9,maze,3158,25,50,30,673,0,convergent_swarm,manhattan,4,1.5,296,233,233.0000,234,7,true,0.0884,233.0000
E9,maze,3158,25,50,30,673,0,swarm,manhattan,4,2,288,233,233.0000,234,7,true,0.0780,233.0000
E9,maze,3158,25,50,30,673,0,convergent_swarm,manhattan,4,2,288,233,233.0000,234,7,true,0.0709,233.0000
E9,maze,3158,25,50,30,673,0,swarm,manhattan,4,3,284,233,233.0000,234,7,true,0.0771,233.0000
E9,maze,3158,25,50,30,673,0,convergent_swarm,manhattan,4,3,284,233,233.0000,234,7,true,0.0795,233.0000
E9,maze,3158,25,50,30,673,0,swarm,manhattan,4,5,275,233,233.0000,234,7,true,0.0742,233.0000
E9,maze,3158,25,50,30,673,0,convergent_swarm,manhattan,4,5,275,233,233.0000,234,7,true,0.0743,233.0000
E9,maze,3158,25,50,30,673,0,swarm,manhattan,4,7,275,233,233.0000,234,7,true,0.0739,233.0000
E9,maze,3158,25,50,30,673,0,convergent_swarm,manhattan,4,7,275,233,233.0000,234,7,true,0.1138,233.0000
E9,maze,3158,25,50,30,673,0,swarm,manhattan,4,10,273,233,233.0000,234,8,true,0.0817,233.0000
E9,maze,3158,25,50,30,673,0,convergent_swarm,manhattan,4,10,273,233,233.0000,234,8,true,0.0771,233.0000
E9,maze,3158,25,50,30,673,0,bfs,manhattan,4,,370,233,233.0000,234,4,true,0.0818,233.0000
E9,maze,3158,25,50,30,673,0,dijkstra,manhattan,4,,368,233,233.0000,234,4,true,0.1003,233.0000
E9,maze,3158,25,50,30,673,0,a_star,manhattan,4,,340,233,233.0000,234,5,true,0.0937,233.0000
E9,maze,3158,25,50,30,673,0,greedy,manhattan,4,,261,233,233.0000,234,8,true,0.0752,233.0000
E9,maze,3277,25,50,30,673,0,swarm,manhattan,4,1,506,381,381.0000,382,5,true,0.1381,381.0000
E9,maze,3277,25,50,30,673,0,convergent_swarm,manhattan,4,1,506,381,381.0000,382,5,true,0.1364,381.0000
E9,maze,3277,25,50,30,673,0,swarm,manhattan,4,1.5,475,381,381.0000,382,6,true,0.1953,381.0000
E9,maze,3277,25,50,30,673,0,convergent_swarm,manhattan,4,1.5,475,381,381.0000,382,6,true,0.2358,381.0000
E9,maze,3277,25,50,30,673,0,swarm,manhattan,4,2,456,381,381.0000,382,8,true,0.2010,381.0000
E9,maze,3277,25,50,30,673,0,convergent_swarm,manhattan,4,2,456,381,381.0000,382,8,true,0.2012,381.0000
E9,maze,3277,25,50,30,673,0,swarm,manhattan,4,3,452,381,381.0000,382,8,true,0.1144,381.0000
E9,maze,3277,25,50,30,673,0,convergent_swarm,manhattan,4,3,452,381,381.0000,382,8,true,0.1192,381.0000
E9,maze,3277,25,50,30,673,0,swarm,manhattan,4,5,448,381,381.0000,382,8,true,0.1301,381.0000
E9,maze,3277,25,50,30,673,0,convergent_swarm,manhattan,4,5,448,381,381.0000,382,8,true,0.1264,381.0000
E9,maze,3277,25,50,30,673,0,swarm,manhattan,4,7,442,381,381.0000,382,10,true,0.1171,381.0000
E9,maze,3277,25,50,30,673,0,convergent_swarm,manhattan,4,7,442,381,381.0000,382,10,true,0.1170,381.0000
E9,maze,3277,25,50,30,673,0,swarm,manhattan,4,10,437,381,381.0000,382,11,true,0.1157,381.0000
E9,maze,3277,25,50,30,673,0,convergent_swarm,manhattan,4,10,437,381,381.0000,382,11,true,0.1093,381.0000
E9,maze,3277,25,50,30,673,0,bfs,manhattan,4,,554,381,381.0000,382,6,true,0.1180,381.0000
E9,maze,3277,25,50,30,673,0,dijkstra,manhattan,4,,553,381,381.0000,382,6,true,0.1495,381.0000
E9,maze,3277,25,50,30,673,0,a_star,manhattan,4,,506,381,381.0000,382,5,true,0.1282,381.0000
E9,maze,3277,25,50,30,673,0,greedy,manhattan,4,,435,381,381.0000,382,11,true,0.1100,381.0000
E9,maze,4070,25,50,30,673,0,swarm,manhattan,4,1,421,249,249.0000,250,9,true,0.1928,249.0000
E9,maze,4070,25,50,30,673,0,convergent_swarm,manhattan,4,1,421,249,249.0000,250,9,true,0.1944,249.0000
E9,maze,4070,25,50,30,673,0,swarm,manhattan,4,1.5,326,249,249.0000,250,9,true,0.1462,249.0000
E9,maze,4070,25,50,30,673,0,convergent_swarm,manhattan,4,1.5,326,249,249.0000,250,9,true,0.1213,249.0000
E9,maze,4070,25,50,30,673,0,swarm,manhattan,4,2,302,249,249.0000,250,9,true,0.0841,249.0000
E9,maze,4070,25,50,30,673,0,convergent_swarm,manhattan,4,2,302,249,249.0000,250,9,true,0.0774,249.0000
E9,maze,4070,25,50,30,673,0,swarm,manhattan,4,3,290,249,249.0000,250,9,true,0.0751,249.0000
E9,maze,4070,25,50,30,673,0,convergent_swarm,manhattan,4,3,290,249,249.0000,250,9,true,0.0766,249.0000
E9,maze,4070,25,50,30,673,0,swarm,manhattan,4,5,269,249,249.0000,250,9,true,0.0822,249.0000
E9,maze,4070,25,50,30,673,0,convergent_swarm,manhattan,4,5,269,249,249.0000,250,9,true,0.0706,249.0000
E9,maze,4070,25,50,30,673,0,swarm,manhattan,4,7,268,249,249.0000,250,10,true,0.0700,249.0000
E9,maze,4070,25,50,30,673,0,convergent_swarm,manhattan,4,7,268,249,249.0000,250,10,true,0.0724,249.0000
E9,maze,4070,25,50,30,673,0,swarm,manhattan,4,10,267,249,249.0000,250,10,true,0.0714,249.0000
E9,maze,4070,25,50,30,673,0,convergent_swarm,manhattan,4,10,267,249,249.0000,250,10,true,0.0668,249.0000
E9,maze,4070,25,50,30,673,0,bfs,manhattan,4,,477,249,249.0000,250,5,true,0.1035,249.0000
E9,maze,4070,25,50,30,673,0,dijkstra,manhattan,4,,476,249,249.0000,250,5,true,0.1240,249.0000
E9,maze,4070,25,50,30,673,0,a_star,manhattan,4,,421,249,249.0000,250,9,true,0.1123,249.0000
E9,maze,4070,25,50,30,673,0,greedy,manhattan,4,,265,249,249.0000,250,11,true,0.0751,249.0000
E9,maze,4165,25,50,30,673,0,swarm,manhattan,4,1,448,277,277.0000,278,6,true,0.1213,277.0000
E9,maze,4165,25,50,30,673,0,convergent_swarm,manhattan,4,1,448,277,277.0000,278,6,true,0.1551,277.0000
E9,maze,4165,25,50,30,673,0,swarm,manhattan,4,1.5,433,277,277.0000,278,9,true,0.2003,277.0000
E9,maze,4165,25,50,30,673,0,convergent_swarm,manhattan,4,1.5,433,277,277.0000,278,9,true,0.1905,277.0000
E9,maze,4165,25,50,30,673,0,swarm,manhattan,4,2,430,277,277.0000,278,10,true,0.1794,277.0000
E9,maze,4165,25,50,30,673,0,convergent_swarm,manhattan,4,2,430,277,277.0000,278,10,true,0.1367,277.0000
E9,maze,4165,25,50,30,673,0,swarm,manhattan,4,3,430,277,277.0000,278,10,true,0.1133,277.0000
E9,maze,4165,25,50,30,673,0,convergent_swarm,manhattan,4,3,430,277,277.0000,278,10,true,0.1093,277.0000
E9,maze,4165,25,50,30,673,0,swarm,manhattan,4,5,428,277,277.0000,278,10,true,0.1088,277.0000
E9,maze,4165,25,50,30,673,0,convergent_swarm,manhattan,4,5,428,277,277.0000,278,10,true,0.1086,277.0000
E9,maze,4165,25,50,30,673,0,swarm,manhattan,4,7,427,277,277.0000,278,11,true,0.1090,277.0000
E9,maze,4165,25,50,30,673,0,convergent_swarm,manhattan,4,7,427,277,277.0000,278,11,true,0.1068,277.0000
E9,maze,4165,25,50,30,673,0,swarm,manhattan,4,10,422,277,277.0000,278,11,true,0.1072,277.0000
E9,maze,4165,25,50,30,673,0,convergent_swarm,manhattan,4,10,422,277,277.0000,278,11,true,0.1200,277.0000
E9,maze,4165,25,50,30,673,0,bfs,manhattan,4,,491,277,277.0000,278,4,true,0.1011,277.0000
E9,maze,4165,25,50,30,673,0,dijkstra,manhattan,4,,490,277,277.0000,278,4,true,0.1251,277.0000
E9,maze,4165,25,50,30,673,0,a_star,manhattan,4,,448,277,277.0000,278,6,true,0.1174,277.0000
E9,maze,4165,25,50,30,673,0,greedy,manhattan,4,,373,277,277.0000,278,11,true,0.1012,277.0000
E9,maze,4284,25,50,30,673,0,swarm,manhattan,4,1,259,177,177.0000,178,4,true,0.0724,177.0000
E9,maze,4284,25,50,30,673,0,convergent_swarm,manhattan,4,1,259,177,177.0000,178,4,true,0.0698,177.0000
E9,maze,4284,25,50,30,673,0,swarm,manhattan,4,1.5,256,177,177.0000,178,5,true,0.1856,177.0000
E9,maze,4284,25,50,30,673,0,convergent_swarm,manhattan,4,1.5,256,177,177.0000,178,5,true,0.1790,177.0000
E9,maze,4284,25,50,30,673,0,swarm,manhattan,4,2,227,177,177.0000,178,5,true,0.0984,177.0000
E9,maze,4284,25,50,30,673,0,convergent_swarm,manhattan,4,2,227,177,177.0000,178,5,true,0.0932,177.0000
E9,maze,4284,25,50,30,673,0,swarm,manhattan,4,3,192,177,177.0000,178,5,true,0.0789,177.0000
E9,maze,4284,25,50,30,673,0,convergent_swarm,manhattan,4,3,192,177,177.0000,178,5,true,0.0697,177.0000
E9,maze,4284,25,50,30,673,0,swarm,manhattan,4,5,182,177,177.0000,178,5,true,0.0691,177.0000
E9,maze,4284,25,50,30,673,0,convergent_swarm,manhattan,4,5,182,177,177.0000,178,5,true,0.0691,177.0000
E9,maze,4284,25,50,30,673,0,swarm,manhattan,4,7,181,177,177.0000,178,6,true,0.5040,177.0000
E9,maze,4284,25,50,30,673,0,convergent_swarm,manhattan,4,7,181,177,177.0000,178,6,true,0.0464,177.0000
E9,maze,4284,25,50,30,673,0,swarm,manhattan,4,10,178,177,177.0000,178,6,true,0.0466,177.0000
E9,maze,4284,25,50,30,673,0,convergent_swarm,manhattan,4,10,178,177,177.0000,178,6,true,0.0431,177.0000
E9,maze,4284,25,50,30,673,0,bfs,manhattan,4,,264,177,177.0000,178,5,true,0.0779,177.0000
E9,maze,4284,25,50,30,673,0,dijkstra,manhattan,4,,262,177,177.0000,178,5,true,0.0747,177.0000
E9,maze,4284,25,50,30,673,0,a_star,manhattan,4,,259,177,177.0000,178,4,true,0.0751,177.0000
E9,maze,4284,25,50,30,673,0,greedy,manhattan,4,,177,177,177.0000,178,6,true,0.0458,177.0000
E9,maze,5077,25,50,30,673,0,swarm,manhattan,4,1,325,237,237.0000,238,4,true,0.0866,237.0000
E9,maze,5077,25,50,30,673,0,convergent_swarm,manhattan,4,1,325,237,237.0000,238,4,true,0.0831,237.0000
E9,maze,5077,25,50,30,673,0,swarm,manhattan,4,1.5,324,237,237.0000,238,6,true,0.0883,237.0000
E9,maze,5077,25,50,30,673,0,convergent_swarm,manhattan,4,1.5,324,237,237.0000,238,6,true,0.0876,237.0000
E9,maze,5077,25,50,30,673,0,swarm,manhattan,4,2,316,237,237.0000,238,5,true,0.0844,237.0000
E9,maze,5077,25,50,30,673,0,convergent_swarm,manhattan,4,2,316,237,237.0000,238,5,true,0.0834,237.0000
E9,maze,5077,25,50,30,673,0,swarm,manhattan,4,3,275,237,237.0000,238,7,true,0.0738,237.0000
E9,maze,5077,25,50,30,673,0,convergent_swarm,manhattan,4,3,275,237,237.0000,238,7,true,0.0760,237.0000
E9,maze,5077,25,50,30,673,0,swarm,manhattan,4,5,269,237,237.0000,238,7,true,0.0718,237.0000
E9,maze,5077,25,50,30,673,0,convergent_swarm,manhattan,4,5,269,237,237.0000,238,7,true,0.0703,237.0000
E9,maze,5077,25,50,30,673,0,swarm,manhattan,4,7,268,237,237.0000,238,7,true,0.0703,237.0000
E9,maze,5077,25,50,30,673,0,convergent_swarm,manhattan,4,7,268,237,237.0000,238,7,true,0.0695,237.0000
E9,maze,5077,25,50,30,673,0,swarm,manhattan,4,10,266,237,237.0000,238,8,true,0.0754,237.0000
E9,maze,5077,25,50,30,673,0,convergent_swarm,manhattan,4,10,266,237,237.0000,238,8,true,0.0720,237.0000
E9,maze,5077,25,50,30,673,0,bfs,manhattan,4,,335,237,237.0000,238,4,true,0.0722,237.0000
E9,maze,5077,25,50,30,673,0,dijkstra,manhattan,4,,334,237,237.0000,238,4,true,0.0851,237.0000
E9,maze,5077,25,50,30,673,0,a_star,manhattan,4,,325,237,237.0000,238,4,true,0.0840,237.0000
E9,maze,5077,25,50,30,673,0,greedy,manhattan,4,,263,237,237.0000,238,8,true,0.0705,237.0000
E9,maze,5172,25,50,30,673,0,swarm,manhattan,4,1,226,161,161.0000,162,7,true,0.0587,161.0000
E9,maze,5172,25,50,30,673,0,convergent_swarm,manhattan,4,1,226,161,161.0000,162,7,true,0.0540,161.0000
E9,maze,5172,25,50,30,673,0,swarm,manhattan,4,1.5,203,161,161.0000,162,8,true,0.0551,161.0000
E9,maze,5172,25,50,30,673,0,convergent_swarm,manhattan,4,1.5,203,161,161.0000,162,8,true,0.0536,161.0000
E9,maze,5172,25,50,30,673,0,swarm,manhattan,4,2,195,161,161.0000,162,9,true,0.0513,161.0000
E9,maze,5172,25,50,30,673,0,convergent_swarm,manhattan,4,2,195,161,161.0000,162,9,true,0.0502,161.0000
E9,maze,5172,25,50,30,673,0,swarm,manhattan,4,3,178,161,161.0000,162,9,true,0.0452,161.0000
E9,maze,5172,25,50,30,673,0,convergent_swarm,manhattan,4,3,178,161,161.0000,162,9,true,0.0450,161.0000
E9,maze,5172,25,50,30,673,0,swarm,manhattan,4,5,172,161,161.0000,162,10,true,0.0439,161.0000
E9,maze,5172,25,50,30,673,0,convergent_swarm,manhattan,4,5,172,161,161.0000,162,10,true,0.0445,161.0000
E9,maze,5172,25,50,30,673,0,swarm,manhattan,4,7,171,161,161.0000,162,10,true,0.0439,161.0000
E9,maze,5172,25,50,30,673,0,convergent_swarm,manhattan,4,7,171,161,161.0000,162,10,true,0.0504,161.0000
E9,maze,5172,25,50,30,673,0,swarm,manhattan,4,10,171,161,161.0000,162,10,true,0.0437,161.0000
E9,maze,5172,25,50,30,673,0,convergent_swarm,manhattan,4,10,171,161,161.0000,162,10,true,0.0446,161.0000
E9,maze,5172,25,50,30,673,0,bfs,manhattan,4,,299,161,161.0000,162,5,true,0.0687,161.0000
E9,maze,5172,25,50,30,673,0,dijkstra,manhattan,4,,299,161,161.0000,162,4,true,0.0804,161.0000
E9,maze,5172,25,50,30,673,0,a_star,manhattan,4,,226,161,161.0000,162,7,true,0.0589,161.0000
E9,maze,5172,25,50,30,673,0,greedy,manhattan,4,,165,161,161.0000,162,10,true,0.0453,161.0000
E9,maze,5291,25,50,30,673,0,swarm,manhattan,4,1,464,317,317.0000,318,5,true,0.2162,317.0000
E9,maze,5291,25,50,30,673,0,convergent_swarm,manhattan,4,1,464,317,317.0000,318,5,true,0.1846,317.0000
E9,maze,5291,25,50,30,673,0,swarm,manhattan,4,1.5,451,317,317.0000,318,5,true,0.1884,317.0000
E9,maze,5291,25,50,30,673,0,convergent_swarm,manhattan,4,1.5,451,317,317.0000,318,5,true,0.1293,317.0000
E9,maze,5291,25,50,30,673,0,swarm,manhattan,4,2,445,317,317.0000,318,5,true,0.1160,317.0000
E9,maze,5291,25,50,30,673,0,convergent_swarm,manhattan,4,2,445,317,317.0000,318,5,true,0.1159,317.0000
E9,maze,5291,25,50,30,673,0,swarm,manhattan,4,3,433,317,317.0000,318,7,true,0.1122,317.0000
E9,maze,5291,25,50,30,673,0,convergent_swarm,manhattan,4,3,433,317,317.0000,318,7,true,0.1117,317.0000
E9,maze,5291,25,50,30,673,0,swarm,manhattan,4,5,406,317,317.0000,318,9,true,0.1086,317.0000
E9,maze,5291,25,50,30,673,0,convergent_swarm,manhattan,4,5,406,317,317.0000,318,9,true,0.1078,317.0000
E9,maze,5291,25,50,30,673,0,swarm,manhattan,4,7,373,317,317.0000,318,11,true,0.1024,317.0000
E9,maze,5291,25,50,30,673,0,convergent_swarm,manhattan,4,7,373,317,317.0000,318,11,true,0.1009,317.0000
E9,maze,5291,25,50,30,673,0,swarm,manhattan,4,10,371,317,317.0000,318,11,true,0.0995,317.0000
E9,maze,5291,25,50,30,673,0,convergent_swarm,manhattan,4,10,371,317,317.0000,318,11,true,0.0996,317.0000
E9,maze,5291,25,50,30,673,0,bfs,manhattan,4,,523,317,317.0000,318,5,true,0.1177,317.0000
E9,maze,5291,25,50,30,673,0,dijkstra,manhattan,4,,522,317,317.0000,318,5,true,0.1453,317.0000
E9,maze,5291,25,50,30,673,0,a_star,manhattan,4,,464,317,317.0000,318,5,true,0.1217,317.0000
E9,maze,5291,25,50,30,673,0,greedy,manhattan,4,,363,317,317.0000,318,14,true,0.1002,317.0000
E10,unsolvable,42,10,20,15,34,0,bfs,manhattan,4,,1,,,,1,false,0.0007,
E10,unsolvable,42,10,20,15,34,0,dfs,manhattan,4,,1,,,,1,false,0.0006,
E10,unsolvable,42,10,20,15,34,0,dijkstra,manhattan,4,,1,,,,1,false,0.0004,
E10,unsolvable,42,10,20,15,34,0,a_star,manhattan,4,,1,,,,1,false,0.0002,
E10,unsolvable,42,10,20,15,34,0,greedy,manhattan,4,,1,,,,1,false,0.0002,
E10,unsolvable,42,10,20,15,34,0,swarm,manhattan,4,,1,,,,1,false,0.0003,
E10,unsolvable,42,10,20,15,34,0,convergent_swarm,manhattan,4,,1,,,,1,false,0.0003,
E10,unsolvable,42,10,20,15,34,0,zero_one_bfs,manhattan,4,,1,,,,1,false,0.0005,
E10,unsolvable,137,10,20,15,38,0,bfs,manhattan,4,,1,,,,1,false,0.0004,
E10,unsolvable,137,10,20,15,38,0,dfs,manhattan,4,,1,,,,1,false,0.0003,
E10,unsolvable,137,10,20,15,38,0,dijkstra,manhattan,4,,1,,,,1,false,0.0003,
E10,unsolvable,137,10,20,15,38,0,a_star,manhattan,4,,1,,,,1,false,0.0003,
E10,unsolvable,137,10,20,15,38,0,greedy,manhattan,4,,1,,,,1,false,0.0002,
E10,unsolvable,137,10,20,15,38,0,swarm,manhattan,4,,1,,,,1,false,0.0003,
E10,unsolvable,137,10,20,15,38,0,convergent_swarm,manhattan,4,,1,,,,1,false,0.0002,
E10,unsolvable,137,10,20,15,38,0,zero_one_bfs,manhattan,4,,1,,,,1,false,0.0003,
E10,unsolvable,256,10,20,15,27,0,bfs,manhattan,4,,1,,,,1,false,0.0002,
E10,unsolvable,256,10,20,15,27,0,dfs,manhattan,4,,1,,,,1,false,0.0002,
E10,unsolvable,256,10,20,15,27,0,dijkstra,manhattan,4,,1,,,,1,false,0.0002,
E10,unsolvable,256,10,20,15,27,0,a_star,manhattan,4,,1,,,,1,false,0.0003,
E10,unsolvable,256,10,20,15,27,0,greedy,manhattan,4,,1,,,,1,false,0.0002,
E10,unsolvable,256,10,20,15,27,0,swarm,manhattan,4,,1,,,,1,false,0.0003,
E10,unsolvable,256,10,20,15,27,0,convergent_swarm,manhattan,4,,1,,,,1,false,0.0003,
E10,unsolvable,256,10,20,15,27,0,zero_one_bfs,manhattan,4,,1,,,,1,false,0.0002,
E10,unsolvable,1049,10,20,15,36,0,bfs,manhattan,4,,1,,,,1,false,0.0002,
E10,unsolvable,1049,10,20,15,36,0,dfs,manhattan,4,,1,,,,1,false,0.0002,
E10,unsolvable,1049,10,20,15,36,0,dijkstra,manhattan,4,,1,,,,1,false,0.0002,
E10,unsolvable,1049,10,20,15,36,0,a_star,manhattan,4,,1,,,,1,false,0.0002,
E10,unsolvable,1049,10,20,15,36,0,greedy,manhattan,4,,1,,,,1,false,0.0003,
E10,unsolvable,1049,10,20,15,36,0,swarm,manhattan,4,,1,,,,1,false,0.0002,
E10,unsolvable,1049,10,20,15,36,0,convergent_swarm,manhattan,4,,1,,,,1,false,0.0003,
E10,unsolvable,1049,10,20,15,36,0,zero_one_bfs,manhattan,4,,1,,,,1,false,0.0002,
E10,unsolvable,1144,10,20,15,46,0,bfs,manhattan,4,,1,,,,1,false,0.0003,
E10,unsolvable,1144,10,20,15,46,0,dfs,manhattan,4,,1,,,,1,false,0.0003,
E10,unsolvable,1144,10,20,15,46,0,dijkstra,manhattan,4,,1,,,,1,false,0.0002,
E10,unsolvable,1144,10,20,15,46,0,a_star,manhattan,4,,1,,,,1,false,0.0005,
E10,unsolvable,1144,10,20,15,46,0,greedy,manhattan,4,,1,,,,1,false,0.0002,
E10,unsolvable,1144,10,20,15,46,0,swarm,manhattan,4,,1,,,,1,false,0.0002,
E10,unsolvable,1144,10,20,15,46,0,convergent_swarm,manhattan,4,,1,,,,1,false,0.0003,
E10,unsolvable,1144,10,20,15,46,0,zero_one_bfs,manhattan,4,,1,,,,1,false,0.0003,
E10,unsolvable,1263,10,20,15,43,0,bfs,manhattan,4,,1,,,,1,false,0.0003,
E10,unsolvable,1263,10,20,15,43,0,dfs,manhattan,4,,1,,,,1,false,0.0003,
E10,unsolvable,1263,10,20,15,43,0,dijkstra,manhattan,4,,1,,,,1,false,0.0002,
E10,unsolvable,1263,10,20,15,43,0,a_star,manhattan,4,,1,,,,1,false,0.0002,
E10,unsolvable,1263,10,20,15,43,0,greedy,manhattan,4,,1,,,,1,false,0.0003,
E10,unsolvable,1263,10,20,15,43,0,swarm,manhattan,4,,1,,,,1,false,0.0002,
E10,unsolvable,1263,10,20,15,43,0,convergent_swarm,manhattan,4,,1,,,,1,false,0.0003,
E10,unsolvable,1263,10,20,15,43,0,zero_one_bfs,manhattan,4,,1,,,,1,false,0.0002,
E10,unsolvable,2056,10,20,15,36,0,bfs,manhattan,4,,1,,,,1,false,0.0002,
E10,unsolvable,2056,10,20,15,36,0,dfs,manhattan,4,,1,,,,1,false,0.0002,
E10,unsolvable,2056,10,20,15,36,0,dijkstra,manhattan,4,,1,,,,1,false,0.0002,
E10,unsolvable,2056,10,20,15,36,0,a_star,manhattan,4,,1,,,,1,false,0.0003,
E10,unsolvable,2056,10,20,15,36,0,greedy,manhattan,4,,1,,,,1,false,0.0002,
E10,unsolvable,2056,10,20,15,36,0,swarm,manhattan,4,,1,,,,1,false,0.0002,
E10,unsolvable,2056,10,20,15,36,0,convergent_swarm,manhattan,4,,1,,,,1,false,0.0002,
E10,unsolvable,2056,10,20,15,36,0,zero_one_bfs,manhattan,4,,1,,,,1,false,0.0002,
E10,unsolvable,2151,10,20,15,34,0,bfs,manhattan,4,,1,,,,1,false,0.0002,
E10,unsolvable,2151,10,20,15,34,0,dfs,manhattan,4,,1,,,,1,false,0.0003,
E10,unsolvable,2151,10,20,15,34,0,dijkstra,manhattan,4,,1,,,,1,false,0.0003,
E10,unsolvable,2151,10,20,15,34,0,a_star,manhattan,4,,1,,,,1,false,0.0002,
E10,unsolvable,2151,10,20,15,34,0,greedy,manhattan,4,,1,,,,1,false,0.0003,
E10,unsolvable,2151,10,20,15,34,0,swarm,manhattan,4,,1,,,,1,false,0.0002,
E10,unsolvable,2151,10,20,15,34,0,convergent_swarm,manhattan,4,,1,,,,1,false,0.0003,
E10,unsolvable,2151,10,20,15,34,0,zero_one_bfs,manhattan,4,,1,,,,1,false,0.0002,
E10,unsolvable,2270,10,20,15,36,0,bfs,manhattan,4,,1,,,,1,false,0.0002,
E10,unsolvable,2270,10,20,15,36,0,dfs,manhattan,4,,1,,,,1,false,0.0002,
E10,unsolvable,2270,10,20,15,36,0,dijkstra,manhattan,4,,1,,,,1,false,0.0002,
E10,unsolvable,2270,10,20,15,36,0,a_star,manhattan,4,,1,,,,1,false,0.0003,
E10,unsolvable,2270,10,20,15,36,0,greedy,manhattan,4,,1,,,,1,false,0.0002,
E10,unsolvable,2270,10,20,15,36,0,swarm,manhattan,4,,1,,,,1,false,0.0003,
E10,unsolvable,2270,10,20,15,36,0,convergent_swarm,manhattan,4,,1,,,,1,false,0.0002,
E10,unsolvable,2270,10,20,15,36,0,zero_one_bfs,manhattan,4,,1,,,,1,false,0.0002,
E10,unsolvable,3063,10,20,15,38,0,bfs,manhattan,4,,1,,,,1,false,0.0003,
E10,unsolvable,3063,10,20,15,38,0,dfs,manhattan,4,,1,,,,1,false,0.0002,
E10,unsolvable,3063,10,20,15,38,0,dijkstra,manhattan,4,,1,,,,1,false,0.0003,
E10,unsolvable,3063,10,20,15,38,0,a_star,manhattan,4,,1,,,,1,false,0.0003,
E10,unsolvable,3063,10,20,15,38,0,greedy,manhattan,4,,1,,,,1,false,0.0003,
E10,unsolvable,3063,10,20,15,38,0,swarm,manhattan,4,,1,,,,1,false,0.0002,
E10,unsolvable,3063,10,20,15,38,0,convergent_swarm,manhattan,4,,1,,,,1,false,0.0003,
E10,unsolvable,3063,10,20,15,38,0,zero_one_bfs,manhattan,4,,1,,,,1,false,0.0003,
E10,unsolvable,3158,10,20,15,33,0,bfs,manhattan,4,,1,,,,1,false,0.0004,
E10,unsolvable,3158,10,20,15,33,0,dfs,manhattan,4,,1,,,,1,false,0.0002,
E10,unsolvable,3158,10,20,15,33,0,dijkstra,manhattan,4,,1,,,,1,false,0.0003,
E10,unsolvable,3158,10,20,15,33,0,a_star,manhattan,4,,1,,,,1,false,0.0002,
E10,unsolvable,3158,10,20,15,33,0,greedy,manhattan,4,,1,,,,1,false,0.0003,
E10,unsolvable,3158,10,20,15,33,0,swarm,manhattan,4,,1,,,,1,false,0.0002,
E10,unsolvable,3158,10,20,15,33,0,convergent_swarm,manhattan,4,,1,,,,1,false,0.0002,
E10,unsolvable,3158,10,20,15,33,0,zero_one_bfs,manhattan,4,,1,,,,1,false,0.0003,
E10,unsolvable,3277,10,20,15,29,0,bfs,manhattan,4,,1,,,,1,false,0.0002,
E10,unsolvable,3277,10,20,15,29,0,dfs,manhattan,4,,1,,,,1,false,0.0002,
E10,unsolvable,3277,10,20,15,29,0,dijkstra,manhattan,4,,1,,,,1,false,0.0003,
E10,unsolvable,3277,10,20,15,29,0,a_star,manhattan,4,,1,,,,1,false,0.0003,
E10,unsolvable,3277,10,20,15,29,0,greedy,manhattan,4,,1,,,,1,false,0.0002,
E10,unsolvable,3277,10,20,15,29,0,swarm,manhattan,4,,1,,,,1,false,0.0003,
E10,unsolvable,3277,10,20,15,29,0,convergent_swarm,manhattan,4,,1,,,,1,false,0.0003,
E10,unsolvable,3277,10,20,15,29,0,zero_one_bfs,manhattan,4,,1,,,,1,false,0.0003,
E10,unsolvable,4070,10,20,15,38,0,bfs,manhattan,4,,1,,,,1,false,0.0003,
E10,unsolvable,4070,10,20,15,38,0,dfs,manhattan,4,,1,,,,1,false,0.0002,
E10,unsolvable,4070,10,20,15,38,0,dijkstra,manhattan,4,,1,,,,1,false,0.0003,
E10,unsolvable,4070,10,20,15,38,0,a_star,manhattan,4,,1,,,,1,false,0.0002,
E10,unsolvable,4070,10,20,15,38,0,greedy,manhattan,4,,1,,,,1,false,0.0002,
E10,unsolvable,4070,10,20,15,38,0,swarm,manhattan,4,,1,,,,1,false,0.0002,
E10,unsolvable,4070,10,20,15,38,0,convergent_swarm,manhattan,4,,1,,,,1,false,0.0003,
E10,unsolvable,4070,10,20,15,38,0,zero_one_bfs,manhattan,4,,1,,,,1,false,0.0002,
E10,unsolvable,4165,10,20,15,33,0,bfs,manhattan,4,,1,,,,1,false,0.0003,
E10,unsolvable,4165,10,20,15,33,0,dfs,manhattan,4,,1,,,,1,false,0.0002,
E10,unsolvable,4165,10,20,15,33,0,dijkstra,manhattan,4,,1,,,,1,false,0.0002,
E10,unsolvable,4165,10,20,15,33,0,a_star,manhattan,4,,1,,,,1,false,0.0002,
E10,unsolvable,4165,10,20,15,33,0,greedy,manhattan,4,,1,,,,1,false,0.0004,
E10,unsolvable,4165,10,20,15,33,0,swarm,manhattan,4,,1,,,,1,false,0.0002,
E10,unsolvable,4165,10,20,15,33,0,convergent_swarm,manhattan,4,,1,,,,1,false,0.0002,
E10,unsolvable,4165,10,20,15,33,0,zero_one_bfs,manhattan,4,,1,,,,1,false,0.0003,
E10,unsolvable,4284,10,20,15,37,0,bfs,manhattan,4,,1,,,,1,false,0.0002,
E10,unsolvable,4284,10,20,15,37,0,dfs,manhattan,4,,1,,,,1,false,0.0002,
E10,unsolvable,4284,10,20,15,37,0,dijkstra,manhattan,4,,1,,,,1,false,0.0003,
E10,unsolvable,4284,10,20,15,37,0,a_star,manhattan,4,,1,,,,1,false,0.0003,
E10,unsolvable,4284,10,20,15,37,0,greedy,manhattan,4,,1,,,,1,false,0.0003,
E10,unsolvable,4284,10,20,15,37,0,swarm,manhattan,4,,1,,,,1,false,0.0002,
E10,unsolvable,4284,10,20,15,37,0,convergent_swarm,manhattan,4,,1,,,,1,false,0.0003,
E10,unsolvable,4284,10,20,15,37,0,zero_one_bfs,manhattan,4,,1,,,,1,false,0.0002,
E10,unsolvable,5077,10,20,15,40,0,bfs,manhattan,4,,1,,,,1,false,0.0002,
E10,unsolvable,5077,10,20,15,40,0,dfs,manhattan,4,,1,,,,1,false,0.0002,
E10,unsolvable,5077,10,20,15,40,0,dijkstra,manhattan,4,,1,,,,1,false,0.0003,
E10,unsolvable,5077,10,20,15,40,0,a_star,manhattan,4,,1,,,,1,false,0.0002,
E10,unsolvable,5077,10,20,15,40,0,greedy,manhattan,4,,1,,,,1,false,0.0003,
E10,unsolvable,5077,10,20,15,40,0,swarm,manhattan,4,,1,,,,1,false,0.0002,
E10,unsolvable,5077,10,20,15,40,0,convergent_swarm,manhattan,4,,1,,,,1,false,0.0003,
E10,unsolvable,5077,10,20,15,40,0,zero_one_bfs,manhattan,4,,1,,,,1,false,0.0003,
E10,unsolvable,5172,10,20,15,31,0,bfs,manhattan,4,,1,,,,1,false,0.0002,
E10,unsolvable,5172,10,20,15,31,0,dfs,manhattan,4,,1,,,,1,false,0.0002,
E10,unsolvable,5172,10,20,15,31,0,dijkstra,manhattan,4,,1,,,,1,false,0.0003,
E10,unsolvable,5172,10,20,15,31,0,a_star,manhattan,4,,1,,,,1,false,0.0002,
E10,unsolvable,5172,10,20,15,31,0,greedy,manhattan,4,,1,,,,1,false,0.0003,
E10,unsolvable,5172,10,20,15,31,0,swarm,manhattan,4,,1,,,,1,false,0.0002,
E10,unsolvable,5172,10,20,15,31,0,convergent_swarm,manhattan,4,,1,,,,1,false,0.0003,
E10,unsolvable,5172,10,20,15,31,0,zero_one_bfs,manhattan,4,,1,,,,1,false,0.0003,
E10,unsolvable,5291,10,20,15,37,0,bfs,manhattan,4,,1,,,,1,false,0.0002,
E10,unsolvable,5291,10,20,15,37,0,dfs,manhattan,4,,1,,,,1,false,0.0003,
E10,unsolvable,5291,10,20,15,37,0,dijkstra,manhattan,4,,1,,,,1,false,0.0002,
E10,unsolvable,5291,10,20,15,37,0,a_star,manhattan,4,,1,,,,1,false,0.0005,
E10,unsolvable,5291,10,20,15,37,0,greedy,manhattan,4,,1,,,,1,false,0.0003,
E10,unsolvable,5291,10,20,15,37,0,swarm,manhattan,4,,1,,,,1,false,0.0003,
E10,unsolvable,5291,10,20,15,37,0,convergent_swarm,manhattan,4,,1,,,,1,false,0.0002,
E10,unsolvable,5291,10,20,15,37,0,zero_one_bfs,manhattan,4,,1,,,,1,false,0.0003,
E10,unsolvable,42,25,50,15,173,0,bfs,manhattan,4,,1,,,,1,false,0.0003,
E10,unsolvable,42,25,50,15,173,0,dfs,manhattan,4,,1,,,,1,false,0.0003,
E10,unsolvable,42,25,50,15,173,0,dijkstra,manhattan,4,,1,,,,1,false,0.0002,
E10,unsolvable,42,25,50,15,173,0,a_star,manhattan,4,,1,,,,1,false,0.0002,
E10,unsolvable,42,25,50,15,173,0,greedy,manhattan,4,,1,,,,1,false,0.0003,
E10,unsolvable,42,25,50,15,173,0,swarm,manhattan,4,,1,,,,1,false,0.0003,
E10,unsolvable,42,25,50,15,173,0,convergent_swarm,manhattan,4,,1,,,,1,false,0.0002,
E10,unsolvable,42,25,50,15,173,0,zero_one_bfs,manhattan,4,,1,,,,1,false,0.0003,
E10,unsolvable,137,25,50,15,203,0,bfs,manhattan,4,,1,,,,1,false,0.0003,
E10,unsolvable,137,25,50,15,203,0,dfs,manhattan,4,,1,,,,1,false,0.0002,
E10,unsolvable,137,25,50,15,203,0,dijkstra,manhattan,4,,1,,,,1,false,0.0002,
E10,unsolvable,137,25,50,15,203,0,a_star,manhattan,4,,1,,,,1,false,0.0003,
E10,unsolvable,137,25,50,15,203,0,greedy,manhattan,4,,1,,,,1,false,0.0003,
E10,unsolvable,137,25,50,15,203,0,swarm,manhattan,4,,1,,,,1,false,0.0002,
E10,unsolvable,137,25,50,15,203,0,convergent_swarm,manhattan,4,,1,,,,1,false,0.0003,
E10,unsolvable,137,25,50,15,203,0,zero_one_bfs,manhattan,4,,1,,,,1,false,0.0003,
E10,unsolvable,256,25,50,15,176,0,bfs,manhattan,4,,1,,,,1,false,0.0002,
E10,unsolvable,256,25,50,15,176,0,dfs,manhattan,4,,1,,,,1,false,0.0002,
E10,unsolvable,256,25,50,15,176,0,dijkstra,manhattan,4,,1,,,,1,false,0.0003,
E10,unsolvable,256,25,50,15,176,0,a_star,manhattan,4,,1,,,,1,false,0.0002,
E10,unsolvable,256,25,50,15,176,0,greedy,manhattan,4,,1,,,,1,false,0.0002,
E10,unsolvable,256,25,50,15,176,0,swarm,manhattan,4,,1,,,,1,false,0.0003,
E10,unsolvable,256,25,50,15,176,0,convergent_swarm,manhattan,4,,1,,,,1,false,0.0002,
E10,unsolvable,256,25,50,15,176,0,zero_one_bfs,manhattan,4,,1,,,,1,false,0.0003,
E10,unsolvable,1049,25,50,15,164,0,bfs,manhattan,4,,1,,,,1,false,0.0004,
E10,unsolvable,1049,25,50,15,164,0,dfs,manhattan,4,,1,,,,1,false,0.0003,
E10,unsolvable,1049,25,50,15,164,0,dijkstra,manhattan,4,,1,,,,1,false,0.0002,
E10,unsolvable,1049,25,50,15,164,0,a_star,manhattan,4,,1,,,,1,false,0.0003,
E10,unsolvable,1049,25,50,15,164,0,greedy,manhattan,4,,1,,,,1,false,0.0002,
E10,unsolvable,1049,25,50,15,164,0,swarm,manhattan,4,,1,,,,1,false,0.0002,
E10,unsolvable,1049,25,50,15,164,0,convergent_swarm,manhattan,4,,1,,,,1,false,0.0003,
E10,unsolvable,1049,25,50,15,164,0,zero_one_bfs,manhattan,4,,1,,,,1,false,0.0002,
E10,unsolvable,1144,25,50,15,208,0,bfs,manhattan,4,,1,,,,1,false,0.0003,
E10,unsolvable,1144,25,50,15,208,0,dfs,manhattan,4,,1,,,,1,false,0.0002,
E10,unsolvable,1144,25,50,15,208,0,dijkstra,manhattan,4,,1,,,,1,false,0.0002,
E10,unsolvable,1144,25,50,15,208,0,a_star,manhattan,4,,1,,,,1,false,0.0003,
E10,unsolvable,1144,25,50,15,208,0,greedy,manhattan,4,,1,,,,1,false,0.0002,
E10,unsolvable,1144,25,50,15,208,0,swarm,manhattan,4,,1,,,,1,false,0.0003,
E10,unsolvable,1144,25,50,15,208,0,convergent_swarm,manhattan,4,,1,,,,1,false,0.0004,
E10,unsolvable,1144,25,50,15,208,0,zero_one_bfs,manhattan,4,,1,,,,1,false,0.0002,
E10,unsolvable,1263,25,50,15,202,0,bfs,manhattan,4,,1,,,,1,false,0.0002,
E10,unsolvable,1263,25,50,15,202,0,dfs,manhattan,4,,1,,,,1,false,0.0002,
E10,unsolvable,1263,25,50,15,202,0,dijkstra,manhattan,4,,1,,,,1,false,0.0002,
E10,unsolvable,1263,25,50,15,202,0,a_star,manhattan,4,,1,,,,1,false,0.0002,
E10,unsolvable,1263,25,50,15,202,0,greedy,manhattan,4,,1,,,,1,false,0.0002,
E10,unsolvable,1263,25,50,15,202,0,swarm,manhattan,4,,1,,,,1,false,0.0002,
E10,unsolvable,1263,25,50,15,202,0,convergent_swarm,manhattan,4,,1,,,,1,false,0.0003,
E10,unsolvable,1263,25,50,15,202,0,zero_one_bfs,manhattan,4,,1,,,,1,false,0.0003,
E10,unsolvable,2056,25,50,15,206,0,bfs,manhattan,4,,1,,,,1,false,0.0003,
E10,unsolvable,2056,25,50,15,206,0,dfs,manhattan,4,,1,,,,1,false,0.0002,
E10,unsolvable,2056,25,50,15,206,0,dijkstra,manhattan,4,,1,,,,1,false,0.0003,
E10,unsolvable,2056,25,50,15,206,0,a_star,manhattan,4,,1,,,,1,false,0.0003,
E10,unsolvable,2056,25,50,15,206,0,greedy,manhattan,4,,1,,,,1,false,0.0002,
E10,unsolvable,2056,25,50,15,206,0,swarm,manhattan,4,,1,,,,1,false,0.0003,
E10,unsolvable,2056,25,50,15,206,0,convergent_swarm,manhattan,4,,1,,,,1,false,0.0002,
E10,unsolvable,2056,25,50,15,206,0,zero_one_bfs,manhattan,4,,1,,,,1,false,0.0002,
E10,unsolvable,2151,25,50,15,202,0,bfs,manhattan,4,,1,,,,1,false,0.0006,
E10,unsolvable,2151,25,50,15,202,0,dfs,manhattan,4,,1,,,,1,false,0.0005,
E10,unsolvable,2151,25,50,15,202,0,dijkstra,manhattan,4,,1,,,,1,false,0.0004,
E10,unsolvable,2151,25,50,15,202,0,a_star,manhattan,4,,1,,,,1,false,0.0004,
E10,unsolvable,2151,25,50,15,202,0,greedy,manhattan,4,,1,,,,1,false,0.0003,
E10,unsolvable,2151,25,50,15,202,0,swarm,manhattan,4,,1,,,,1,false,0.0002,
E10,unsolvable,2151,25,50,15,202,0,convergent_swarm,manhattan,4,,1,,,,1,false,0.0003,
E10,unsolvable,2151,25,50,15,202,0,zero_one_bfs,manhattan,4,,1,,,,1,false,0.0003,
E10,unsolvable,2270,25,50,15,198,0,bfs,manhattan,4,,1,,,,1,false,0.0003,
E10,unsolvable,2270,25,50,15,198,0,dfs,manhattan,4,,1,,,,1,false,0.0002,
E10,unsolvable,2270,25,50,15,198,0,dijkstra,manhattan,4,,1,,,,1,false,0.0002,
E10,unsolvable,2270,25,50,15,198,0,a_star,manhattan,4,,1,,,,1,false,0.0002,
E10,unsolvable,2270,25,50,15,198,0,greedy,manhattan,4,,1,,,,1,false,0.0002,
E10,unsolvable,2270,25,50,15,198,0,swarm,manhattan,4,,1,,,,1,false,0.0002,
E10,unsolvable,2270,25,50,15,198,0,convergent_swarm,manhattan,4,,1,,,,1,false,0.0003,
E10,unsolvable,2270,25,50,15,198,0,zero_one_bfs,manhattan,4,,1,,,,1,false,0.0002,
E10,unsolvable,3063,25,50,15,196,0,bfs,manhattan,4,,1,,,,1,false,0.0003,
E10,unsolvable,3063,25,50,15,196,0,dfs,manhattan,4,,1,,,,1,false,0.0003,
E10,unsolvable,3063,25,50,15,196,0,dijkstra,manhattan,4,,1,,,,1,false,0.0003,
E10,unsolvable,3063,25,50,15,196,0,a_star,manhattan,4,,1,,,,1,false,0.0003,
E10,unsolvable,3063,25,50,15,196,0,greedy,manhattan,4,,1,,,,1,false,0.0002,
E10,unsolvable,3063,25,50,15,196,0,swarm,manhattan,4,,1,,,,1,false,0.0003,
E10,unsolvable,3063,25,50,15,196,0,convergent_swarm,manhattan,4,,1,,,,1,false,0.0003,
E10,unsolvable,3063,25,50,15,196,0,zero_one_bfs,manhattan,4,,1,,,,1,false,0.0003,
E10,unsolvable,3158,25,50,15,190,0,bfs,manhattan,4,,1,,,,1,false,0.0003,
E10,unsolvable,3158,25,50,15,190,0,dfs,manhattan,4,,1,,,,1,false,0.0005,
E10,unsolvable,3158,25,50,15,190,0,dijkstra,manhattan,4,,1,,,,1,false,0.0003,
E10,unsolvable,3158,25,50,15,190,0,a_star,manhattan,4,,1,,,,1,false,0.0003,
E10,unsolvable,3158,25,50,15,190,0,greedy,manhattan,4,,1,,,,1,false,0.0003,
E10,unsolvable,3158,25,50,15,190,0,swarm,manhattan,4,,1,,,,1,false,0.0002,
E10,unsolvable,3158,25,50,15,190,0,convergent_swarm,manhattan,4,,1,,,,1,false,0.0002,
E10,unsolvable,3158,25,50,15,190,0,zero_one_bfs,manhattan,4,,1,,,,1,false,0.0003,
E10,unsolvable,3277,25,50,15,193,0,bfs,manhattan,4,,1,,,,1,false,0.0002,
E10,unsolvable,3277,25,50,15,193,0,dfs,manhattan,4,,1,,,,1,false,0.0002,
E10,unsolvable,3277,25,50,15,193,0,dijkstra,manhattan,4,,1,,,,1,false,0.0002,
E10,unsolvable,3277,25,50,15,193,0,a_star,manhattan,4,,1,,,,1,false,0.0002,
E10,unsolvable,3277,25,50,15,193,0,greedy,manhattan,4,,1,,,,1,false,0.0002,
E10,unsolvable,3277,25,50,15,193,0,swarm,manhattan,4,,1,,,,1,false,0.0003,
E10,unsolvable,3277,25,50,15,193,0,convergent_swarm,manhattan,4,,1,,,,1,false,0.0002,
E10,unsolvable,3277,25,50,15,193,0,zero_one_bfs,manhattan,4,,1,,,,1,false,0.0003,
E10,unsolvable,4070,25,50,15,205,0,bfs,manhattan,4,,1,,,,1,false,0.0003,
E10,unsolvable,4070,25,50,15,205,0,dfs,manhattan,4,,1,,,,1,false,0.0002,
E10,unsolvable,4070,25,50,15,205,0,dijkstra,manhattan,4,,1,,,,1,false,0.0002,
E10,unsolvable,4070,25,50,15,205,0,a_star,manhattan,4,,1,,,,1,false,0.0003,
E10,unsolvable,4070,25,50,15,205,0,greedy,manhattan,4,,1,,,,1,false,0.0002,
E10,unsolvable,4070,25,50,15,205,0,swarm,manhattan,4,,1,,,,1,false,0.0003,
E10,unsolvable,4070,25,50,15,205,0,convergent_swarm,manhattan,4,,1,,,,1,false,0.0002,
E10,unsolvable,4070,25,50,15,205,0,zero_one_bfs,manhattan,4,,1,,,,1,false,0.0002,
E10,unsolvable,4165,25,50,15,186,0,bfs,manhattan,4,,1,,,,1,false,0.0004,
E10,unsolvable,4165,25,50,15,186,0,dfs,manhattan,4,,1,,,,1,false,0.0003,
E10,unsolvable,4165,25,50,15,186,0,dijkstra,manhattan,4,,1,,,,1,false,0.0002,
E10,unsolvable,4165,25,50,15,186,0,a_star,manhattan,4,,1,,,,1,false,0.0003,
E10,unsolvable,4165,25,50,15,186,0,greedy,manhattan,4,,1,,,,1,false,0.0003,
E10,unsolvable,4165,25,50,15,186,0,swarm,manhattan,4,,1,,,,1,false,0.0002,
E10,unsolvable,4165,25,50,15,186,0,convergent_swarm,manhattan,4,,1,,,,1,false,0.0002,
E10,unsolvable,4165,25,50,15,186,0,zero_one_bfs,manhattan,4,,1,,,,1,false,0.0004,
E10,unsolvable,4284,25,50,15,203,0,bfs,manhattan,4,,1,,,,1,false,0.0003,
E10,unsolvable,4284,25,50,15,203,0,dfs,manhattan,4,,1,,,,1,false,0.0002,
E10,unsolvable,4284,25,50,15,203,0,dijkstra,manhattan,4,,1,,,,1,false,0.0003,
E10,unsolvable,4284,25,50,15,203,0,a_star,manhattan,4,,1,,,,1,false,0.0002,
E10,unsolvable,4284,25,50,15,203,0,greedy,manhattan,4,,1,,,,1,false,0.0002,
E10,unsolvable,4284,25,50,15,203,0,swarm,manhattan,4,,1,,,,1,false,0.0004,
E10,unsolvable,4284,25,50,15,203,0,convergent_swarm,manhattan,4,,1,,,,1,false,0.0002,
E10,unsolvable,4284,25,50,15,203,0,zero_one_bfs,manhattan,4,,1,,,,1,false,0.0003,
E10,unsolvable,5077,25,50,15,183,0,bfs,manhattan,4,,1,,,,1,false,0.0003,
E10,unsolvable,5077,25,50,15,183,0,dfs,manhattan,4,,1,,,,1,false,0.0003,
E10,unsolvable,5077,25,50,15,183,0,dijkstra,manhattan,4,,1,,,,1,false,0.0002,
E10,unsolvable,5077,25,50,15,183,0,a_star,manhattan,4,,1,,,,1,false,0.0002,
E10,unsolvable,5077,25,50,15,183,0,greedy,manhattan,4,,1,,,,1,false,0.0002,
E10,unsolvable,5077,25,50,15,183,0,swarm,manhattan,4,,1,,,,1,false,0.0002,
E10,unsolvable,5077,25,50,15,183,0,convergent_swarm,manhattan,4,,1,,,,1,false,0.0002,
E10,unsolvable,5077,25,50,15,183,0,zero_one_bfs,manhattan,4,,1,,,,1,false,0.0002,
E10,unsolvable,5172,25,50,15,190,0,bfs,manhattan,4,,1,,,,1,false,0.0002,
E10,unsolvable,5172,25,50,15,190,0,dfs,manhattan,4,,1,,,,1,false,0.0002,
E10,unsolvable,5172,25,50,15,190,0,dijkstra,manhattan,4,,1,,,,1,false,0.0002,
E10,unsolvable,5172,25,50,15,190,0,a_star,manhattan,4,,1,,,,1,false,0.0002,
E10,unsolvable,5172,25,50,15,190,0,greedy,manhattan,4,,1,,,,1,false,0.0002,
E10,unsolvable,5172,25,50,15,190,0,swarm,manhattan,4,,1,,,,1,false,0.0002,
E10,unsolvable,5172,25,50,15,190,0,convergent_swarm,manhattan,4,,1,,,,1,false,0.0003,
E10,unsolvable,5172,25,50,15,190,0,zero_one_bfs,manhattan,4,,1,,,,1,false,0.0002,
E10,unsolvable,5291,25,50,15,188,0,bfs,manhattan,4,,1,,,,1,false,0.0002,
E10,unsolvable,5291,25,50,15,188,0,dfs,manhattan,4,,1,,,,1,false,0.0002,
E10,unsolvable,5291,25,50,15,188,0,dijkstra,manhattan,4,,1,,,,1,false,0.0003,
E10,unsolvable,5291,25,50,15,188,0,a_star,manhattan,4,,1,,,,1,false,0.0002,
E10,unsolvable,5291,25,50,15,188,0,greedy,manhattan,4,,1,,,,1,false,0.0003,
E10,unsolvable,5291,25,50,15,188,0,swarm,manhattan,4,,1,,,,1,false,0.0002,
E10,unsolvable,5291,25,50,15,188,0,convergent_swarm,manhattan,4,,1,,,,1,false,0.0003,
E10,unsolvable,5291,25,50,15,188,0,zero_one_bfs,manhattan,4,,1,,,,1,false,0.0003,
E10,unsolvable,42,50,100,15,742,0,bfs,manhattan,4,,1,,,,1,false,0.0003,
E10,unsolvable,42,50,100,15,742,0,dfs,manhattan,4,,1,,,,1,false,0.0003,
E10,unsolvable,42,50,100,15,742,0,dijkstra,manhattan,4,,1,,,,1,false,0.0003,
E10,unsolvable,42,50,100,15,742,0,a_star,manhattan,4,,1,,,,1,false,0.0002,
E10,unsolvable,42,50,100,15,742,0,greedy,manhattan,4,,1,,,,1,false,0.0002,
E10,unsolvable,42,50,100,15,742,0,swarm,manhattan,4,,1,,,,1,false,0.0003,
E10,unsolvable,42,50,100,15,742,0,convergent_swarm,manhattan,4,,1,,,,1,false,0.0003,
E10,unsolvable,42,50,100,15,742,0,zero_one_bfs,manhattan,4,,1,,,,1,false,0.0003,
E10,unsolvable,137,50,100,15,763,0,bfs,manhattan,4,,1,,,,1,false,0.0004,
E10,unsolvable,137,50,100,15,763,0,dfs,manhattan,4,,1,,,,1,false,0.0002,
E10,unsolvable,137,50,100,15,763,0,dijkstra,manhattan,4,,1,,,,1,false,0.0002,
E10,unsolvable,137,50,100,15,763,0,a_star,manhattan,4,,1,,,,1,false,0.0002,
E10,unsolvable,137,50,100,15,763,0,greedy,manhattan,4,,1,,,,1,false,0.0002,
E10,unsolvable,137,50,100,15,763,0,swarm,manhattan,4,,1,,,,1,false,0.0003,
E10,unsolvable,137,50,100,15,763,0,convergent_swarm,manhattan,4,,1,,,,1,false,0.0003,
E10,unsolvable,137,50,100,15,763,0,zero_one_bfs,manhattan,4,,1,,,,1,false,0.0003,
E10,unsolvable,256,50,100,15,763,0,bfs,manhattan,4,,1,,,,1,false,0.0003,
E10,unsolvable,256,50,100,15,763,0,dfs,manhattan,4,,1,,,,1,false,0.0002,
E10,unsolvable,256,50,100,15,763,0,dijkstra,manhattan,4,,1,,,,1,false,0.0003,
E10,unsolvable,256,50,100,15,763,0,a_star,manhattan,4,,1,,,,1,false,0.0003,
E10,unsolvable,256,50,100,15,763,0,greedy,manhattan,4,,1,,,,1,false,0.0003,
E10,unsolvable,256,50,100,15,763,0,swarm,manhattan,4,,1,,,,1,false,0.0003,
E10,unsolvable,256,50,100,15,763,0,convergent_swarm,manhattan,4,,1,,,,1,false,0.0002,
E10,unsolvable,256,50,100,15,763,0,zero_one_bfs,manhattan,4,,1,,,,1,false,0.0003,
E10,unsolvable,1049,50,100,15,722,0,bfs,manhattan,4,,1,,,,1,false,0.0003,
E10,unsolvable,1049,50,100,15,722,0,dfs,manhattan,4,,1,,,,1,false,0.0003,
E10,unsolvable,1049,50,100,15,722,0,dijkstra,manhattan,4,,1,,,,1,false,0.0003,
E10,unsolvable,1049,50,100,15,722,0,a_star,manhattan,4,,1,,,,1,false,0.0002,
E10,unsolvable,1049,50,100,15,722,0,greedy,manhattan,4,,1,,,,1,false,0.0002,
E10,unsolvable,1049,50,100,15,722,0,swarm,manhattan,4,,1,,,,1,false,0.0003,
E10,unsolvable,1049,50,100,15,722,0,convergent_swarm,manhattan,4,,1,,,,1,false,0.0002,
E10,unsolvable,1049,50,100,15,722,0,zero_one_bfs,manhattan,4,,1,,,,1,false,0.0003,
E10,unsolvable,1144,50,100,15,763,0,bfs,manhattan,4,,1,,,,1,false,0.0005,
E10,unsolvable,1144,50,100,15,763,0,dfs,manhattan,4,,1,,,,1,false,0.0002,
E10,unsolvable,1144,50,100,15,763,0,dijkstra,manhattan,4,,1,,,,1,false,0.0003,
E10,unsolvable,1144,50,100,15,763,0,a_star,manhattan,4,,1,,,,1,false,0.0003,
E10,unsolvable,1144,50,100,15,763,0,greedy,manhattan,4,,1,,,,1,false,0.0002,
E10,unsolvable,1144,50,100,15,763,0,swarm,manhattan,4,,1,,,,1,false,0.0003,
E10,unsolvable,1144,50,100,15,763,0,convergent_swarm,manhattan,4,,1,,,,1,false,0.0003,
E10,unsolvable,1144,50,100,15,763,0,zero_one_bfs,manhattan,4,,1,,,,1,false,0.0003,
E10,unsolvable,1263,50,100,15,785,0,bfs,manhattan,4,,1,,,,1,false,0.0004,
E10,unsolvable,1263,50,100,15,785,0,dfs,manhattan,4,,1,,,,1,false,0.0002,
E10,unsolvable,1263,50,100,15,785,0,dijkstra,manhattan,4,,1,,,,1,false,0.0002,
E10,unsolvable,1263,50,100,15,785,0,a_star,manhattan,4,,1,,,,1,false,0.0002,
E10,unsolvable,1263,50,100,15,785,0,greedy,manhattan,4,,1,,,,1,false,0.0003,
E10,unsolvable,1263,50,100,15,785,0,swarm,manhattan,4,,1,,,,1,false,0.0002,
E10,unsolvable,1263,50,100,15,785,0,convergent_swarm,manhattan,4,,1,,,,1,false,0.0002,
E10,unsolvable,1263,50,100,15,785,0,zero_one_bfs,manhattan,4,,1,,,,1,false,0.0003,
E10,unsolvable,2056,50,100,15,757,0,bfs,manhattan,4,,1,,,,1,false,0.0003,
E10,unsolvable,2056,50,100,15,757,0,dfs,manhattan,4,,1,,,,1,false,0.0003,
E10,unsolvable,2056,50,100,15,757,0,dijkstra,manhattan,4,,1,,,,1,false,0.0003,
E10,unsolvable,2056,50,100,15,757,0,a_star,manhattan,4,,1,,,,1,false,0.0003,
E10,unsolvable,2056,50,100,15,757,0,greedy,manhattan,4,,1,,,,1,false,0.0003,
E10,unsolvable,2056,50,100,15,757,0,swarm,manhattan,4,,1,,,,1,false,0.0002,
E10,unsolvable,2056,50,100,15,757,0,convergent_swarm,manhattan,4,,1,,,,1,false,0.0003,
E10,unsolvable,2056,50,100,15,757,0,zero_one_bfs,manhattan,4,,1,,,,1,false,0.0003,
E10,unsolvable,2151,50,100,15,758,0,bfs,manhattan,4,,1,,,,1,false,0.0003,
E10,unsolvable,2151,50,100,15,758,0,dfs,manhattan,4,,1,,,,1,false,0.0003,
E10,unsolvable,2151,50,100,15,758,0,dijkstra,manhattan,4,,1,,,,1,false,0.0003,
E10,unsolvable,2151,50,100,15,758,0,a_star,manhattan,4,,1,,,,1,false,0.0003,
E10,unsolvable,2151,50,100,15,758,0,greedy,manhattan,4,,1,,,,1,false,0.0003,
E10,unsolvable,2151,50,100,15,758,0,swarm,manhattan,4,,1,,,,1,false,0.0002,
E10,unsolvable,2151,50,100,15,758,0,convergent_swarm,manhattan,4,,1,,,,1,false,0.0002,
E10,unsolvable,2151,50,100,15,758,0,zero_one_bfs,manhattan,4,,1,,,,1,false,0.0003,
E10,unsolvable,2270,50,100,15,739,0,bfs,manhattan,4,,1,,,,1,false,0.0003,
E10,unsolvable,2270,50,100,15,739,0,dfs,manhattan,4,,1,,,,1,false,0.0003,
E10,unsolvable,2270,50,100,15,739,0,dijkstra,manhattan,4,,1,,,,1,false,0.0002,
E10,unsolvable,2270,50,100,15,739,0,a_star,manhattan,4,,1,,,,1,false,0.0003,
E10,unsolvable,2270,50,100,15,739,0,greedy,manhattan,4,,1,,,,1,false,0.0002,
E10,unsolvable,2270,50,100,15,739,0,swarm,manhattan,4,,1,,,,1,false,0.0003,
E10,unsolvable,2270,50,100,15,739,0,convergent_swarm,manhattan,4,,1,,,,1,false,0.0002,
E10,unsolvable,2270,50,100,15,739,0,zero_one_bfs,manhattan,4,,1,,,,1,false,0.0003,
E10,unsolvable,3063,50,100,15,763,0,bfs,manhattan,4,,1,,,,1,false,0.0003,
E10,unsolvable,3063,50,100,15,763,0,dfs,manhattan,4,,1,,,,1,false,0.0003,
E10,unsolvable,3063,50,100,15,763,0,dijkstra,manhattan,4,,1,,,,1,false,0.0002,
E10,unsolvable,3063,50,100,15,763,0,a_star,manhattan,4,,1,,,,1,false,0.0002,
E10,unsolvable,3063,50,100,15,763,0,greedy,manhattan,4,,1,,,,1,false,0.0003,
E10,unsolvable,3063,50,100,15,763,0,swarm,manhattan,4,,1,,,,1,false,0.0002,
E10,unsolvable,3063,50,100,15,763,0,convergent_swarm,manhattan,4,,1,,,,1,false,0.0002,
E10,unsolvable,3063,50,100,15,763,0,zero_one_bfs,manhattan,4,,1,,,,1,false,0.0003,
E10,unsolvable,3158,50,100,15,761,0,bfs,manhattan,4,,1,,,,1,false,0.0005,
E10,unsolvable,3158,50,100,15,761,0,dfs,manhattan,4,,1,,,,1,false,0.0002,
E10,unsolvable,3158,50,100,15,761,0,dijkstra,manhattan,4,,1,,,,1,false,0.0003,
E10,unsolvable,3158,50,100,15,761,0,a_star,manhattan,4,,1,,,,1,false,0.0003,
E10,unsolvable,3158,50,100,15,761,0,greedy,manhattan,4,,1,,,,1,false,0.0002,
E10,unsolvable,3158,50,100,15,761,0,swarm,manhattan,4,,1,,,,1,false,0.0003,
E10,unsolvable,3158,50,100,15,761,0,convergent_swarm,manhattan,4,,1,,,,1,false,0.0002,
E10,unsolvable,3158,50,100,15,761,0,zero_one_bfs,manhattan,4,,1,,,,1,false,0.0003,
E10,unsolvable,3277,50,100,15,752,0,bfs,manhattan,4,,1,,,,1,false,0.0003,
E10,unsolvable,3277,50,100,15,752,0,dfs,manhattan,4,,1,,,,1,false,0.0003,
E10,unsolvable,3277,50,100,15,752,0,dijkstra,manhattan,4,,1,,,,1,false,0.0003,
E10,unsolvable,3277,50,100,15,752,0,a_star,manhattan,4,,1,,,,1,false,0.0003,
E10,unsolvable,3277,50,100,15,752,0,greedy,manhattan,4,,1,,,,1,false,0.0002,
E10,unsolvable,3277,50,100,15,752,0,swarm,manhattan,4,,1,,,,1,false,0.0003,
E10,unsolvable,3277,50,100,15,752,0,convergent_swarm,manhattan,4,,1,,,,1,false,0.0002,
E10,unsolvable,3277,50,100,15,752,0,zero_one_bfs,manhattan,4,,1,,,,1,false,0.0003,
E10,unsolvable,4070,50,100,15,758,0,bfs,manhattan,4,,1,,,,1,false,0.0003,
E10,unsolvable,4070,50,100,15,758,0,dfs,manhattan,4,,1,,,,1,false,0.0003,
E10,unsolvable,4070,50,100,15,758,0,dijkstra,manhattan,4,,1,,,,1,false,0.0002,
E10,unsolvable,4070,50,100,15,758,0,a_star,manhattan,4,,1,,,,1,false,0.0002,
E10,unsolvable,4070,50,100,15,758,0,greedy,manhattan,4,,1,,,,1,false,0.0003,
E10,unsolvable,4070,50,100,15,758,0,swarm,manhattan,4,,1,,,,1,false,0.0002,
E10,unsolvable,4070,50,100,15,758,0,convergent_swarm,manhattan,4,,1,,,,1,false,0.0003,
E10,unsolvable,4070,50,100,15,758,0,zero_one_bfs,manhattan,4,,1,,,,1,false,0.0003,
E10,unsolvable,4165,50,100,15,746,0,bfs,manhattan,4,,1,,,,1,false,0.0003,
E10,unsolvable,4165,50,100,15,746,0,dfs,manhattan,4,,1,,,,1,false,0.0003,
E10,unsolvable,4165,50,100,15,746,0,dijkstra,manhattan,4,,1,,,,1,false,0.0003,
E10,unsolvable,4165,50,100,15,746,0,a_star,manhattan,4,,1,,,,1,false,0.0002,
E10,unsolvable,4165,50,100,15,746,0,greedy,manhattan,4,,1,,,,1,false,0.0003,
E10,unsolvable,4165,50,100,15,746,0,swarm,manhattan,4,,1,,,,1,false,0.0003,
E10,unsolvable,4165,50,100,15,746,0,convergent_swarm,manhattan,4,,1,,,,1,false,0.0002,
E10,unsolvable,4165,50,100,15,746,0,zero_one_bfs,manhattan,4,,1,,,,1,false,0.0003,
E10,unsolvable,4284,50,100,15,741,0,bfs,manhattan,4,,1,,,,1,false,0.0005,
E10,unsolvable,4284,50,100,15,741,0,dfs,manhattan,4,,1,,,,1,false,0.0004,
E10,unsolvable,4284,50,100,15,741,0,dijkstra,manhattan,4,,1,,,,1,false,0.0004,
E10,unsolvable,4284,50,100,15,741,0,a_star,manhattan,4,,1,,,,1,false,0.0002,
E10,unsolvable,4284,50,100,15,741,0,greedy,manhattan,4,,1,,,,1,false,0.0003,
E10,unsolvable,4284,50,100,15,741,0,swarm,manhattan,4,,1,,,,1,false,0.0003,
E10,unsolvable,4284,50,100,15,741,0,convergent_swarm,manhattan,4,,1,,,,1,false,0.0003,
E10,unsolvable,4284,50,100,15,741,0,zero_one_bfs,manhattan,4,,1,,,,1,false,0.0005,
E10,unsolvable,5077,50,100,15,737,0,bfs,manhattan,4,,1,,,,1,false,0.0006,
E10,unsolvable,5077,50,100,15,737,0,dfs,manhattan,4,,1,,,,1,false,0.0003,
E10,unsolvable,5077,50,100,15,737,0,dijkstra,manhattan,4,,1,,,,1,false,0.0002,
E10,unsolvable,5077,50,100,15,737,0,a_star,manhattan,4,,1,,,,1,false,0.0002,
E10,unsolvable,5077,50,100,15,737,0,greedy,manhattan,4,,1,,,,1,false,0.0003,
E10,unsolvable,5077,50,100,15,737,0,swarm,manhattan,4,,1,,,,1,false,0.0010,
E10,unsolvable,5077,50,100,15,737,0,convergent_swarm,manhattan,4,,1,,,,1,false,0.0003,
E10,unsolvable,5077,50,100,15,737,0,zero_one_bfs,manhattan,4,,1,,,,1,false,0.0003,
E10,unsolvable,5172,50,100,15,756,0,bfs,manhattan,4,,1,,,,1,false,0.0005,
E10,unsolvable,5172,50,100,15,756,0,dfs,manhattan,4,,1,,,,1,false,0.0002,
E10,unsolvable,5172,50,100,15,756,0,dijkstra,manhattan,4,,1,,,,1,false,0.0003,
E10,unsolvable,5172,50,100,15,756,0,a_star,manhattan,4,,1,,,,1,false,0.0004,
E10,unsolvable,5172,50,100,15,756,0,greedy,manhattan,4,,1,,,,1,false,0.0002,
E10,unsolvable,5172,50,100,15,756,0,swarm,manhattan,4,,1,,,,1,false,0.0002,
E10,unsolvable,5172,50,100,15,756,0,convergent_swarm,manhattan,4,,1,,,,1,false,0.0002,
E10,unsolvable,5172,50,100,15,756,0,zero_one_bfs,manhattan,4,,1,,,,1,false,0.0003,
E10,unsolvable,5291,50,100,15,744,0,bfs,manhattan,4,,1,,,,1,false,0.0003,
E10,unsolvable,5291,50,100,15,744,0,dfs,manhattan,4,,1,,,,1,false,0.0003,
E10,unsolvable,5291,50,100,15,744,0,dijkstra,manhattan,4,,1,,,,1,false,0.0004,
E10,unsolvable,5291,50,100,15,744,0,a_star,manhattan,4,,1,,,,1,false,0.0003,
E10,unsolvable,5291,50,100,15,744,0,greedy,manhattan,4,,1,,,,1,false,0.0002,
E10,unsolvable,5291,50,100,15,744,0,swarm,manhattan,4,,1,,,,1,false,0.0002,
E10,unsolvable,5291,50,100,15,744,0,convergent_swarm,manhattan,4,,1,,,,1,false,0.0002,
E10,unsolvable,5291,50,100,15,744,0,zero_one_bfs,manhattan,4,,1,,,,1,false,0.0003,